{"BTCUSDT":{"ts":1779622023.6548193,"regime":"POSITIVE","dgrp":39.780307269430075,"conf":96.0},"ETHUSDT":{"ts":1779622023.6548316,"regime":"FLIP ZONE","dgrp":35.888244215716156,"conf":96.0},"HYPEUSDT":{"ts":1779622023.6548383,"regime":"FLIP ZONE","dgrp":42.66747272075566,"conf":96.0},"SOLUSDT":{"ts":1779622023.6548495,"regime":"FLIP ZONE","dgrp":41.12795841319013,"conf":96.0},"ZECUSDT":{"ts":1779622023.654856,"regime":"FLIP ZONE","dgrp":37.810879266146756,"conf":96.0},"NEARUSDT":{"ts":1779622023.6548634,"regime":"FLIP ZONE","dgrp":44.43065360951594,"conf":81.55555555555556},"BSBUSDT":{"ts":1779622023.654871,"regime":"FLIP ZONE","dgrp":57.4990840151928,"conf":96.0},"XRPUSDT":{"ts":1779622023.6548777,"regime":"FLIP ZONE","dgrp":46.72240920387155,"conf":92.07692307692307},"DOGEUSDT":{"ts":1779622023.6548846,"regime":"FLIP ZONE","dgrp":35.18125258150828,"conf":96.0},"BEATUSDT":{"ts":1779622023.6548908,"regime":"FLIP ZONE","dgrp":51.38809535169539,"conf":96.0},"SUIUSDT":{"ts":1779622023.6548972,"regime":"FLIP ZONE","dgrp":35.14595929344932,"conf":96.0},"BNBUSDT":{"ts":1779622023.6549041,"regime":"FLIP ZONE","dgrp":34.48600718551091,"conf":96.0},"INUSDT":{"ts":1779622023.6549106,"regime":"FLIP ZONE","dgrp":66.16012502520229,"conf":96.0},"GRASSUSDT":{"ts":1779622023.6549168,"regime":"FLIP ZONE","dgrp":35.065979171493986,"conf":87.66666666666666},"ONDOUSDT":{"ts":1779622023.654924,"regime":"FLIP ZONE","dgrp":44.650517578559054,"conf":96.0},"GMTUSDT":{"ts":1779622023.6549304,"regime":"FLIP ZONE","dgrp":60.68940011529918,"conf":86.11764705882354},"BILLUSDT":{"ts":1779622044.4200425,"regime":"FLIP ZONE","dgrp":41.386697649369026,"conf":90.72222222222223},"1000PEPEUSDT":{"ts":1779622044.4200625,"regime":"FLIP ZONE","dgrp":44.61738579360993,"conf":96.0},"TAOUSDT":{"ts":1779622044.4200726,"regime":"FLIP ZONE","dgrp":34.29871605823435,"conf":80.61538461538461},"WLDUSDT":{"ts":1779622044.420081,"regime":"FLIP ZONE","dgrp":47.99624176467179,"conf":81.5},"GENIUSUSDT":{"ts":1779622044.4200902,"regime":"FLIP ZONE","dgrp":42.509919908110916,"conf":84.84615384615384},"EDENUSDT":{"ts":1779622044.4200983,"regime":"FLIP ZONE","dgrp":54.55031736945348,"conf":92.25},"ADAUSDT":{"ts":1779622044.4201078,"regime":"FLIP ZONE","dgrp":30.354293362930058,"conf":95.0},"LINKUSDT":{"ts":1779622044.420117,"regime":"FLIP ZONE","dgrp":39.67848211165018,"conf":96.0},"TONUSDT":{"ts":1779622044.4201252,"regime":"FLIP ZONE","dgrp":48.84071565234782,"conf":93.77777777777777},"AVAXUSDT":{"ts":1779622044.420133,"regime":"FLIP ZONE","dgrp":34.29084657217329,"conf":96.0},"VVVUSDT":{"ts":1779622044.420141,"regime":"FLIP ZONE","dgrp":51.54433580685844,"conf":86.35714285714286},"INJUSDT":{"ts":1779622044.4201484,"regime":"FLIP ZONE","dgrp":45.182699038312,"conf":86.35714285714286},"AGTUSDT":{"ts":1779622044.4201565,"regime":"FLIP ZONE","dgrp":41.49223700512576,"conf":96.0},"FIDAUSDT":{"ts":1779622044.4201639,"regime":"FLIP ZONE","dgrp":60.053827793288654,"conf":96.0},"FILUSDT":{"ts":1779622044.4201722,"regime":"FLIP ZONE","dgrp":44.094301852664074,"conf":87.84615384615384},"ASTERUSDT":{"ts":1779622044.420181,"regime":"FLIP ZONE","dgrp":37.9422339327185,"conf":96.0},"DOTUSDT":{"ts":1779622044.4201894,"regime":"FLIP ZONE","dgrp":43.23005105042924,"conf":84.9375},"ENAUSDT":{"ts":1779622044.4201977,"regime":"FLIP ZONE","dgrp":37.71825207680374,"conf":96.0},"BCHUSDT":{"ts":1779622044.4202046,"regime":"FLIP ZONE","dgrp":63.50893391285048,"conf":96.0},"UBUSDT":{"ts":1779622044.4202135,"regime":"FLIP ZONE","dgrp":56.38024559812899,"conf":95.25},"PLUMEUSDT":{"ts":1779622044.4202209,"regime":"FLIP ZONE","dgrp":48.41089507958126,"conf":90.28571428571428},"LITUSDT":{"ts":1779622044.4202294,"regime":"FLIP ZONE","dgrp":50.66302087902301,"conf":96.0},"PLAYUSDT":{"ts":1779622044.4202363,"regime":"FLIP ZONE","dgrp":59.2517668667119,"conf":96.0},"SUPERUSDT":{"ts":1779622044.420244,"regime":"FLIP ZONE","dgrp":71.35677536116867,"conf":92.75},"LABUSDT":{"ts":1779622044.4202514,"regime":"FLIP ZONE","dgrp":43.39438419874028,"conf":84.0},"MEUSDT":{"ts":1779622044.4202602,"regime":"FLIP ZONE","dgrp":71.14928848804254,"conf":96.0},"DASHUSDT":{"ts":1779622044.420267,"regime":"FLIP ZONE","dgrp":37.018514322430654,"conf":96.0},"NILUSDT":{"ts":1779622044.4202733,"regime":"FLIP ZONE","dgrp":58.14051898105254,"conf":96.0},"AAVEUSDT":{"ts":1779622002.7589629,"regime":"FLIP ZONE","dgrp":39.62866080456471,"conf":96.0},"PENGUUSDT":{"ts":1779622002.7589703,"regime":"FLIP ZONE","dgrp":42.303917397694825,"conf":96.0},"UNIUSDT":{"ts":1779622002.7589777,"regime":"FLIP ZONE","dgrp":37.177128078786865,"conf":78.5},"PUMPUSDT":{"ts":1779622002.7589853,"regime":"FLIP ZONE","dgrp":38.65528848232009,"conf":96.0},"COSUSDT":{"ts":1779622002.7589927,"regime":"FLIP ZONE","dgrp":67.12598656769472,"conf":96.0},"LTCUSDT":{"ts":1779622002.7590003,"regime":"FLIP ZONE","dgrp":37.93281551829568,"conf":96.0},"CHZUSDT":{"ts":1779622002.759008,"regime":"FLIP ZONE","dgrp":44.63142570950144,"conf":90.72222222222223},"FETUSDT":{"ts":1779622002.7590153,"regime":"FLIP ZONE","dgrp":45.500740135181815,"conf":80.61538461538461},"HANAUSDT":{"ts":1779622002.7590222,"regime":"FLIP ZONE","dgrp":50.04545083181287,"conf":92.25},"TRUMPUSDT":{"ts":1779622002.7590287,"regime":"FLIP ZONE","dgrp":42.018972107536364,"conf":79.94736842105263},"PHAROSUSDT":{"ts":1779622002.7590363,"regime":"FLIP ZONE","dgrp":47.215627023427494,"conf":93.77777777777777},"MYXUSDT":{"ts":1779622002.7590432,"regime":"FLIP ZONE","dgrp":34.04794783493361,"conf":81.55555555555556},"PAXGUSDT":{"ts":1779622002.75905,"regime":"FLIP ZONE","dgrp":51.995896513677295,"conf":87.66666666666666},"RENDERUSDT":{"ts":1779622002.7590575,"regime":"FLIP ZONE","dgrp":37.92728730517429,"conf":96.0},"TRXUSDT":{"ts":1779622002.7590632,"regime":"FLIP ZONE","dgrp":46.72758825836749,"conf":96.0},"BANUSDT":{"ts":1779622002.7590702,"regime":"FLIP ZONE","dgrp":42.165187566735376,"conf":87.84615384615384},"FARTCOINUSDT":{"ts":1779622002.759076,"regime":"FLIP ZONE","dgrp":39.94061973488363,"conf":96.0},"BLUAIUSDT":{"ts":1779622002.7590828,"regime":"FLIP ZONE","dgrp":47.30702469907752,"conf":96.0},"GUAUSDT":{"ts":1779622002.7590902,"regime":"FLIP ZONE","dgrp":49.52960068351018,"conf":96.0},"VIRTUALUSDT":{"ts":1779622002.7590964,"regime":"FLIP ZONE","dgrp":47.08524863951604,"conf":87.66666666666666},"EIGENUSDT":{"ts":1779622002.7591028,"regime":"FLIP ZONE","dgrp":33.56577565979023,"conf":86.35714285714286},"AIGENSYNUSDT":{"ts":1779622002.7591093,"regime":"FLIP ZONE","dgrp":40.53608043590183,"conf":89.07692307692307},"TIAUSDT":{"ts":1779622002.7591162,"regime":"FLIP ZONE","dgrp":43.73214741889358,"conf":84.0},"ALTUSDT":{"ts":1779622002.7591228,"regime":"FLIP ZONE","dgrp":57.927475067440376,"conf":88.8125},"1000SHIBUSDT":{"ts":1779622023.6546888,"regime":"FLIP ZONE","dgrp":39.0582468643507,"conf":96.0},"ICPUSDT":{"ts":1779622023.6547277,"regime":"FLIP ZONE","dgrp":40.269123392073844,"conf":84.0},"ARBUSDT":{"ts":1779622023.6547375,"regime":"FLIP ZONE","dgrp":44.57839684293788,"conf":96.0},"JTOUSDT":{"ts":1779622023.6547449,"regime":"FLIP ZONE","dgrp":42.352377087141434,"conf":87.66666666666666},"PROVEUSDT":{"ts":1779622023.6547523,"regime":"FLIP ZONE","dgrp":38.53597756938939,"conf":96.0},"APTUSDT":{"ts":1779622023.6547604,"regime":"FLIP ZONE","dgrp":42.02445741175751,"conf":84.0},"SKYAIUSDT":{"ts":1779622023.654768,"regime":"FLIP ZONE","dgrp":47.519198285476534,"conf":96.0},"XPLUSDT":{"ts":1779622023.6547751,"regime":"FLIP ZONE","dgrp":31.514556264094576,"conf":96.0},"RAVEUSDT":{"ts":1779622023.6547816,"regime":"FLIP ZONE","dgrp":31.0152122596095,"conf":96.0},"XLMUSDT":{"ts":1779622023.654789,"regime":"FLIP ZONE","dgrp":34.409564942283765,"conf":95.0},"WLFIUSDT":{"ts":1779622023.6547964,"regime":"FLIP ZONE","dgrp":42.414676442029126,"conf":96.0},"HBARUSDT":{"ts":1779622023.6548028,"regime":"FLIP ZONE","dgrp":42.93471145909173,"conf":86.0}}