{"BTCUSDT":{"ts":1778761756.7608795,"regime":"FLIP ZONE","dgrp":40.717693480966496,"conf":88.0}}