{"BTCUSDT":{"ts":1778384348.6584728,"regime":"POSITIVE","dgrp":39.297973503921014,"conf":96.0}}