{"BTCUSDT":{"ts":1777710675.2882369,"regime":"POSITIVE","dgrp":44.95824902603982,"conf":96.0},"ETHUSDT":{"ts":1777710675.288249,"regime":"POSITIVE","dgrp":36.9182247101055,"conf":96.0},"LABUSDT":{"ts":1777710675.2882576,"regime":"FLIP ZONE","dgrp":60.73454525743614,"conf":89.5},"SOLUSDT":{"ts":1777710675.288269,"regime":"FLIP ZONE","dgrp":45.16347745339677,"conf":84.0},"UBUSDT":{"ts":1777710675.2882764,"regime":"FLIP ZONE","dgrp":42.64825956823402,"conf":96.0},"ZECUSDT":{"ts":1777710696.1246622,"regime":"FLIP ZONE","dgrp":44.5470455233799,"conf":92.07692307692307},"BUSDT":{"ts":1777710696.1246738,"regime":"FLIP ZONE","dgrp":50.98025190345023,"conf":91.33333333333333},"DOGEUSDT":{"ts":1777710696.1246815,"regime":"FLIP ZONE","dgrp":44.47968587997048,"conf":96.0},"SKYAIUSDT":{"ts":1777710696.1246877,"regime":"FLIP ZONE","dgrp":33.576728652233726,"conf":81.0},"XRPUSDT":{"ts":1777710696.1246932,"regime":"FLIP ZONE","dgrp":43.71198482065836,"conf":78.5},"HYPEUSDT":{"ts":1777710696.1246984,"regime":"FLIP ZONE","dgrp":46.66501849745823,"conf":96.0},"ZEREBROUSDT":{"ts":1777710696.1247103,"regime":"FLIP ZONE","dgrp":47.38384166518515,"conf":86.35294117647058},"BRUSDT":{"ts":1777710696.124717,"regime":"FLIP ZONE","dgrp":50.59388204297743,"conf":87.66666666666666},"ORCAUSDT":{"ts":1777710696.1247241,"regime":"FLIP ZONE","dgrp":55.41588052515904,"conf":96.0},"TAOUSDT":{"ts":1777710696.12473,"regime":"FLIP ZONE","dgrp":35.524039590875205,"conf":80.61538461538461},"1000PEPEUSDT":{"ts":1777710696.1247363,"regime":"FLIP ZONE","dgrp":48.16557647126682,"conf":96.0},"NFPUSDT":{"ts":1777710696.1247416,"regime":"FLIP ZONE","dgrp":69.95049683752964,"conf":96.0},"BNBUSDT":{"ts":1777710696.1247466,"regime":"FLIP ZONE","dgrp":43.79331807224171,"conf":81.0},"BIOUSDT":{"ts":1777710696.1247525,"regime":"FLIP ZONE","dgrp":53.26761911754536,"conf":96.0},"BSBUSDT":{"ts":1777710696.124759,"regime":"FLIP ZONE","dgrp":52.48561822460958,"conf":84.9375},"WLFIUSDT":{"ts":1777710696.1247652,"regime":"FLIP ZONE","dgrp":35.483691314028796,"conf":81.0},"ADAUSDT":{"ts":1777710696.124771,"regime":"FLIP ZONE","dgrp":48.59948145473073,"conf":89.07692307692307},"MEGAUSDT":{"ts":1777710696.1247766,"regime":"FLIP ZONE","dgrp":41.46896749787304,"conf":91.0},"NAORISUSDT":{"ts":1777710696.1247826,"regime":"FLIP ZONE","dgrp":47.34283568515974,"conf":81.9375},"ZBTUSDT":{"ts":1777710696.1247888,"regime":"FLIP ZONE","dgrp":50.07610358765986,"conf":96.0},"PENDLEUSDT":{"ts":1777710696.1247945,"regime":"FLIP ZONE","dgrp":49.09159813058256,"conf":95.25},"APEUSDT":{"ts":1777710696.1248002,"regime":"FLIP ZONE","dgrp":44.55679585579453,"conf":84.0},"CHIPUSDT":{"ts":1777710696.124806,"regime":"FLIP ZONE","dgrp":39.87307502749877,"conf":96.0},"PENGUUSDT":{"ts":1777710696.1248112,"regime":"FLIP ZONE","dgrp":41.62009317062574,"conf":87.66666666666666},"PAXGUSDT":{"ts":1777710696.1248171,"regime":"FLIP ZONE","dgrp":42.27626118990933,"conf":96.0},"SUIUSDT":{"ts":1777710633.5382085,"regime":"FLIP ZONE","dgrp":49.6645420176733,"conf":92.25},"TRUMPUSDT":{"ts":1777710633.5382144,"regime":"FLIP ZONE","dgrp":48.350049047315395,"conf":87.66666666666666},"AIOTUSDT":{"ts":1777710633.5382195,"regime":"FLIP ZONE","dgrp":48.08730470657912,"conf":88.8125},"AVAXUSDT":{"ts":1777710633.5382245,"regime":"FLIP ZONE","dgrp":42.134816818635315,"conf":96.0},"RAVEUSDT":{"ts":1777710633.53823,"regime":"FLIP ZONE","dgrp":41.38162570405478,"conf":96.0},"LINKUSDT":{"ts":1777710654.3436017,"regime":"FLIP ZONE","dgrp":46.55132415858563,"conf":96.0},"KNCUSDT":{"ts":1777710654.3436165,"regime":"FLIP ZONE","dgrp":83.59300159286133,"conf":96.0},"TAGUSDT":{"ts":1777710654.3436267,"regime":"FLIP ZONE","dgrp":46.54204486219744,"conf":83.5},"WLDUSDT":{"ts":1777710654.343636,"regime":"FLIP ZONE","dgrp":52.71496056386901,"conf":78.5},"DOTUSDT":{"ts":1777710654.3436444,"regime":"FLIP ZONE","dgrp":42.59526684317095,"conf":89.35714285714286},"ENAUSDT":{"ts":1777710654.3436532,"regime":"FLIP ZONE","dgrp":52.75736768788927,"conf":96.0},"AIGENSYNUSDT":{"ts":1777710654.3436627,"regime":"FLIP ZONE","dgrp":43.525049845354886,"conf":96.0},"AAVEUSDT":{"ts":1777710654.3436725,"regime":"FLIP ZONE","dgrp":44.00526713790949,"conf":96.0},"1000LUNCUSDT":{"ts":1777710654.3436816,"regime":"FLIP ZONE","dgrp":45.776418973226725,"conf":96.0},"BCHUSDT":{"ts":1777710654.3436904,"regime":"FLIP ZONE","dgrp":41.84576575319754,"conf":84.0},"FILUSDT":{"ts":1777710654.3436995,"regime":"FLIP ZONE","dgrp":38.656943601745276,"conf":96.0},"NEARUSDT":{"ts":1777710654.343707,"regime":"FLIP ZONE","dgrp":39.638587416846704,"conf":86.0},"DASHUSDT":{"ts":1777710654.3437228,"regime":"FLIP ZONE","dgrp":44.31152109953945,"conf":87.66666666666666},"APTUSDT":{"ts":1777710654.3437328,"regime":"FLIP ZONE","dgrp":50.31334387041061,"conf":96.0},"WIFUSDT":{"ts":1777710654.3437417,"regime":"FLIP ZONE","dgrp":46.730861588095294,"conf":96.0},"LTCUSDT":{"ts":1777710654.3437493,"regime":"FLIP ZONE","dgrp":48.05647904718439,"conf":96.0},"PUMPUSDT":{"ts":1777710654.3437572,"regime":"FLIP ZONE","dgrp":42.42963636538841,"conf":86.0},"ORDIUSDT":{"ts":1777710654.343766,"regime":"FLIP ZONE","dgrp":37.8473510480593,"conf":86.0},"1000SHIBUSDT":{"ts":1777710654.3437743,"regime":"FLIP ZONE","dgrp":50.66428547388796,"conf":96.0},"币安人生USDT":{"ts":1777710654.3437858,"regime":"FLIP ZONE","dgrp":44.42025392314618,"conf":86.0},"HUSDT":{"ts":1777710654.3437953,"regime":"FLIP ZONE","dgrp":43.942419750255034,"conf":86.35714285714286},"TACUSDT":{"ts":1777710654.3438041,"regime":"FLIP ZONE","dgrp":57.380107457829006,"conf":87.66666666666666},"TRBUSDT":{"ts":1777710654.3438132,"regime":"FLIP ZONE","dgrp":48.34450498295435,"conf":96.0},"RIVERUSDT":{"ts":1777710654.3438203,"regime":"FLIP ZONE","dgrp":51.24974716206848,"conf":90.72222222222223},"GUAUSDT":{"ts":1777710654.3438437,"regime":"FLIP ZONE","dgrp":64.57004992842124,"conf":96.0},"ZENUSDT":{"ts":1777710675.2880514,"regime":"FLIP ZONE","dgrp":42.04457885243571,"conf":96.0},"TRXUSDT":{"ts":1777710675.2880664,"regime":"FLIP ZONE","dgrp":40.29144073325554,"conf":96.0},"GENIUSUSDT":{"ts":1777710675.2880754,"regime":"FLIP ZONE","dgrp":47.07454716025822,"conf":96.0},"DRIFTUSDT":{"ts":1777710675.2880836,"regime":"FLIP ZONE","dgrp":38.20601786287469,"conf":96.0},"AXLUSDT":{"ts":1777710675.2880926,"regime":"FLIP ZONE","dgrp":36.40425452447571,"conf":96.0},"KATUSDT":{"ts":1777710675.288101,"regime":"FLIP ZONE","dgrp":41.22014432184132,"conf":96.0},"UNIUSDT":{"ts":1777710675.28811,"regime":"FLIP ZONE","dgrp":43.35413626103336,"conf":78.5},"BASUSDT":{"ts":1777710675.2881188,"regime":"FLIP ZONE","dgrp":56.482185828584555,"conf":95.25},"FARTCOINUSDT":{"ts":1777710675.2881265,"regime":"FLIP ZONE","dgrp":44.08134750025746,"conf":87.66666666666666},"ASTERUSDT":{"ts":1777710675.2881355,"regime":"FLIP ZONE","dgrp":40.50647087616835,"conf":96.0},"ONUSDT":{"ts":1777710675.2881439,"regime":"FLIP ZONE","dgrp":43.707630640815395,"conf":96.0},"XMRUSDT":{"ts":1777710675.2881517,"regime":"FLIP ZONE","dgrp":36.195627679341904,"conf":91.0},"KAVAUSDT":{"ts":1777710675.2881594,"regime":"FLIP ZONE","dgrp":70.00021679437585,"conf":94.8125},"INJUSDT":{"ts":1777710675.2881677,"regime":"FLIP ZONE","dgrp":48.09313666713804,"conf":81.9375},"OPENUSDT":{"ts":1777710675.288176,"regime":"FLIP ZONE","dgrp":45.46905242619903,"conf":86.08333333333334},"MUSDT":{"ts":1777710675.2881844,"regime":"FLIP ZONE","dgrp":50.13666998197794,"conf":96.0},"SIRENUSDT":{"ts":1777710675.2881925,"regime":"FLIP ZONE","dgrp":46.41561479729847,"conf":96.0},"PRLUSDT":{"ts":1777710675.2882,"regime":"FLIP ZONE","dgrp":33.40566205617703,"conf":89.82352941176471},"OPGUSDT":{"ts":1777710675.2882075,"regime":"FLIP ZONE","dgrp":47.44126479987449,"conf":84.84615384615384},"MANTRAUSDT":{"ts":1777710675.2882154,"regime":"FLIP ZONE","dgrp":61.395257226738714,"conf":96.0}}