{"BTCUSDT":{"ts":1779621041.3968859,"regime":"POSITIVE","dgrp":42.99657802226861,"conf":96.0}}