{"AVNTUSDT":{"wins":2,"losses":0,"pnl_pct":4.575910191878725,"last_trade":1780219113.4845607},"AVAXUSDT":{"wins":3,"losses":2,"pnl_pct":0.11526334638104352,"last_trade":1780287132.5923789},"MOVRUSDT":{"wins":1,"losses":0,"pnl_pct":5.067250115154304,"last_trade":1776565913.896251},"WLFIUSDT":{"wins":0,"losses":10,"pnl_pct":-14.172910793467787,"last_trade":1777773397.300834},"HYPEUSDT":{"wins":1,"losses":3,"pnl_pct":-1.0146125695270096,"last_trade":1776574945.990179},"PNUTUSDT":{"wins":1,"losses":1,"pnl_pct":0.18556514946369607,"last_trade":1776672349.2900875},"MUSDT":{"wins":6,"losses":3,"pnl_pct":11.872838513408944,"last_trade":1777801890.160765},"DOTUSDT":{"wins":0,"losses":4,"pnl_pct":-6.7355688375969605,"last_trade":1780287025.050413},"APTUSDT":{"wins":0,"losses":8,"pnl_pct":-17.14047568129658,"last_trade":1780287132.6658878},"PENGUUSDT":{"wins":5,"losses":12,"pnl_pct":-3.28513902397789,"last_trade":1777838531.3181674},"ARBUSDT":{"wins":1,"losses":13,"pnl_pct":-20.338186541796023,"last_trade":1780198112.1414154},"ADAUSDT":{"wins":1,"losses":6,"pnl_pct":-3.0665307045502543,"last_trade":1780287132.4962587},"WIFUSDT":{"wins":1,"losses":3,"pnl_pct":-2.2860155016630377,"last_trade":1778204341.080013},"ENAUSDT":{"wins":1,"losses":5,"pnl_pct":-12.705499865528232,"last_trade":1776771447.1596093},"RIVERUSDT":{"wins":3,"losses":5,"pnl_pct":-13.828193381724141,"last_trade":1780224163.8520215},"FARTCOINUSDT":{"wins":2,"losses":5,"pnl_pct":-6.038627949296086,"last_trade":1777782748.0587127},"CRVUSDT":{"wins":0,"losses":5,"pnl_pct":-9.242387083588808,"last_trade":1776619990.3014102},"SUIUSDT":{"wins":1,"losses":4,"pnl_pct":-1.8257154394068786,"last_trade":1780287025.146102},"ZECUSDT":{"wins":7,"losses":11,"pnl_pct":-19.45137141689198,"last_trade":1780220523.1275709},"LTCUSDT":{"wins":1,"losses":1,"pnl_pct":0.5497020895684577,"last_trade":1780207543.5788264},"SOLUSDT":{"wins":2,"losses":1,"pnl_pct":1.7797450305855924,"last_trade":1780218526.5395677},"FILUSDT":{"wins":1,"losses":10,"pnl_pct":-20.776903072631658,"last_trade":1779847185.901989},"ZROUSDT":{"wins":0,"losses":2,"pnl_pct":-4.238201319544785,"last_trade":1776644654.3283045},"LINKUSDT":{"wins":0,"losses":5,"pnl_pct":-4.035717468496749,"last_trade":1780224164.0291848},"UNIUSDT":{"wins":0,"losses":6,"pnl_pct":-10.720170672402066,"last_trade":1778761020.4468064},"BCHUSDT":{"wins":0,"losses":3,"pnl_pct":-2.232308460394774,"last_trade":1780226008.6243439},"BNBUSDT":{"wins":0,"losses":4,"pnl_pct":-4.301341713961359,"last_trade":1780218526.6045043},"DOGEUSDT":{"wins":1,"losses":1,"pnl_pct":0.21633179024437732,"last_trade":1778763098.7865286},"ETHUSDT":{"wins":0,"losses":2,"pnl_pct":-1.8762823096294603,"last_trade":1776672349.498359},"EDGEUSDT":{"wins":0,"losses":2,"pnl_pct":-4.76560141342903,"last_trade":1776802624.997133},"DASHUSDT":{"wins":0,"losses":10,"pnl_pct":-12.079153978024294,"last_trade":1777762955.9151802},"ORDIUSDT":{"wins":0,"losses":3,"pnl_pct":-8.289188881261472,"last_trade":1777784509.7605453},"PORTALUSDT":{"wins":0,"losses":1,"pnl_pct":-2.307009760425908,"last_trade":1776656153.054304},"GWEIUSDT":{"wins":0,"losses":3,"pnl_pct":-9.449959160025514,"last_trade":1776656334.0711026},"XLMUSDT":{"wins":0,"losses":1,"pnl_pct":-0.7932215612042471,"last_trade":1776665019.9405448},"MONUSDT":{"wins":0,"losses":7,"pnl_pct":-10.331933915895707,"last_trade":1776673073.6375012},"XRPUSDT":{"wins":0,"losses":3,"pnl_pct":-2.5702648972581,"last_trade":1780198112.3144808},"TRXUSDT":{"wins":3,"losses":1,"pnl_pct":2.534075932677196,"last_trade":1780219881.568162},"GIGGLEUSDT":{"wins":0,"losses":4,"pnl_pct":-10.491412785752564,"last_trade":1777773638.9213083},"SKYAIUSDT":{"wins":3,"losses":6,"pnl_pct":-64.16520343123408,"last_trade":1778638598.7166147},"AAVEUSDT":{"wins":0,"losses":3,"pnl_pct":-4.513929310156178,"last_trade":1777767454.1608572},"ENJUSDT":{"wins":0,"losses":2,"pnl_pct":-8.203690387505475,"last_trade":1776771447.2141573},"FETUSDT":{"wins":0,"losses":1,"pnl_pct":-2.6315789473684235,"last_trade":1776771447.103992},"DEXEUSDT":{"wins":1,"losses":0,"pnl_pct":4.801079852230751,"last_trade":1776777574.6782854},"TONUSDT":{"wins":2,"losses":6,"pnl_pct":-13.265827232016832,"last_trade":1778790287.069},"LDOUSDT":{"wins":0,"losses":3,"pnl_pct":-9.404978811960284,"last_trade":1778559791.901701},"SIRENUSDT":{"wins":0,"losses":2,"pnl_pct":-4.760174279582998,"last_trade":1778360089.5634966},"币安人生USDT":{"wins":1,"losses":4,"pnl_pct":-7.845349506234433,"last_trade":1777779588.823847},"0GUSDT":{"wins":0,"losses":1,"pnl_pct":-2.509277257465982,"last_trade":1777428297.9323516},"VELVETUSDT":{"wins":0,"losses":1,"pnl_pct":-1.908235094563652,"last_trade":1777428297.9664059},"CHZUSDT":{"wins":1,"losses":2,"pnl_pct":-1.5347991546012743,"last_trade":1779810797.9807968},"BROCCOLI714USDT":{"wins":0,"losses":1,"pnl_pct":-1.4060742407199112,"last_trade":1777559854.2731457},"SOONUSDT":{"wins":0,"losses":2,"pnl_pct":-4.320975313578252,"last_trade":1777598470.9944644},"APEUSDT":{"wins":1,"losses":4,"pnl_pct":3.8292539471501748,"last_trade":1777867316.9349782},"ORCAUSDT":{"wins":0,"losses":7,"pnl_pct":-14.262015050362113,"last_trade":1777788953.7273374},"TRBUSDT":{"wins":1,"losses":2,"pnl_pct":-0.6127182995046487,"last_trade":1777770557.5994084},"1000SHIBUSDT":{"wins":1,"losses":1,"pnl_pct":0.597928474623298,"last_trade":1777775073.6788862},"VIRTUALUSDT":{"wins":1,"losses":3,"pnl_pct":-4.781674178809414,"last_trade":1777933873.9309545},"PENDLEUSDT":{"wins":2,"losses":6,"pnl_pct":-12.220022100923584,"last_trade":1780225351.1804857},"API3USDT":{"wins":0,"losses":1,"pnl_pct":-1.3031013812874654,"last_trade":1777685140.4045854},"EDUUSDT":{"wins":0,"losses":1,"pnl_pct":-1.9015212169735778,"last_trade":1777687675.689995},"VVVUSDT":{"wins":0,"losses":4,"pnl_pct":-9.21977280898285,"last_trade":1778382154.8589964},"BRUSDT":{"wins":3,"losses":3,"pnl_pct":0.24033187532874,"last_trade":1777867768.9847155},"TAGUSDT":{"wins":2,"losses":4,"pnl_pct":-1.6714196497316585,"last_trade":1778082775.8986568},"DRIFTUSDT":{"wins":1,"losses":1,"pnl_pct":3.0195750444631186,"last_trade":1779847287.8686335},"GUAUSDT":{"wins":0,"losses":3,"pnl_pct":-33.51597559853222,"last_trade":1779654094.6506016},"ONUSDT":{"wins":0,"losses":8,"pnl_pct":-16.01784885377023,"last_trade":1777772249.468016},"SPKUSDT":{"wins":0,"losses":6,"pnl_pct":-9.03428619650396,"last_trade":1777771100.7149136},"BABYUSDT":{"wins":5,"losses":4,"pnl_pct":0.4555064540044136,"last_trade":1778012369.3618221},"1000LUNCUSDT":{"wins":4,"losses":8,"pnl_pct":-17.228077199705368,"last_trade":1778307321.7690716},"AXLUSDT":{"wins":1,"losses":6,"pnl_pct":-12.169363598987138,"last_trade":1778012369.5205617},"HUSDT":{"wins":0,"losses":5,"pnl_pct":-19.9586960690717,"last_trade":1778790287.1475382},"INJUSDT":{"wins":2,"losses":8,"pnl_pct":-12.272503017119496,"last_trade":1780287025.3358421},"KATUSDT":{"wins":7,"losses":0,"pnl_pct":9.987214579586315,"last_trade":1777767276.8084671},"KNCUSDT":{"wins":1,"losses":5,"pnl_pct":-14.291684579643448,"last_trade":1777787148.6407552},"ZBTUSDT":{"wins":2,"losses":2,"pnl_pct":2.945814953808059,"last_trade":1778012833.8589008},"RAVEUSDT":{"wins":6,"losses":3,"pnl_pct":5.232239239170106,"last_trade":1779504712.3650553},"MEGAUSDT":{"wins":2,"losses":4,"pnl_pct":-7.049624681704281,"last_trade":1778032112.9160619},"AIGENSYNUSDT":{"wins":1,"losses":8,"pnl_pct":-18.37018843480441,"last_trade":1777780918.3009145},"PLAYUSDT":{"wins":5,"losses":5,"pnl_pct":-111.13404633142551,"last_trade":1780218526.7793283},"BSBUSDT":{"wins":2,"losses":5,"pnl_pct":-21.798015239514065,"last_trade":1778360089.437639},"NAORISUSDT":{"wins":1,"losses":1,"pnl_pct":0.34811345170020136,"last_trade":1777783020.3816864},"CHIPUSDT":{"wins":2,"losses":2,"pnl_pct":-1.9132089553247549,"last_trade":1777838531.2720082},"ZEREBROUSDT":{"wins":2,"losses":8,"pnl_pct":-39.95774777833357,"last_trade":1778082775.81752},"NFPUSDT":{"wins":0,"losses":6,"pnl_pct":-11.344354935942944,"last_trade":1777781640.720152},