{"gate_stats":{"gate_ev":{"pass":1808,"fail":991},"gate_session":{"pass":1044,"fail":764},"gate_min_tp1":{"pass":1796,"fail":0},"gate_blacklist":{"pass":186,"fail":39},"gate1":{"pass":1718,"fail":78},"gate2":{"pass":1718,"fail":0},"gate3":{"pass":1392,"fail":266},"gate4":{"pass":896,"fail":496},"gate5":{"pass":884,"fail":12},"gate6":{"pass":884,"fail":0},"gate7":{"pass":881,"fail":3},"gate8":{"pass":872,"fail":9},"gate9":{"pass":686,"fail":186},"gate10":{"pass":673,"fail":13},"gate_markov":{"pass":163,"fail":4},"gate_vibe":{"pass":31,"fail":0}},"cooldowns":{"ONDOUSDT":1778384100.6949599},"adaptive_irons_min":62.0,"saved_at":1778384349.7044883,"pnl_ring":[-0.025660964230171106,-0.018777943368107352,-0.021837659662134315,-0.02839959906448382,-0.023336214347450247,-0.028380634390651086,0.035904728048346976,-0.01777458951060107,0.04784427141268067,-0.028219178082191865,-0.02716306517399989,-0.04987797437461863,-0.018108108108108065,0.02044902271526666,-0.06962569912519716,-0.011895910780669176,0.052502717235856054,-0.014502971094772854,-0.010259179265658893,-0.03940204853741806,0.03366342334043399,-0.07333832533145399,-0.11561525545694414,-0.012046444121915847,-0.029075162387874928,-0.03797212684306216,0.05250033972007063,0.04716608929946112,0.054798804642435126,-0.03491717862975354,0.02432112068965523,-0.02513829563756039,-0.042428198433420404,-0.09141406126011743,0.048438228438228495,-0.011143852129654425,-0.0824631860776439,0.05727788279773149,-0.026752557787040582,-0.022300815404263718,0.017219471947194767,-0.04599645561462859,-0.29543020966460576,-0.05117481560337613,-0.07499606113124312,-0.040322580645161324,-0.03069213905418112,-0.019786476868327435,-0.026653269070286253,-0.0239028213166144,-0.02077722200846486,-0.040715864090839514,0.019547015886646663,-0.06241610738255035,0.15000000000000002,-0.020676691729323324,0.03525052928722653,-0.016241299303944367,-0.028365136668385648,-0.03479936522330525,0.03249858757062159,-0.0223567768979972,-0.02163461538461545,-0.026182820395039056,0.036844783715012666,-0.011590296495956796,0.046892786170438364,-0.015948963317384383,-0.10557029177718834,-0.09123701319739935,-0.029304029304029297,-0.02797833935018063,-0.05433952659709845,-0.06346025384101533,-0.03742659629822337,0.02605469886528949,-0.015995587424158724,-0.16769379493686185,-0.08195364238410602,-0.08182696288119219,-0.04429792932934993,-0.044494798640436616,-0.027186225645672926,-0.018112766579024324,-0.03106682297772567,-0.0452065471551051,-0.19076016879615523,-0.017801275677248676,-0.032391683859704874,-0.014350690087829347,-0.019653001688929885,-0.026988922457200294,-0.10136205258156482,-0.03279785809906297,-0.02030685920577619,-0.059745286552628334,-0.02929109817765484,-0.011996904024767717,-0.03419272261839473,0.023711801984140152],"bayes_alpha":737.0,"bayes_beta":1660.0,"irons_ring":[77.0,78.0,70.0,75.0,77.0,76.0,75.0,75.0,71.0,72.0,72.0,77.0,75.0,78.0,76.0,74.0,77.0,75.0,78.0,72.0,74.0,71.0,76.0,71.0,71.0,71.0,74.0,75.0,73.0,75.0,72.0,77.0,78.0,72.0,78.0,75.0,73.0,75.0,73.0,73.0,74.0,74.0,74.0,75.0,72.0,77.0,74.0,77.0,74.0,76.0,80.0,77.0,71.0,73.0,70.0,73.0,75.0,78.0,74.0,72.0,72.0,73.0,73.0,72.0,71.0,76.0,77.0,71.0,78.0,77.0,73.0,72.0,78.0,75.0,76.0,76.0,72.0,75.0,76.0,77.0,75.0,71.0,72.0,72.0,78.0,74.0,75.0,74.0,73.0,75.0,75.0,73.0,75.0,77.0,78.0,77.0,74.0,71.0,76.0,73.0],"ev_fail_streak":{"BNBUSDT":21,"INJUSDT":5,"1000SHIBUSDT":4,"MANTRAUSDT":5,"PNUTUSDT":7,"AAVEUSDT":1,"TRBUSDT":2,"AVAXUSDT":31,"DOTUSDT":30,"LINKUSDT":28,"DOGEUSDT":19,"BCHUSDT":12,"ADAUSDT":19,"SOLUSDT":23,"TRXUSDT":11,"LTCUSDT":25,"BTCUSDT":22,"ETHUSDT":21,"XRPUSDT":22,"FOGOUSDT":1,"ETCUSDT":7,"UNIUSDT":24,"XAUTUSDT":5,"HBARUSDT":7,"PRLUSDT":2,"EIGENUSDT":3,"HIVEUSDT":3,"SWARMSUSDT":2,"STXUSDT":5,"CLANKERUSDT":1,"ALGOUSDT":7,"EDGEUSDT":3,"PENDLEUSDT":6,"ARUSDT":2,"WIFUSDT":10,"HIGHUSDT":5,"WLDUSDT":7,"ARBUSDT":7,"CHZUSDT":7,"KSMUSDT":1,"TONUSDT":4,"APTUSDT":6,"NOTUSDT":2,"FILUSDT":5,"RIVERUSDT":6,"BUSDT":3,"OPUSDT":2,"SEIUSDT":5,"DEEPUSDT":4,"CFGUSDT":3,"ZECUSDT":1,"CHIPUSDT":2,"ACEUSDT":2,"TIAUSDT":3,"JUPUSDT":1},"ob_fail_streak":{"NFPUSDT":1,"AKTUSDT":1,"SWARMSUSDT":5,"PLAYUSDT":1,"PENDLEUSDT":1},"g1_fail_streak":{"LABUSDT":2,"PLAYUSDT":3,"ZECUSDT":1,"TIAUSDT":3},"g3_fail_streak":{"PIEVERSEUSDT":1,"SWARMSUSDT":1,"PENDLEUSDT":1,"ARUSDT":3,"STRKUSDT":5},"g9_fail_streak":{"NFPUSDT":2,"STXUSDT":1,"PENDLEUSDT":1},"nn_hard_reject_cooldown":{"1000LUNCUSDT":1778384439.7381856}}