{"gate_stats":{"gate_ev":{"pass":1996,"fail":1136},"gate_session":{"pass":1180,"fail":816},"gate_min_tp1":{"pass":1984,"fail":0},"gate_blacklist":{"pass":596,"fail":163},"gate1":{"pass":1906,"fail":78},"gate2":{"pass":1901,"fail":5},"gate3":{"pass":1557,"fail":269},"gate4":{"pass":1061,"fail":496},"gate5":{"pass":1049,"fail":12},"gate6":{"pass":1049,"fail":0},"gate7":{"pass":1035,"fail":14},"gate8":{"pass":1026,"fail":9},"gate9":{"pass":836,"fail":190},"gate10":{"pass":823,"fail":13},"gate_markov":{"pass":496,"fail":4},"gate_vibe":{"pass":185,"fail":0},"gate_funding":{"pass":20,"fail":0},"gate_mark_div":{"pass":20,"fail":0},"gate_vev":{"pass":20,"fail":0},"gate_cvar":{"pass":20,"fail":0},"gate_liq_cascade":{"pass":10,"fail":0},"gate_book_imb":{"pass":4,"fail":1}},"cooldowns":{"DOTUSDT":1779425538.4992416,"TIAUSDT":1779425538.5038013,"FILUSDT":1779425842.473909,"EDENUSDT":1779425993.9669225,"RAVEUSDT":1779426504.2109647,"GRASSUSDT":1779426756.9591246,"WLDUSDT":1779426756.9606,"BUSDT":1779426817.6982048},"adaptive_irons_min":65.0,"saved_at":1779426827.951466,"pnl_ring":[0.022000000000000002,-0.006,-0.008,-0.01,0.022000000000000002,-0.012,-0.014,0.022000000000000002,-0.006,-0.008,0.022000000000000002,-0.01,-0.012,-0.014,0.022000000000000002,-0.006,-0.008,0.022000000000000002,-0.01,-0.012,-0.05987501816596427,-0.0535080535080536,-0.03160511363636365,-0.05739897686206415,-0.010169783676635357,-0.03207581556406042,-0.029560810810810835],"bayes_alpha":746.0,"bayes_beta":1728.0,"irons_ring":[75.0,75.0,77.0,78.0,77.0,75.0,77.0,72.0,76.0,77.0,76.0,78.0,77.0,74.0,78.0,71.0,75.0,74.0,78.0,77.0,74.0,77.0,77.0,76.0,76.0,71.0,75.0,72.0,78.0,77.0,75.0,75.0,77.0,77.0,77.0,70.0,77.0,72.0,74.0,75.0,75.0,78.0,73.0,71.0,74.0,73.0,76.0,76.0,70.0,76.0,70.0,73.0,76.0,77.0,75.0,74.0,71.0,76.0,77.0,76.0,73.0,75.0,75.0,73.0,74.0,78.0,76.0,75.0,74.0,75.0,76.0,77.0,75.0,76.0,71.0,79.0,76.0,79.0,76.0,72.0,75.0,76.0,76.0,79.0,76.0,74.0,73.0,74.0,75.0,75.0,77.0,73.0,78.0,73.0,76.0,71.0,76.0,71.0,78.0,71.0],"ev_fail_streak":{"XRPUSDT":4,"TRXUSDT":3,"OPUSDT":4,"LTCUSDT":3,"BCHUSDT":3,"BNBUSDT":3,"AVAXUSDT":6,"ARBUSDT":3,"DOGEUSDT":4,"MITOUSDT":6,"AVNTUSDT":1,"ZECUSDT":2,"UNIUSDT":3,"ESPORTSUSDT":3,"LINKUSDT":5,"CHZUSDT":2,"PHAROSUSDT":4},"ob_fail_streak":{"CHZUSDT":1,"AIAUSDT":1},"g1_fail_streak":{},"g3_fail_streak":{"TONUSDT":1},"g9_fail_streak":{},"nn_hard_reject_cooldown":{}}