{"gate_stats":{"gate_ev":{"pass":1892,"fail":1060},"gate_session":{"pass":1076,"fail":816},"gate_min_tp1":{"pass":1880,"fail":0},"gate_blacklist":{"pass":355,"fail":90},"gate1":{"pass":1802,"fail":78},"gate2":{"pass":1802,"fail":0},"gate3":{"pass":1467,"fail":266},"gate4":{"pass":971,"fail":496},"gate5":{"pass":959,"fail":12},"gate6":{"pass":959,"fail":0},"gate7":{"pass":947,"fail":12},"gate8":{"pass":938,"fail":9},"gate9":{"pass":749,"fail":189},"gate10":{"pass":736,"fail":13},"gate_markov":{"pass":316,"fail":4},"gate_vibe":{"pass":97,"fail":0}},"cooldowns":{"XRPUSDT":1778761771.8311005,"DOGEUSDT":1778762082.6338577},"adaptive_irons_min":60.0,"saved_at":1778762223.5916193,"pnl_ring":[0.021000000000000005,-0.006,-0.008,-0.01,0.021000000000000005,-0.012,-0.014,0.021000000000000005,-0.006,-0.008,0.021000000000000005,-0.01,-0.012,-0.014,0.021000000000000005,-0.006,-0.008,0.021000000000000005,-0.01,-0.012,-0.1934063168491254,-0.03880111524163564,-0.08138878434324429,-0.09253267218556967,-0.9451183606171181,-0.056451612903225735,-0.017745854019224683,-0.05240979720832244,-0.05941407319521762,-0.0277777777777777,-0.07872928176795592,-0.07463768115942031,-0.10820525108684494,-0.055945499587118114,-0.6503251625812856],"bayes_alpha":741.0,"bayes_beta":1698.0,"irons_ring":[72.0,71.0,76.0,77.0,71.0,78.0,77.0,73.0,72.0,78.0,75.0,76.0,76.0,72.0,75.0,76.0,77.0,75.0,71.0,72.0,72.0,78.0,74.0,75.0,74.0,73.0,75.0,75.0,73.0,75.0,77.0,78.0,77.0,74.0,71.0,76.0,73.0,74.0,74.0,74.0,69.0,74.0,81.0,71.0,72.0,70.0,69.0,73.0,75.0,71.0,73.0,72.0,76.0,75.0,73.0,75.0,73.0,75.0,73.0,71.0,75.0,71.0,77.0,77.0,77.0,75.0,74.0,77.0,74.0,70.0,68.0,70.0,69.0,75.0,75.0,73.0,77.0,80.0,77.0,70.0,74.0,78.0,77.0,78.0,72.0,70.0,76.0,75.0,75.0,77.0,78.0,77.0,75.0,77.0,72.0,76.0,77.0,76.0,78.0,77.0],"ev_fail_streak":{"1000SHIBUSDT":4,"MANTRAUSDT":5,"PNUTUSDT":7,"AAVEUSDT":1,"TRBUSDT":2,"DOTUSDT":36,"LINKUSDT":33,"BCHUSDT":12,"ADAUSDT":19,"TRXUSDT":11,"LTCUSDT":28,"BTCUSDT":24,"FOGOUSDT":1,"ETCUSDT":10,"XAUTUSDT":5,"PRLUSDT":2,"EIGENUSDT":3,"HIVEUSDT":3,"SWARMSUSDT":2,"STXUSDT":5,"CLANKERUSDT":1,"EDGEUSDT":3,"ARUSDT":2,"WIFUSDT":13,"HIGHUSDT":5,"CHZUSDT":7,"KSMUSDT":1,"NOTUSDT":2,"FILUSDT":10,"RIVERUSDT":6,"BUSDT":3,"OPUSDT":2,"DEEPUSDT":4,"CFGUSDT":3,"ACEUSDT":3,"JUPUSDT":3,"QTUMUSDT":3,"SOLUSDT":4,"PENDLEUSDT":1},"ob_fail_streak":{"NFPUSDT":1,"AKTUSDT":1,"SWARMSUSDT":5,"BTCUSDT":3,"LABUSDT":3,"KITEUSDT":1},"g1_fail_streak":{"LABUSDT":2},"g3_fail_streak":{"PIEVERSEUSDT":1,"SWARMSUSDT":1,"ARUSDT":3},"g9_fail_streak":{"NFPUSDT":2,"STXUSDT":1},"nn_hard_reject_cooldown":{}}