{"gate_stats":{"gate_ev":{"pass":2024,"fail":1166},"gate_session":{"pass":1208,"fail":816},"gate_min_tp1":{"pass":2012,"fail":0},"gate_blacklist":{"pass":663,"fail":191},"gate1":{"pass":1934,"fail":78},"gate2":{"pass":1923,"fail":11},"gate3":{"pass":1577,"fail":270},"gate4":{"pass":1080,"fail":497},"gate5":{"pass":1068,"fail":12},"gate6":{"pass":1068,"fail":0},"gate7":{"pass":1054,"fail":14},"gate8":{"pass":1045,"fail":9},"gate9":{"pass":855,"fail":190},"gate10":{"pass":842,"fail":13},"gate_markov":{"pass":554,"fail":4},"gate_vibe":{"pass":204,"fail":0}},"cooldowns":{"CHZUSDT":1779621189.370743},"adaptive_irons_min":68.0,"saved_at":1779621339.2343686,"pnl_ring":[0.022000000000000002,-0.006,-0.008,-0.01,0.022000000000000002,-0.012,-0.014,0.022000000000000002,-0.006,-0.008,0.022000000000000002,-0.01,-0.012,-0.014,0.022000000000000002,-0.006,-0.008,0.022000000000000002,-0.01,-0.012,-0.05987501816596427,-0.0535080535080536,-0.03160511363636365,-0.05739897686206415,-0.010169783676635357,-0.03207581556406042,-0.029560810810810835,-0.17831257476602638,-0.044039483675019024,-0.04364716636197443,-0.04536489151873771,-0.04236855538540077,-0.0384068278805122,-0.06916627852817886,-0.01332760103181433,-0.04002405452358669,-0.03432792584009271,-0.0156603773584906,-0.062179267875470394,-0.08910601083750035,-0.02157751586582053,-0.062011943040882,-0.9710210893642955],"bayes_alpha":746.0,"bayes_beta":1744.0,"irons_ring":[77.0,74.0,77.0,77.0,76.0,76.0,71.0,75.0,72.0,78.0,77.0,75.0,75.0,77.0,77.0,77.0,70.0,77.0,72.0,74.0,75.0,75.0,78.0,73.0,71.0,74.0,73.0,76.0,76.0,70.0,76.0,70.0,73.0,76.0,77.0,75.0,74.0,71.0,76.0,77.0,76.0,73.0,75.0,75.0,73.0,74.0,78.0,76.0,75.0,74.0,75.0,76.0,77.0,75.0,76.0,71.0,79.0,76.0,79.0,76.0,72.0,75.0,76.0,76.0,79.0,76.0,74.0,73.0,74.0,75.0,75.0,77.0,73.0,78.0,73.0,76.0,71.0,76.0,71.0,78.0,71.0,78.0,76.0,72.0,73.0,68.0,68.0,74.0,73.0,74.0,74.0,77.0,76.0,74.0,75.0,75.0,73.0,73.0,73.0,75.0],"ev_fail_streak":{"XRPUSDT":7,"TRXUSDT":3,"OPUSDT":4,"LTCUSDT":3,"BCHUSDT":3,"BNBUSDT":4,"AVAXUSDT":7,"ARBUSDT":3,"DOGEUSDT":4,"MITOUSDT":6,"AVNTUSDT":1,"UNIUSDT":3,"ESPORTSUSDT":3,"LINKUSDT":5,"FILUSDT":2,"BLUAIUSDT":3,"RIVERUSDT":3,"SUIUSDT":4,"RENDERUSDT":5,"BTCUSDT":5,"MEUSDT":1,"ETHUSDT":2},"ob_fail_streak":{"AIAUSDT":1,"EDENUSDT":1},"g1_fail_streak":{},"g3_fail_streak":{"TONUSDT":1},"g9_fail_streak":{},"nn_hard_reject_cooldown":{}}