{"BTCUSDT":{"ts":1777713988.7127483,"regime":"POSITIVE","dgrp":47.91804416443448,"conf":96.0},"ETHUSDT":{"ts":1777713988.71277,"regime":"POSITIVE","dgrp":52.53522203928397,"conf":96.0},"LABUSDT":{"ts":1777713988.7127817,"regime":"FLIP ZONE","dgrp":62.64133871474493,"conf":89.5},"SOLUSDT":{"ts":1777713988.7127962,"regime":"FLIP ZONE","dgrp":54.61507155483541,"conf":96.0},"UBUSDT":{"ts":1777713988.7128003,"regime":"FLIP ZONE","dgrp":48.88995372740823,"conf":96.0},"ZECUSDT":{"ts":1777713988.712804,"regime":"FLIP ZONE","dgrp":46.15720574381288,"conf":81.55555555555556},"BUSDT":{"ts":1777713988.7128103,"regime":"FLIP ZONE","dgrp":60.110667424021145,"conf":87.25},"DOGEUSDT":{"ts":1777713988.712814,"regime":"FLIP ZONE","dgrp":44.40364987429603,"conf":96.0},"SKYAIUSDT":{"ts":1777713988.712818,"regime":"FLIP ZONE","dgrp":41.823072343367286,"conf":96.0},"XRPUSDT":{"ts":1777713988.7128215,"regime":"FLIP ZONE","dgrp":44.5316739369046,"conf":96.0},"HYPEUSDT":{"ts":1777713988.712825,"regime":"FLIP ZONE","dgrp":47.43596164027914,"conf":89.82352941176471},"ORCAUSDT":{"ts":1777713988.712829,"regime":"FLIP ZONE","dgrp":45.93698179683194,"conf":84.9375},"TAOUSDT":{"ts":1777713988.7128327,"regime":"FLIP ZONE","dgrp":29.827810095281947,"conf":75.0},"ZEREBROUSDT":{"ts":1777713988.7128363,"regime":"FLIP ZONE","dgrp":46.21670497890852,"conf":88.8125},"1000PEPEUSDT":{"ts":1777713988.7128408,"regime":"FLIP ZONE","dgrp":53.25942417224718,"conf":87.0},"NFPUSDT":{"ts":1777713988.7128444,"regime":"FLIP ZONE","dgrp":66.4151118825761,"conf":93.66666666666666},"BNBUSDT":{"ts":1777713988.7128475,"regime":"FLIP ZONE","dgrp":45.44690775363946,"conf":96.0},"BIOUSDT":{"ts":1777713988.7128513,"regime":"FLIP ZONE","dgrp":77.66047354819015,"conf":96.0},"BRUSDT":{"ts":1777713988.7128549,"regime":"FLIP ZONE","dgrp":41.90840163496194,"conf":90.28571428571428},"BSBUSDT":{"ts":1777713988.7128587,"regime":"FLIP ZONE","dgrp":46.12998307069521,"conf":79.94736842105263},"WLFIUSDT":{"ts":1777713988.7128623,"regime":"FLIP ZONE","dgrp":50.10366625058731,"conf":93.72222222222223},"ADAUSDT":{"ts":1777713988.7128658,"regime":"FLIP ZONE","dgrp":48.926916681075866,"conf":94.33333333333333},"NAORISUSDT":{"ts":1777713988.7128696,"regime":"FLIP ZONE","dgrp":57.09048352500586,"conf":81.5},"MEGAUSDT":{"ts":1777713988.712873,"regime":"FLIP ZONE","dgrp":33.88359544289552,"conf":96.0},"CHIPUSDT":{"ts":1777713988.712876,"regime":"FLIP ZONE","dgrp":38.465190434859856,"conf":96.0}}