{"BTCUSDT":{"ts":1777710486.7046537,"regime":"POSITIVE","dgrp":42.76131554139981,"conf":96.0},"ETHUSDT":{"ts":1777710486.7046704,"regime":"POSITIVE","dgrp":37.174538243874196,"conf":96.0},"LABUSDT":{"ts":1777710486.7046797,"regime":"FLIP ZONE","dgrp":59.105885636008125,"conf":81.25},"SOLUSDT":{"ts":1777710486.7046962,"regime":"FLIP ZONE","dgrp":45.66449696719995,"conf":81.0},"UBUSDT":{"ts":1777710486.7047052,"regime":"FLIP ZONE","dgrp":42.17308522240624,"conf":95.0},"ZECUSDT":{"ts":1777710486.7047138,"regime":"FLIP ZONE","dgrp":44.53812450945249,"conf":87.66666666666666},"BUSDT":{"ts":1777710486.7047217,"regime":"FLIP ZONE","dgrp":50.330158604489455,"conf":90.28571428571428},"DOGEUSDT":{"ts":1777710486.7047288,"regime":"FLIP ZONE","dgrp":47.823140804569164,"conf":86.0},"SKYAIUSDT":{"ts":1777710486.7047362,"regime":"FLIP ZONE","dgrp":35.86732176523586,"conf":81.0},"XRPUSDT":{"ts":1777710486.704744,"regime":"FLIP ZONE","dgrp":43.04744388987806,"conf":80.61538461538461},"HYPEUSDT":{"ts":1777710486.704752,"regime":"FLIP ZONE","dgrp":42.51279486468059,"conf":96.0},"ZEREBROUSDT":{"ts":1777710486.704759,"regime":"FLIP ZONE","dgrp":51.802015062554865,"conf":84.9375},"BRUSDT":{"ts":1777710486.7047663,"regime":"FLIP ZONE","dgrp":48.04468268611057,"conf":88.8125},"ORCAUSDT":{"ts":1777710486.7047746,"regime":"FLIP ZONE","dgrp":63.84886453781786,"conf":96.0},"TAOUSDT":{"ts":1777710486.7047825,"regime":"FLIP ZONE","dgrp":32.097359530446276,"conf":96.0},"1000PEPEUSDT":{"ts":1777710486.70479,"regime":"FLIP ZONE","dgrp":46.96635973446758,"conf":96.0},"NFPUSDT":{"ts":1777710486.7047982,"regime":"FLIP ZONE","dgrp":59.783809057984,"conf":96.0},"BNBUSDT":{"ts":1777710486.7048059,"regime":"FLIP ZONE","dgrp":42.16896433713183,"conf":84.0},"BIOUSDT":{"ts":1777710486.7048135,"regime":"FLIP ZONE","dgrp":53.67181917289515,"conf":96.0},"BSBUSDT":{"ts":1777710486.704821,"regime":"FLIP ZONE","dgrp":50.730613263115195,"conf":82.42857142857143},"WLFIUSDT":{"ts":1777710507.398638,"regime":"FLIP ZONE","dgrp":32.310294310509335,"conf":78.5},"ADAUSDT":{"ts":1777710507.3986487,"regime":"FLIP ZONE","dgrp":46.044924227482426,"conf":89.07692307692307},"MEGAUSDT":{"ts":1777710507.3986557,"regime":"FLIP ZONE","dgrp":40.01875681063514,"conf":87.66666666666666},"NAORISUSDT":{"ts":1777710507.3986623,"regime":"FLIP ZONE","dgrp":47.790625294479035,"conf":90.28571428571428},"ZBTUSDT":{"ts":1777710507.3986683,"regime":"FLIP ZONE","dgrp":45.038315534084234,"conf":96.0},"PENDLEUSDT":{"ts":1777710507.3986747,"regime":"FLIP ZONE","dgrp":48.47157029739254,"conf":95.25},"APEUSDT":{"ts":1777710507.3986807,"regime":"FLIP ZONE","dgrp":47.17617286134218,"conf":86.0},"CHIPUSDT":{"ts":1777710507.3986862,"regime":"FLIP ZONE","dgrp":37.97113634213426,"conf":96.0},"PENGUUSDT":{"ts":1777710507.398692,"regime":"FLIP ZONE","dgrp":43.87719830313471,"conf":93.28571428571428},"PAXGUSDT":{"ts":1777710507.398698,"regime":"FLIP ZONE","dgrp":41.77757551421197,"conf":96.0},"SUIUSDT":{"ts":1777710507.3987038,"regime":"FLIP ZONE","dgrp":50.01300632753599,"conf":91.33333333333333},"TRUMPUSDT":{"ts":1777710507.39871,"regime":"FLIP ZONE","dgrp":48.65538931429313,"conf":87.66666666666666},"AIOTUSDT":{"ts":1777710507.3987162,"regime":"FLIP ZONE","dgrp":46.98583932008718,"conf":88.8125},"AVAXUSDT":{"ts":1777710507.3987215,"regime":"FLIP ZONE","dgrp":42.87505471161879,"conf":96.0},"RAVEUSDT":{"ts":1777710507.398727,"regime":"FLIP ZONE","dgrp":44.27141614616362,"conf":96.0},"LINKUSDT":{"ts":1777710507.3987322,"regime":"FLIP ZONE","dgrp":45.65090064874389,"conf":96.0},"KNCUSDT":{"ts":1777710507.398739,"regime":"FLIP ZONE","dgrp":82.46472570956331,"conf":96.0},"TAGUSDT":{"ts":1777710507.3987443,"regime":"FLIP ZONE","dgrp":46.43712460843011,"conf":83.5},"WLDUSDT":{"ts":1777710507.3987496,"regime":"FLIP ZONE","dgrp":51.86158653060299,"conf":78.5},"DOTUSDT":{"ts":1777710507.3987553,"regime":"FLIP ZONE","dgrp":42.39006071534962,"conf":91.8125},"ENAUSDT":{"ts":1777710507.398761,"regime":"FLIP ZONE","dgrp":52.97315716914349,"conf":96.0},"AIGENSYNUSDT":{"ts":1777710507.3987665,"regime":"FLIP ZONE","dgrp":45.69079313401917,"conf":96.0},"AAVEUSDT":{"ts":1777710507.3987722,"regime":"FLIP ZONE","dgrp":43.862528405421806,"conf":96.0},"1000LUNCUSDT":{"ts":1777710507.398778,"regime":"FLIP ZONE","dgrp":42.88087117062708,"conf":96.0},"BCHUSDT":{"ts":1777710507.3987823,"regime":"FLIP ZONE","dgrp":41.42031106072008,"conf":84.0},"FILUSDT":{"ts":1777710444.964593,"regime":"FLIP ZONE","dgrp":38.502635715870014,"conf":96.0},"NEARUSDT":{"ts":1777710444.9645948,"regime":"FLIP ZONE","dgrp":39.11393181833991,"conf":96.0},"DASHUSDT":{"ts":1777710444.964597,"regime":"FLIP ZONE","dgrp":43.66860563106024,"conf":84.0},"APTUSDT":{"ts":1777710444.9645991,"regime":"FLIP ZONE","dgrp":50.75851686444227,"conf":96.0},"WIFUSDT":{"ts":1777710444.9646008,"regime":"FLIP ZONE","dgrp":46.42267284044746,"conf":96.0},"LTCUSDT":{"ts":1777710465.7804933,"regime":"FLIP ZONE","dgrp":48.091848819532245,"conf":96.0},"PUMPUSDT":{"ts":1777710465.780504,"regime":"FLIP ZONE","dgrp":41.092150266915695,"conf":84.0},"ORDIUSDT":{"ts":1777710465.780507,"regime":"FLIP ZONE","dgrp":38.95106840148844,"conf":86.0},"1000SHIBUSDT":{"ts":1777710465.7805097,"regime":"FLIP ZONE","dgrp":51.903342397745206,"conf":96.0},"币安人生USDT":{"ts":1777710465.7805138,"regime":"FLIP ZONE","dgrp":45.00187178717708,"conf":86.0},"HUSDT":{"ts":1777710465.7805164,"regime":"FLIP ZONE","dgrp":47.147555834318936,"conf":86.35714285714286},"TACUSDT":{"ts":1777710465.780519,"regime":"FLIP ZONE","dgrp":58.443471150105175,"conf":87.66666666666666},"TRBUSDT":{"ts":1777710465.7805212,"regime":"FLIP ZONE","dgrp":52.042504036639386,"conf":96.0},"RIVERUSDT":{"ts":1777710465.7805238,"regime":"FLIP ZONE","dgrp":51.82841565071418,"conf":90.72222222222223},"GUAUSDT":{"ts":1777710465.7805262,"regime":"FLIP ZONE","dgrp":64.71750679722133,"conf":96.0},"ZENUSDT":{"ts":1777710465.7805288,"regime":"FLIP ZONE","dgrp":43.63790725174613,"conf":96.0},"TRXUSDT":{"ts":1777710465.7805312,"regime":"FLIP ZONE","dgrp":40.24343604398284,"conf":96.0},"GENIUSUSDT":{"ts":1777710465.7805336,"regime":"FLIP ZONE","dgrp":46.950324888778816,"conf":96.0},"DRIFTUSDT":{"ts":1777710465.7805355,"regime":"FLIP ZONE","dgrp":38.453403722678,"conf":96.0},"AXLUSDT":{"ts":1777710465.7805378,"regime":"FLIP ZONE","dgrp":35.71341824670036,"conf":96.0},"KATUSDT":{"ts":1777710465.7805405,"regime":"FLIP ZONE","dgrp":39.7765196582211,"conf":96.0},"UNIUSDT":{"ts":1777710465.7805426,"regime":"FLIP ZONE","dgrp":46.803486256106446,"conf":96.0},"BASUSDT":{"ts":1777710465.7805448,"regime":"FLIP ZONE","dgrp":48.77876805889695,"conf":90.72222222222223},"FARTCOINUSDT":{"ts":1777710465.7805471,"regime":"FLIP ZONE","dgrp":43.055588810857934,"conf":87.66666666666666},"ASTERUSDT":{"ts":1777710465.7805495,"regime":"FLIP ZONE","dgrp":34.444551979829455,"conf":96.0},"ONUSDT":{"ts":1777710465.780552,"regime":"FLIP ZONE","dgrp":43.14081578451169,"conf":96.0},"XMRUSDT":{"ts":1777710465.780554,"regime":"FLIP ZONE","dgrp":36.210295723756744,"conf":94.0},"KAVAUSDT":{"ts":1777710465.7805562,"regime":"FLIP ZONE","dgrp":69.41745381934184,"conf":95.82352941176471},"INJUSDT":{"ts":1777710465.7805583,"regime":"FLIP ZONE","dgrp":47.71293967648936,"conf":84.9375},"OPENUSDT":{"ts":1777710465.7805607,"regime":"FLIP ZONE","dgrp":44.86265379029869,"conf":87.0},"MUSDT":{"ts":1777710486.7046056,"regime":"FLIP ZONE","dgrp":49.599902213088264,"conf":96.0},"SIRENUSDT":{"ts":1777710486.7046134,"regime":"FLIP ZONE","dgrp":40.58093059559541,"conf":96.0},"PRLUSDT":{"ts":1777710486.704618,"regime":"FLIP ZONE","dgrp":35.72341026402438,"conf":84.84615384615384},"OPGUSDT":{"ts":1777710486.7046218,"regime":"FLIP ZONE","dgrp":43.21757645639916,"conf":80.33333333333333},"MANTRAUSDT":{"ts":1777710486.7046254,"regime":"FLIP ZONE","dgrp":62.69422315501119,"conf":96.0}}