{"BTCUSDT":{"ts":1778384691.213732,"regime":"FLIP ZONE","dgrp":47.52614872545815,"conf":96.0}}