{"BTCUSDT":{"ts":1779505721.1316476,"regime":"FLIP ZONE","dgrp":50.03461682038158,"conf":83.08333333333334}}