{"BTCUSDT":{"ts":1779426102.6778934,"regime":"FLIP ZONE","dgrp":43.548682265133294,"conf":87.66666666666666}}