{"BTCUSDT":{"ts":1777709732.432672,"regime":"FLIP ZONE","dgrp":40.80809321423126,"conf":96.0}}