{"BTCUSDT":{"ts":1778763729.398099,"regime":"POSITIVE","dgrp":37.95621121268512,"conf":78.35714285714286},"ETHUSDT":{"ts":1778763729.3981123,"regime":"POSITIVE","dgrp":33.12394933161403,"conf":73.0},"SOLUSDT":{"ts":1778763729.3981242,"regime":"POSITIVE","dgrp":44.987761721752136,"conf":81.07692307692307},"DOGEUSDT":{"ts":1778763729.3981326,"regime":"FLIP ZONE","dgrp":44.83207696566791,"conf":90.6875},"ZECUSDT":{"ts":1778763729.3981395,"regime":"FLIP ZONE","dgrp":41.20849514137603,"conf":88.0},"XRPUSDT":{"ts":1778763729.3981464,"regime":"FLIP ZONE","dgrp":48.26319924030041,"conf":88.0},"LABUSDT":{"ts":1778763729.398154,"regime":"FLIP ZONE","dgrp":46.20375168765285,"conf":78.75},"BILLUSDT":{"ts":1778763729.398161,"regime":"FLIP ZONE","dgrp":50.97071387674606,"conf":73.25},"BNBUSDT":{"ts":1778763729.3981693,"regime":"FLIP ZONE","dgrp":42.723442912361776,"conf":91.0},"HYPEUSDT":{"ts":1778763729.3981767,"regime":"FLIP ZONE","dgrp":44.4938197995041,"conf":88.0},"INJUSDT":{"ts":1778763729.398186,"regime":"FLIP ZONE","dgrp":41.83628463364996,"conf":88.0},"SUIUSDT":{"ts":1778763729.398196,"regime":"FLIP ZONE","dgrp":39.55139088969373,"conf":75.08333333333334},"TONUSDT":{"ts":1778763729.3982058,"regime":"FLIP ZONE","dgrp":35.15464542498906,"conf":83.0},"QUSDT":{"ts":1778763729.398216,"regime":"FLIP ZONE","dgrp":47.83757419462465,"conf":89.42105263157896},"TRUTHUSDT":{"ts":1778763729.3982253,"regime":"FLIP ZONE","dgrp":41.782528100491646,"conf":84.8235294117647},"SIRENUSDT":{"ts":1778763729.3982358,"regime":"FLIP ZONE","dgrp":55.88300354673902,"conf":88.0},"SAGAUSDT":{"ts":1778763687.5582204,"regime":"FLIP ZONE","dgrp":47.2402920810789,"conf":87.0},"1000PEPEUSDT":{"ts":1778763687.5582283,"regime":"FLIP ZONE","dgrp":34.82774005787844,"conf":70.5},"BUSDT":{"ts":1778763687.5582364,"regime":"FLIP ZONE","dgrp":43.764090652285525,"conf":75.5},"AIGENSYNUSDT":{"ts":1778763687.558243,"regime":"FLIP ZONE","dgrp":61.30740387071554,"conf":94.0},"UBUSDT":{"ts":1778763687.5582507,"regime":"FLIP ZONE","dgrp":49.14542879021341,"conf":88.0},"COSUSDT":{"ts":1778763687.558259,"regime":"FLIP ZONE","dgrp":40.57373297735845,"conf":87.0},"ADAUSDT":{"ts":1778763687.5582662,"regime":"FLIP ZONE","dgrp":33.618743729290806,"conf":78.35714285714286},"NEARUSDT":{"ts":1778763687.5582733,"regime":"FLIP ZONE","dgrp":54.417836136414294,"conf":78.08333333333334},"VVVUSDT":{"ts":1778763687.558281,"regime":"FLIP ZONE","dgrp":51.66642357140191,"conf":76.9375},"TAOUSDT":{"ts":1778763687.5582886,"regime":"FLIP ZONE","dgrp":38.746653831859135,"conf":83.33333333333333},"SKYAIUSDT":{"ts":1778763687.5582962,"regime":"FLIP ZONE","dgrp":49.84463330576223,"conf":76.0},"AVAXUSDT":{"ts":1778763687.5583036,"regime":"FLIP ZONE","dgrp":40.1051673160432,"conf":78.35714285714286},"LINKUSDT":{"ts":1778763687.558311,"regime":"FLIP ZONE","dgrp":42.301674594735665,"conf":78.35714285714286},"FILUSDT":{"ts":1778763687.5583174,"regime":"FLIP ZONE","dgrp":42.83086471206659,"conf":84.25},"RIVERUSDT":{"ts":1778763687.5583239,"regime":"FLIP ZONE","dgrp":57.95372414906629,"conf":87.25},"ONDOUSDT":{"ts":1778763687.5583317,"regime":"FLIP ZONE","dgrp":34.53116394362787,"conf":73.9375},"TRUMPUSDT":{"ts":1778763687.5583386,"regime":"FLIP ZONE","dgrp":43.278856628927734,"conf":83.8125},"WLDUSDT":{"ts":1778763687.5583456,"regime":"FLIP ZONE","dgrp":54.49040396255314,"conf":84.25},"MLNUSDT":{"ts":1778763687.5583525,"regime":"FLIP ZONE","dgrp":79.04177017658382,"conf":93.25},"SAHARAUSDT":{"ts":1778763687.5583599,"regime":"FLIP ZONE","dgrp":42.61484960266829,"conf":83.0},"PIEVERSEUSDT":{"ts":1778763687.558367,"regime":"FLIP ZONE","dgrp":44.22683887080509,"conf":90.0},"TIAUSDT":{"ts":1778763687.5583744,"regime":"FLIP ZONE","dgrp":41.001271606964636,"conf":75.08333333333334},"KITEUSDT":{"ts":1778763687.5583808,"regime":"FLIP ZONE","dgrp":33.35453769303872,"conf":79.66666666666667},"AAVEUSDT":{"ts":1778763687.5583873,"regime":"FLIP ZONE","dgrp":33.27051606552506,"conf":88.0},"ENAUSDT":{"ts":1778763708.428197,"regime":"FLIP ZONE","dgrp":34.335180151760206,"conf":78.35714285714286},"DOTUSDT":{"ts":1778763708.428213,"regime":"FLIP ZONE","dgrp":36.861455273968176,"conf":78.35714285714286},"VELVETUSDT":{"ts":1778763708.4282217,"regime":"FLIP ZONE","dgrp":50.25064605618288,"conf":88.0},"LTCUSDT":{"ts":1778763708.4282286,"regime":"FLIP ZONE","dgrp":41.39148941578701,"conf":75.08333333333334},"AINUSDT":{"ts":1778763708.4282367,"regime":"FLIP ZONE","dgrp":48.062233635440286,"conf":90.0},"PAXGUSDT":{"ts":1778763708.4282453,"regime":"FLIP ZONE","dgrp":37.55594104083756,"conf":88.0},"CHIPUSDT":{"ts":1778763708.4282527,"regime":"FLIP ZONE","dgrp":67.38211338759459,"conf":86.8125},"IRYSUSDT":{"ts":1778763708.4282603,"regime":"FLIP ZONE","dgrp":39.16899884085604,"conf":88.0},"1000LUNCUSDT":{"ts":1778763708.4282696,"regime":"FLIP ZONE","dgrp":43.8811622806468,"conf":88.0},"FFUSDT":{"ts":1778763708.4282765,"regime":"FLIP ZONE","dgrp":44.66029485209235,"conf":88.0},"NAORISUSDT":{"ts":1778763708.428284,"regime":"FLIP ZONE","dgrp":43.94587126738402,"conf":88.0},"PENGUUSDT":{"ts":1778763708.4282913,"regime":"FLIP ZONE","dgrp":39.015089332055574,"conf":81.07692307692307},"STARUSDT":{"ts":1778763708.428298,"regime":"FLIP ZONE","dgrp":67.910471743111,"conf":88.72222222222223},"TRXUSDT":{"ts":1778763708.4283047,"regime":"FLIP ZONE","dgrp":36.56055874913501,"conf":88.0},"PUMPUSDT":{"ts":1778763708.428312,"regime":"FLIP ZONE","dgrp":47.09859539074057,"conf":86.33333333333333},"BCHUSDT":{"ts":1778763708.4283185,"regime":"FLIP ZONE","dgrp":35.39991287963694,"conf":81.07692307692307},"BBUSDT":{"ts":1778763708.428325,"regime":"FLIP ZONE","dgrp":53.37021081314626,"conf":88.0},"FARTCOINUSDT":{"ts":1778763708.4283319,"regime":"FLIP ZONE","dgrp":37.2551046927989,"conf":70.5},"XMRUSDT":{"ts":1778763708.4283392,"regime":"FLIP ZONE","dgrp":41.36973837561409,"conf":70.5},"UNIUSDT":{"ts":1778763708.428346,"regime":"FLIP ZONE","dgrp":35.52070233877261,"conf":83.33333333333333},"1000SHIBUSDT":{"ts":1778763708.4283535,"regime":"FLIP ZONE","dgrp":42.316217397217244,"conf":85.77777777777777},"ASTERUSDT":{"ts":1778763708.4283605,"regime":"FLIP ZONE","dgrp":40.225417961543855,"conf":88.0},"SWARMSUSDT":{"ts":1778763708.4283679,"regime":"FLIP ZONE","dgrp":45.56351904725856,"conf":78.35714285714286},"BASEDUSDT":{"ts":1778763708.4283743,"regime":"FLIP ZONE","dgrp":43.24002885756975,"conf":70.5},"JCTUSDT":{"ts":1778763708.4283817,"regime":"FLIP ZONE","dgrp":34.81024459529075,"conf":88.0},"WLFIUSDT":{"ts":1778763708.4283886,"regime":"FLIP ZONE","dgrp":37.48746007462931,"conf":88.0},"XLMUSDT":{"ts":1778763708.428395,"regime":"FLIP ZONE","dgrp":52.772445362563005,"conf":81.58823529411765},"ZBTUSDT":{"ts":1778763708.4284003,"regime":"FLIP ZONE","dgrp":40.111947705186495,"conf":78.0},"HUSDT":{"ts":1778763729.3979661,"regime":"FLIP ZONE","dgrp":43.226202720951754,"conf":88.0},"BSBUSDT":{"ts":1778763729.3979824,"regime":"FLIP ZONE","dgrp":45.110815627100436,"conf":73.5},"CFXUSDT":{"ts":1778763729.3979938,"regime":"FLIP ZONE","dgrp":50.19156240906564,"conf":81.75},"ICPUSDT":{"ts":1778763729.3980024,"regime":"FLIP ZONE","dgrp":36.86161419617409,"conf":88.0},"DASHUSDT":{"ts":1778763729.3980107,"regime":"FLIP ZONE","dgrp":37.94407250964279,"conf":73.0},"APTUSDT":{"ts":1778763729.398019,"regime":"FLIP ZONE","dgrp":35.715378290965035,"conf":81.07692307692307},"JTOUSDT":{"ts":1778763729.39804,"regime":"FLIP ZONE","dgrp":32.33478425258561,"conf":83.0},"1000BONKUSDT":{"ts":1778763729.3980474,"regime":"FLIP ZONE","dgrp":40.404589875373574,"conf":78.35714285714286},"PENDLEUSDT":{"ts":1778763729.3980567,"regime":"FLIP ZONE","dgrp":41.82393308559955,"conf":82.66666666666667},"ATOMUSDT":{"ts":1778763729.3980644,"regime":"FLIP ZONE","dgrp":38.19963092578136,"conf":83.33333333333333},"XPLUSDT":{"ts":1778763729.3980722,"regime":"FLIP ZONE","dgrp":31.80845439962989,"conf":70.5},"HBARUSDT":{"ts":1778763729.3980803,"regime":"FLIP ZONE","dgrp":40.9474708616451,"conf":88.0}}