{"BTCUSDT":{"ts":1780220770.960706,"regime":"POSITIVE","dgrp":40.84745360761684,"conf":96.0},"ETHUSDT":{"ts":1780220770.9607203,"regime":"POSITIVE","dgrp":39.37952175308951,"conf":78.5},"BNBUSDT":{"ts":1780220770.9607303,"regime":"FLIP ZONE","dgrp":38.11401864070438,"conf":81.0},"HYPEUSDT":{"ts":1780220770.9607399,"regime":"FLIP ZONE","dgrp":41.35809480728979,"conf":86.0},"XLMUSDT":{"ts":1780220770.9607491,"regime":"FLIP ZONE","dgrp":41.00222135601622,"conf":78.5},"ZECUSDT":{"ts":1780220770.9607577,"regime":"FLIP ZONE","dgrp":54.38894372116167,"conf":96.0},"LABUSDT":{"ts":1780220770.9607656,"regime":"FLIP ZONE","dgrp":57.845656611580026,"conf":91.33333333333333},"SOLUSDT":{"ts":1780220770.9607775,"regime":"POSITIVE","dgrp":40.94628609756103,"conf":96.0},"WLDUSDT":{"ts":1780220770.960784,"regime":"FLIP ZONE","dgrp":44.88524354536443,"conf":81.0},"PORTALUSDT":{"ts":1780220770.9607913,"regime":"FLIP ZONE","dgrp":54.99002431747552,"conf":89.82352941176471},"ALLOUSDT":{"ts":1780220770.9607983,"regime":"FLIP ZONE","dgrp":33.233683929437404,"conf":84.84615384615384},"XRPUSDT":{"ts":1780220770.9608083,"regime":"FLIP ZONE","dgrp":40.81970964290529,"conf":96.0},"ASTERUSDT":{"ts":1780220770.9608157,"regime":"FLIP ZONE","dgrp":48.25214452824562,"conf":81.0},"NEARUSDT":{"ts":1780220770.9608235,"regime":"FLIP ZONE","dgrp":41.44355135297033,"conf":96.0},"HUSDT":{"ts":1780220770.9608316,"regime":"FLIP ZONE","dgrp":54.810479785177506,"conf":82.42857142857143},"HEIUSDT":{"ts":1780220770.96084,"regime":"FLIP ZONE","dgrp":49.77452471156824,"conf":86.35294117647058},"DOGEUSDT":{"ts":1780220770.960847,"regime":"FLIP ZONE","dgrp":39.87754861040053,"conf":95.0},"ONDOUSDT":{"ts":1780220770.9608548,"regime":"FLIP ZONE","dgrp":50.28969002349689,"conf":91.33333333333333},"FETUSDT":{"ts":1780220770.9608626,"regime":"FLIP ZONE","dgrp":45.03999894971219,"conf":96.0},"SUIUSDT":{"ts":1780220770.960869,"regime":"FLIP ZONE","dgrp":34.42276843009521,"conf":96.0},"IDUSDT":{"ts":1780220770.9608767,"regime":"FLIP ZONE","dgrp":60.97362298676961,"conf":96.0},"STGUSDT":{"ts":1780220770.9608839,"regime":"FLIP ZONE","dgrp":60.63604115851258,"conf":96.0},"NFPUSDT":{"ts":1780220770.9608908,"regime":"FLIP ZONE","dgrp":54.75735541637151,"conf":96.0},"TONUSDT":{"ts":1780220770.9608982,"regime":"FLIP ZONE","dgrp":41.293348205280076,"conf":96.0},"SKYAIUSDT":{"ts":1780220791.7815876,"regime":"FLIP ZONE","dgrp":40.121270509923136,"conf":96.0},"币安人生USDT":{"ts":1780220791.7816157,"regime":"FLIP ZONE","dgrp":55.15921365291782,"conf":84.9375},"INJUSDT":{"ts":1780220791.7816277,"regime":"FLIP ZONE","dgrp":32.72413784120536,"conf":89.07692307692307},"1000PEPEUSDT":{"ts":1780220791.7816377,"regime":"FLIP ZONE","dgrp":41.89803472440458,"conf":96.0},"HBARUSDT":{"ts":1780220791.7816486,"regime":"FLIP ZONE","dgrp":38.3242292223157,"conf":78.5},"UBUSDT":{"ts":1780220791.781713,"regime":"FLIP ZONE","dgrp":44.233831713814624,"conf":86.0},"HIVEUSDT":{"ts":1780220791.7817297,"regime":"FLIP ZONE","dgrp":73.6867626354007,"conf":96.0},"TAOUSDT":{"ts":1780220791.7817416,"regime":"FLIP ZONE","dgrp":45.60490118282973,"conf":96.0},"ADAUSDT":{"ts":1780220791.7817533,"regime":"FLIP ZONE","dgrp":47.24785133590571,"conf":96.0},"BSBUSDT":{"ts":1780220791.781766,"regime":"FLIP ZONE","dgrp":48.618001428720845,"conf":87.25},"TAUSDT":{"ts":1780220791.7817824,"regime":"FLIP ZONE","dgrp":42.53470846334324,"conf":86.0},"LITUSDT":{"ts":1780220791.781795,"regime":"FLIP ZONE","dgrp":35.38735343956999,"conf":86.0},"FILUSDT":{"ts":1780220791.7818072,"regime":"FLIP ZONE","dgrp":42.992766696660745,"conf":81.0},"ENAUSDT":{"ts":1780220791.7818167,"regime":"FLIP ZONE","dgrp":46.46377874354192,"conf":96.0},"LINKUSDT":{"ts":1780220791.7818267,"regime":"FLIP ZONE","dgrp":41.820835620412105,"conf":96.0},"BEATUSDT":{"ts":1780220791.7818372,"regime":"FLIP ZONE","dgrp":44.73284454972921,"conf":92.25},"TRXUSDT":{"ts":1780220791.781848,"regime":"FLIP ZONE","dgrp":47.25686805991262,"conf":96.0},"VVVUSDT":{"ts":1780220791.7818584,"regime":"FLIP ZONE","dgrp":39.025158147410586,"conf":96.0},"GENIUSUSDT":{"ts":1780220791.7818687,"regime":"FLIP ZONE","dgrp":52.11886107369529,"conf":84.0},"XMRUSDT":{"ts":1780220791.7818773,"regime":"FLIP ZONE","dgrp":38.55553417116207,"conf":96.0},"BILLUSDT":{"ts":1780220791.7818875,"regime":"FLIP ZONE","dgrp":41.435409323257105,"conf":91.0},"AIAUSDT":{"ts":1780220791.781898,"regime":"FLIP ZONE","dgrp":47.9381305023112,"conf":91.52631578947368},"PUNDIXUSDT":{"ts":1780220791.781908,"regime":"FLIP ZONE","dgrp":74.50218931798798,"conf":92.75},"PLAYUSDT":{"ts":1780220791.7819183,"regime":"FLIP ZONE","dgrp":73.02441902575148,"conf":96.0},"AVAXUSDT":{"ts":1780220791.7819278,"regime":"FLIP ZONE","dgrp":39.15168000452544,"conf":96.0},"ALGOUSDT":{"ts":1780220791.7819397,"regime":"FLIP ZONE","dgrp":39.96838433037577,"conf":96.0},"RENDERUSDT":{"ts":1780220791.781949,"regime":"FLIP ZONE","dgrp":35.56702389552754,"conf":96.0},"BCHUSDT":{"ts":1780220791.78196,"regime":"FLIP ZONE","dgrp":49.16374278330341,"conf":96.0},"VTHOUSDT":{"ts":1780220812.6328573,"regime":"FLIP ZONE","dgrp":59.99801984791494,"conf":90.72222222222223},"OPGUSDT":{"ts":1780220812.6329257,"regime":"FLIP ZONE","dgrp":54.63518452173289,"conf":89.82352941176471},"DOTUSDT":{"ts":1780220812.6329453,"regime":"FLIP ZONE","dgrp":46.123029268856804,"conf":94.33333333333333},"LTCUSDT":{"ts":1780220812.6329591,"regime":"FLIP ZONE","dgrp":38.68272828320677,"conf":96.0},"LAUSDT":{"ts":1780220812.6329727,"regime":"FLIP ZONE","dgrp":62.080076049865866,"conf":88.08695652173913},"PRLUSDT":{"ts":1780220812.6329865,"regime":"FLIP ZONE","dgrp":45.38572458518485,"conf":96.0},"IOUSDT":{"ts":1780220812.6329982,"regime":"FLIP ZONE","dgrp":52.829333299209104,"conf":80.33333333333333},"PUMPUSDT":{"ts":1780220812.6330118,"regime":"FLIP ZONE","dgrp":45.81429855766822,"conf":96.0},"UNIUSDT":{"ts":1780220812.6330214,"regime":"FLIP ZONE","dgrp":35.16586853426104,"conf":86.0},"HOMEUSDT":{"ts":1780220812.633038,"regime":"FLIP ZONE","dgrp":55.44930636175773,"conf":96.0},"BASEDUSDT":{"ts":1780220812.6330552,"regime":"FLIP ZONE","dgrp":43.09289804088496,"conf":93.77777777777777},"GUAUSDT":{"ts":1780220812.6330664,"regime":"FLIP ZONE","dgrp":60.980208480263705,"conf":94.8125},"SEIUSDT":{"ts":1780220812.6330857,"regime":"FLIP ZONE","dgrp":50.19742012767479,"conf":96.0},"APRUSDT":{"ts":1780220812.6331508,"regime":"FLIP ZONE","dgrp":45.61681176908756,"conf":96.0},"MEMEUSDT":{"ts":1780220812.633169,"regime":"FLIP ZONE","dgrp":45.11279418180468,"conf":96.0},"CAKEUSDT":{"ts":1780220812.6331828,"regime":"FLIP ZONE","dgrp":46.63392448920572,"conf":81.0},"PENGUUSDT":{"ts":1780220812.6331985,"regime":"FLIP ZONE","dgrp":35.25814688828437,"conf":96.0},"PHAROSUSDT":{"ts":1780220812.6332176,"regime":"FLIP ZONE","dgrp":44.949150644003275,"conf":87.66666666666666},"TRUMPUSDT":{"ts":1780220812.6332285,"regime":"FLIP ZONE","dgrp":38.97214680933624,"conf":96.0},"PENDLEUSDT":{"ts":1780220812.6332445,"regime":"FLIP ZONE","dgrp":34.0269919181308,"conf":86.35714285714286},"XPLUSDT":{"ts":1780220812.6332576,"regime":"FLIP ZONE","dgrp":44.95584864201915,"conf":96.0},"AAVEUSDT":{"ts":1780220812.633273,"regime":"FLIP ZONE","dgrp":38.718906918386104,"conf":96.0},"AXSUSDT":{"ts":1780220812.633288,"regime":"FLIP ZONE","dgrp":44.96858952151925,"conf":91.33333333333333},"AVNTUSDT":{"ts":1780220812.6333022,"regime":"FLIP ZONE","dgrp":41.49221542067564,"conf":96.0},"DASHUSDT":{"ts":1780220812.6333153,"regime":"FLIP ZONE","dgrp":43.35424088046573,"conf":96.0},"RIVERUSDT":{"ts":1780220812.6333296,"regime":"FLIP ZONE","dgrp":45.92360844020204,"conf":92.25},"ICPUSDT":{"ts":1780220812.63334,"regime":"FLIP ZONE","dgrp":46.609101310800014,"conf":81.0},"JTOUSDT":{"ts":1780220812.633352,"regime":"FLIP ZONE","dgrp":46.87166764934061,"conf":81.0}}