{"BTCUSDT":{"ts":1779621338.957861,"regime":"POSITIVE","dgrp":42.21645793028255,"conf":96.0}}