{"BTCUSDT":{"ts":1779425239.584021,"regime":"FLIP ZONE","dgrp":42.288521268507964,"conf":87.66666666666666}}