{
  "total_signals_sent": 618,
  "total_signals_evaluated": 4043,
  "total_signals_rejected": 3327,
  "win_count": 735,
  "loss_count": 1660,
  "total_profit_pct": -452.89662123722536,
  "scan_cycles": 7909,
  "last_signal_quality": 91.152259523611,
  "trade_returns": [
    1.85,
    -1.0,
    -1.0,
    -1.0,
    -1.0,
    1.85,
    -1.0,
    -1.0,
    -1.0,
    1.85,
    -1.0,
    -1.0,
    -1.0,
    1.85,
    -1.0,
    -1.0,
    -1.0,
    -1.0,
    1.85,
    -1.0,
    -1.0,
    -1.0,
    1.85,
    -1.0,
    -1.0,
    -1.0,
    1.85,
    -1.0,
    -1.0,
    -1.0,
    1.85,
    -1.0,
    -1.0,
    -1.0,
    -1.0,
    1.85,
    -1.0,
    -1.0,
    -1.0,
    1.85,
    -1.0,
    -1.0,
    -1.0,
    1.85,
    -1.0,
    -1.0,
    -1.0,
    -1.0,
    1.85,
    -1.0,
    -1.0,
    -1.0,
    1.85,
    -1.0,
    -1.0,
    -1.0,
    1.85,
    -1.0,
    -1.0,
    -1.0,
    1.85,
    -1.0,
    -1.0,
    -1.0,
    -1.0,
    1.85,
    -1.0,
    -1.0,
    -1.0,
    1.85,
    -1.0,
    -1.0,
    -1.0,
    1.85,
    -1.0,
    -1.0,
    -1.0,
    1.85,
    -1.0,
    -1.0,
    -1.0,
    -1.0,
    1.85,
    -1.0,
    -1.0,
    -1.0,
    1.85,
    -1.0,
    -1.0,
    -1.0,
    1.85,
    -1.0,
    -1.0,
    -1.0,
    -1.0,
    1.85,
    -1.0,
    -1.0,
    -1.0,
    1.85,
    1.85,
    -0.6,
    -0.8,
    -1.0,
    -1.2,
    1.85,
    -1.4,
    -0.6,
    -0.8,
    1.85,
    -1.0,
    -1.2,
    -1.4,
    1.85,
    -0.6,
    -0.8,
    -1.0,
    -1.2,
    1.85,
    -1.4,
    -0.6,
    -0.8,
    1.85,
    -1.0,
    -1.2,
    -1.4,
    1.85,
    -0.6,
    -0.8,
    -1.0,
    1.85,
    -1.2,
    -1.4,
    -0.6,
    -0.8,
    1.85,
    -1.0,
    -1.2,
    -1.4,
    1.85,
    -0.6,
    -0.8,
    -1.0,
    1.85,
    -1.2,
    -1.4,
    -0.6,
    -0.8,
    1.85,
    -1.0,
    -1.2,
    -1.4,
    1.85,
    -0.6,
    -0.8,
    -1.0,
    1.85,
    -1.2,
    -1.4,
    -0.6,
    1.85,
    -0.8,
    -1.0,
    -1.2,
    -1.4,
    1.85,
    -0.6,
    -0.8,
    -1.0,
    1.85,
    -1.2,
    -1.4,
    -0.6,
    1.85,
    -0.8,
    -1.0,
    -1.2,
    1.85,
    -1.4,
    -0.6,
    -0.8,
    -1.0,
    1.85,
    -1.2,
    -1.4,
    -0.6,
    1.85,
    -0.8,
    -1.0,
    -1.2,
    1.85,
    -1.4,
    -0.6,
    -0.8,
    -1.0,
    1.85,
    -1.2,
    -1.4,
    -0.6,
    1.85
  ],
  "peak_equity": 101.85,
  "current_equity": 52.516700685738876,
  "max_drawdown_pct": 49.373795692078595,
  "saved_at": "2026-05-10T03:44:52.725357"
}