{"BTCUSDT":{"ts":1779620559.2067828,"regime":"FLIP ZONE","dgrp":45.25924468058552,"conf":96.0}}