{
  "total_signals_sent": 690,
  "total_signals_evaluated": 4280,
  "total_signals_rejected": 3492,
  "win_count": 740,
  "loss_count": 1700,
  "total_profit_pct": -659.0907317335889,
  "scan_cycles": 8437,
  "last_signal_quality": 97.05017545587064,
  "trade_returns": [
    1.85,
    -1.0,
    -1.0,
    -1.0,
    -1.0,
    1.85,
    -1.0,
    -1.0,
    -1.0,
    1.85,
    -1.0,
    -1.0,
    -1.0,
    1.85,
    -1.0,
    -1.0,
    -1.0,
    -1.0,
    1.85,
    -1.0,
    -1.0,
    -1.0,
    1.85,
    -1.0,
    -1.0,
    -1.0,
    1.85,
    -1.0,
    -1.0,
    -1.0,
    1.85,
    -1.0,
    -1.0,
    -1.0,
    -1.0,
    1.85,
    -1.0,
    -1.0,
    -1.0,
    1.85,
    -1.0,
    -1.0,
    -1.0,
    1.85,
    -1.0,
    -1.0,
    -1.0,
    -1.0,
    1.85,
    -1.0,
    -1.0,
    -1.0,
    1.85,
    -1.0,
    -1.0,
    -1.0,
    1.85,
    -1.0,
    -1.0,
    -1.0,
    1.85,
    -1.0,
    -1.0,
    -1.0,
    -1.0,
    1.85,
    -1.0,
    -1.0,
    -1.0,
    1.85,
    -1.0,
    -1.0,
    -1.0,
    1.85,
    -1.0,
    -1.0,
    -1.0,
    1.85,
    -1.0,
    -1.0,
    -1.0,
    -1.0,
    1.85,
    -1.0,
    -1.0,
    -1.0,
    1.85,
    -1.0,
    -1.0,
    -1.0,
    1.85,
    -1.0,
    -1.0,
    -1.0,
    -1.0,
    1.85,
    -1.0,
    -1.0,
    -1.0,
    1.85,
    1.85,
    -0.6,
    -0.8,
    -1.0,
    -1.2,
    1.85,
    -1.4,
    -0.6,
    -0.8,
    1.85,
    -1.0,
    -1.2,
    -1.4,
    1.85,
    -0.6,
    -0.8,
    -1.0,
    -1.2,
    1.85,
    -1.4,
    -0.6,
    -0.8,
    1.85,
    -1.0,
    -1.2,
    -1.4,
    1.85,
    -0.6,
    -0.8,
    -1.0,
    1.85,
    -1.2,
    -1.4,
    -0.6,
    -0.8,
    1.85,
    -1.0,
    -1.2,
    -1.4,
    1.85,
    -0.6,
    -0.8,
    -1.0,
    1.85,
    -1.2,
    -1.4,
    -0.6,
    -0.8,
    1.85,
    -1.0,
    -1.2,
    -1.4,
    1.85,
    -0.6,
    -0.8,
    -1.0,
    1.85,
    -1.2,
    -1.4,
    -0.6,
    1.85,
    -0.8,
    -1.0,
    -1.2,
    -1.4,
    1.85,
    -0.6,
    -0.8,
    -1.0,
    1.85,
    -1.2,
    -1.4,
    -0.6,
    1.85,
    -0.8,
    -1.0,
    -1.2,
    1.85,
    -1.4,
    -0.6,
    -0.8,
    -1.0,
    1.85,
    -1.2,
    -1.4,
    -0.6,
    1.85,
    -0.8,
    -1.0,
    -1.2,
    1.85,
    -1.4,
    -0.6,
    -0.8,
    -1.0,
    1.85,
    -1.2,
    -1.4,
    -0.6,
    1.85
  ],
  "peak_equity": 101.85,
  "current_equity": 52.516700685738876,
  "max_drawdown_pct": 49.373795692078595,
  "saved_at": "2026-05-14T13:03:26.366789"
}