{"BTCUSDT":{"ts":1780224713.4946826,"regime":"POSITIVE","dgrp":39.57731781536068,"conf":86.0}}