{"BTCUSDT":{"ts":1778762641.4190905,"regime":"FLIP ZONE","dgrp":50.10831068963358,"conf":81.35714285714286}}