{"BTCUSDT":{"ts":1780285455.1940663,"regime":"POSITIVE","dgrp":36.463563866793336,"conf":93.77777777777777}}