{"gate_stats":{"gate_ev":{"pass":2281,"fail":1240},"gate_session":{"pass":1404,"fail":877},"gate_min_tp1":{"pass":2269,"fail":0},"gate_blacklist":{"pass":1017,"fail":359},"gate1":{"pass":2177,"fail":92},"gate2":{"pass":2125,"fail":52},"gate3":{"pass":1756,"fail":289},"gate4":{"pass":1256,"fail":500},"gate5":{"pass":1244,"fail":12},"gate6":{"pass":1244,"fail":0},"gate7":{"pass":1225,"fail":19},"gate8":{"pass":1216,"fail":9},"gate9":{"pass":1008,"fail":208},"gate10":{"pass":995,"fail":13},"gate_markov":{"pass":885,"fail":4},"gate_vibe":{"pass":375,"fail":0}},"cooldowns":{"DOTUSDT":1780286514.1774726,"SUIUSDT":1780286619.9505289,"ADAUSDT":1780286621.7109852,"IDUSDT":1780286796.17572,"AVAXUSDT":1780286654.678841,"APTUSDT":1780286655.8320937,"INJUSDT":1780286756.7787926},"adaptive_irons_min":68.0,"saved_at":1780286929.854647,"pnl_ring":[0.025,-0.006,-0.008,-0.01,0.025,-0.012,-0.014,0.025,-0.006,-0.008,0.025,-0.01,-0.012,-0.014,0.025,-0.006,-0.008,0.025,-0.01,-0.012,-0.0517711171662125,-0.025645896656534873,-0.9778847600421336,-0.03823413480488761,-0.023809523809523784,-0.01053185887309111,-0.024983248779553952,-0.030879962851172463,-0.7750736319950505,0.0524984653161449,-0.9382329945269793,0.012078366139913284,-0.024128686327077695,0.012918555344348645,-0.014143530644316367,0.014226066209364905,0.04207263418926497,-0.5607678205542931,-0.011554015020219537,0.024687668282175505,-0.5503890681343693,-0.01553075995174906,-0.6966966966966947,-0.019855693593012667,-0.012422360248447123,-0.03486808939674005,-0.4987527716186252,-0.6719865602688022,0.01366177498252959,0.9998846397877367,0.019249854057209612,-0.024937057906725794,-0.011524056467876702,0.04257496857604582,-0.8108108108108031,-0.0207607213214124,-0.7029614119054715,-0.014277171475556804,-0.6551072289941956,-0.015564202334630364,-0.026283240568954844,-0.054776219104876504],"bayes_alpha":759.0,"bayes_beta":1805.0,"irons_ring":[75.0,74.0,78.0,75.0,74.0,75.0,76.0,76.0,74.0,76.0,77.0,73.0,77.0,75.0,73.0,79.0,74.0,75.0,73.0,79.0,79.0,72.0,75.0,76.0,79.0,78.0,72.0,71.0,70.0,74.0,73.0,75.0,74.0,76.0,76.0,77.0,73.0,72.0,74.0,77.0,76.0,74.0,77.0,77.0,74.0,71.0,75.0,77.0,72.0,75.0,78.0,79.0,73.0,77.0,76.0,76.0,76.0,77.0,72.0,70.0,70.0,76.0,79.0,79.0,70.0,74.0,79.0,79.0,73.0,72.0,78.0,72.0,74.0,72.0,76.0,76.0,75.0,74.0,74.0,73.0,75.0,74.0,73.0,73.0,77.0,74.0,76.0,73.0,74.0,71.0,72.0,72.0,77.0,78.0,78.0,73.0,75.0,76.0,77.0,73.0],"ev_fail_streak":{"OPUSDT":4,"MITOUSDT":6,"BLUAIUSDT":5,"RIVERUSDT":3,"BTCUSDT":7,"ETHUSDT":4,"SUPERUSDT":1,"TRUSTUSDT":2,"ERAUSDT":2,"DEXEUSDT":2,"CHZUSDT":1,"PHAROSUSDT":2,"EDENUSDT":2,"AXSUSDT":4,"XRPUSDT":2,"TAUSDT":1},"ob_fail_streak":{"AIAUSDT":1,"EDENUSDT":1,"HANAUSDT":1,"BTCUSDT":1},"g1_fail_streak":{"MMTUSDT":5},"g3_fail_streak":{"TONUSDT":1,"DOGEUSDT":1,"ARKMUSDT":3,"HIVEUSDT":2},"g9_fail_streak":{"MMTUSDT":3},"nn_hard_reject_cooldown":{"TAUSDT":1780286993.6013038}}