{"BTCUSDT":{"ts":1780225462.0594897,"regime":"POSITIVE","dgrp":38.559966881062536,"conf":96.0}}