{"gate_stats":{"gate_ev":{"pass":2011,"fail":1136},"gate_session":{"pass":1195,"fail":816},"gate_min_tp1":{"pass":1999,"fail":0},"gate_blacklist":{"pass":620,"fail":175},"gate1":{"pass":1921,"fail":78},"gate2":{"pass":1910,"fail":11},"gate3":{"pass":1566,"fail":269},"gate4":{"pass":1069,"fail":497},"gate5":{"pass":1057,"fail":12},"gate6":{"pass":1057,"fail":0},"gate7":{"pass":1043,"fail":14},"gate8":{"pass":1034,"fail":9},"gate9":{"pass":844,"fail":190},"gate10":{"pass":831,"fail":13},"gate_markov":{"pass":511,"fail":4},"gate_vibe":{"pass":193,"fail":0},"gate_funding":{"pass":2,"fail":0},"gate_mark_div":{"pass":2,"fail":0},"gate_vev":{"pass":2,"fail":0},"gate_cvar":{"pass":2,"fail":0},"gate_liq_cascade":{"pass":2,"fail":0},"gate_book_imb":{"pass":2,"fail":0}},"cooldowns":{"LABUSDT":1779507793.0347743},"adaptive_irons_min":65.0,"saved_at":1779508339.3910437,"pnl_ring":[0.022000000000000002,-0.006,-0.008,-0.01,0.022000000000000002,-0.012,-0.014,0.022000000000000002,-0.006,-0.008,0.022000000000000002,-0.01,-0.012,-0.014,0.022000000000000002,-0.006,-0.008,0.022000000000000002,-0.01,-0.012,-0.05987501816596427,-0.0535080535080536,-0.03160511363636365,-0.05739897686206415,-0.010169783676635357,-0.03207581556406042,-0.029560810810810835,-0.17831257476602638,-0.044039483675019024,-0.04364716636197443,-0.04536489151873771,-0.04236855538540077,-0.0384068278805122,-0.06916627852817886,-0.01332760103181433,-0.04002405452358669],"bayes_alpha":746.0,"bayes_beta":1737.0,"irons_ring":[76.0,77.0,76.0,78.0,77.0,74.0,78.0,71.0,75.0,74.0,78.0,77.0,74.0,77.0,77.0,76.0,76.0,71.0,75.0,72.0,78.0,77.0,75.0,75.0,77.0,77.0,77.0,70.0,77.0,72.0,74.0,75.0,75.0,78.0,73.0,71.0,74.0,73.0,76.0,76.0,70.0,76.0,70.0,73.0,76.0,77.0,75.0,74.0,71.0,76.0,77.0,76.0,73.0,75.0,75.0,73.0,74.0,78.0,76.0,75.0,74.0,75.0,76.0,77.0,75.0,76.0,71.0,79.0,76.0,79.0,76.0,72.0,75.0,76.0,76.0,79.0,76.0,74.0,73.0,74.0,75.0,75.0,77.0,73.0,78.0,73.0,76.0,71.0,76.0,71.0,78.0,71.0,78.0,76.0,72.0,73.0,68.0,68.0,74.0,73.0],"ev_fail_streak":{"XRPUSDT":4,"TRXUSDT":3,"OPUSDT":4,"LTCUSDT":3,"BCHUSDT":3,"BNBUSDT":3,"AVAXUSDT":6,"ARBUSDT":3,"DOGEUSDT":4,"MITOUSDT":6,"AVNTUSDT":1,"ZECUSDT":2,"UNIUSDT":3,"ESPORTSUSDT":3,"LINKUSDT":5,"CHZUSDT":2,"PHAROSUSDT":4},"ob_fail_streak":{"CHZUSDT":1,"AIAUSDT":1},"g1_fail_streak":{},"g3_fail_streak":{"TONUSDT":1},"g9_fail_streak":{},"nn_hard_reject_cooldown":{}}