{"BTCUSDT":{"ts":1779507615.6475885,"regime":"FLIP ZONE","dgrp":53.51795936097485,"conf":86.35714285714286}}