{"BTCUSDT":{"ts":1778383835.3770788,"regime":"FLIP ZONE","dgrp":44.037033047540966,"conf":96.0}}