{"BTCUSDT":{"ts":1780226274.2128205,"regime":"POSITIVE","dgrp":44.26905514287671,"conf":81.0}}