{"BTCUSDT":{"ts":1779507028.8673031,"regime":"FLIP ZONE","dgrp":53.82879800816232,"conf":83.08333333333334}}