{"BTCUSDT":{"ts":1779333980.0628705,"regime":"POSITIVE","dgrp":38.279250500985874,"conf":96.0},"ETHUSDT":{"ts":1779333980.062887,"regime":"FLIP ZONE","dgrp":37.70620300631902,"conf":96.0},"ZECUSDT":{"ts":1779333980.0628955,"regime":"FLIP ZONE","dgrp":59.13368926567189,"conf":96.0},"HYPEUSDT":{"ts":1779333980.0629048,"regime":"FLIP ZONE","dgrp":42.10280364987515,"conf":96.0},"SOLUSDT":{"ts":1779333980.0629199,"regime":"FLIP ZONE","dgrp":38.74535408411266,"conf":96.0},"BSBUSDT":{"ts":1779333980.0629294,"regime":"FLIP ZONE","dgrp":35.9892243992857,"conf":95.0},"EDENUSDT":{"ts":1779333980.0629387,"regime":"FLIP ZONE","dgrp":41.203632491656144,"conf":94.0},"FIDAUSDT":{"ts":1779333980.0629466,"regime":"FLIP ZONE","dgrp":42.25432619291752,"conf":80.33333333333333},"XRPUSDT":{"ts":1779333938.337084,"regime":"FLIP ZONE","dgrp":34.96558054524364,"conf":96.0},"PLAYUSDT":{"ts":1779333938.3370907,"regime":"FLIP ZONE","dgrp":46.10280127906302,"conf":96.0},"DOGEUSDT":{"ts":1779333938.3370965,"regime":"FLIP ZONE","dgrp":42.49849217516554,"conf":96.0},"SUIUSDT":{"ts":1779333938.3371031,"regime":"FLIP ZONE","dgrp":45.97412230654756,"conf":96.0},"BNBUSDT":{"ts":1779333938.3371098,"regime":"FLIP ZONE","dgrp":35.3003054842915,"conf":96.0},"TONUSDT":{"ts":1779333938.3371165,"regime":"FLIP ZONE","dgrp":35.421414414632835,"conf":96.0},"ONDOUSDT":{"ts":1779333938.337123,"regime":"FLIP ZONE","dgrp":41.354932536920074,"conf":96.0},"LITUSDT":{"ts":1779333938.3371298,"regime":"FLIP ZONE","dgrp":40.042706191197595,"conf":96.0},"NEARUSDT":{"ts":1779333938.3371356,"regime":"FLIP ZONE","dgrp":38.449928738150795,"conf":96.0},"1000PEPEUSDT":{"ts":1779333938.3371415,"regime":"FLIP ZONE","dgrp":41.83450687668102,"conf":96.0},"LABUSDT":{"ts":1779333938.3371482,"regime":"FLIP ZONE","dgrp":38.93766533460256,"conf":86.0},"DASHUSDT":{"ts":1779333938.3371544,"regime":"FLIP ZONE","dgrp":59.18812005197933,"conf":95.25},"VVVUSDT":{"ts":1779333938.3371603,"regime":"FLIP ZONE","dgrp":46.724165651035214,"conf":86.0},"BILLUSDT":{"ts":1779333938.337166,"regime":"FLIP ZONE","dgrp":44.99364125195845,"conf":96.0},"TAOUSDT":{"ts":1779333938.3371713,"regime":"FLIP ZONE","dgrp":45.23227808626522,"conf":96.0},"SKYAIUSDT":{"ts":1779333938.3371768,"regime":"FLIP ZONE","dgrp":45.80693158348256,"conf":90.72222222222223},"ADAUSDT":{"ts":1779333938.3371828,"regime":"FLIP ZONE","dgrp":35.843182606977734,"conf":96.0},"BCHUSDT":{"ts":1779333938.3371875,"regime":"FLIP ZONE","dgrp":62.94662676518341,"conf":96.0},"JTOUSDT":{"ts":1779333938.3371928,"regime":"FLIP ZONE","dgrp":40.901412009860834,"conf":96.0},"WLDUSDT":{"ts":1779333938.3371978,"regime":"FLIP ZONE","dgrp":48.9043830234318,"conf":96.0},"AVAXUSDT":{"ts":1779333938.3372047,"regime":"FLIP ZONE","dgrp":37.66422980380075,"conf":96.0},"LINKUSDT":{"ts":1779333938.3372104,"regime":"FLIP ZONE","dgrp":43.714997009376965,"conf":96.0},"ASTERUSDT":{"ts":1779333938.337216,"regime":"FLIP ZONE","dgrp":37.94792181726796,"conf":95.0},"NILUSDT":{"ts":1779333938.3372214,"regime":"FLIP ZONE","dgrp":32.47471599150512,"conf":81.0},"PAXGUSDT":{"ts":1779333959.2270725,"regime":"FLIP ZONE","dgrp":39.08776642891615,"conf":87.66666666666666},"PENGUUSDT":{"ts":1779333959.2270875,"regime":"FLIP ZONE","dgrp":46.49139405273468,"conf":96.0},"UNIUSDT":{"ts":1779333959.2270958,"regime":"FLIP ZONE","dgrp":34.895333843133805,"conf":91.0},"INJUSDT":{"ts":1779333959.227103,"regime":"FLIP ZONE","dgrp":56.80170241772786,"conf":96.0},"BANANAS31USDT":{"ts":1779333959.22711,"regime":"FLIP ZONE","dgrp":36.84993739100288,"conf":91.0},"CHIPUSDT":{"ts":1779333959.2271166,"regime":"FLIP ZONE","dgrp":53.99705431578507,"conf":96.0},"FILUSDT":{"ts":1779333959.2271233,"regime":"FLIP ZONE","dgrp":40.08455435681825,"conf":96.0},"ESPORTSUSDT":{"ts":1779333959.227129,"regime":"FLIP ZONE","dgrp":41.68052019950328,"conf":96.0},"ENAUSDT":{"ts":1779333959.2271357,"regime":"FLIP ZONE","dgrp":41.93290058338841,"conf":96.0},"PROMPTUSDT":{"ts":1779333959.2271426,"regime":"FLIP ZONE","dgrp":45.9009167149251,"conf":86.0},"PUMPUSDT":{"ts":1779333959.2271485,"regime":"FLIP ZONE","dgrp":39.94524919701285,"conf":96.0},"AAVEUSDT":{"ts":1779333959.2271547,"regime":"FLIP ZONE","dgrp":38.51826676852587,"conf":96.0},"PHAROSUSDT":{"ts":1779333959.2271614,"regime":"FLIP ZONE","dgrp":52.60606729166702,"conf":96.0},"TRUMPUSDT":{"ts":1779333959.227167,"regime":"FLIP ZONE","dgrp":46.45256703233612,"conf":96.0},"GUAUSDT":{"ts":1779333959.227173,"regime":"FLIP ZONE","dgrp":42.510883022489196,"conf":89.07692307692307},"LTCUSDT":{"ts":1779333959.227179,"regime":"FLIP ZONE","dgrp":31.019796662183698,"conf":96.0},"XMRUSDT":{"ts":1779333959.227184,"regime":"FLIP ZONE","dgrp":47.01787631360657,"conf":90.28571428571428},"TRXUSDT":{"ts":1779333959.2271905,"regime":"FLIP ZONE","dgrp":44.97661610394563,"conf":96.0},"CHZUSDT":{"ts":1779333959.227196,"regime":"FLIP ZONE","dgrp":42.46120023776763,"conf":83.61538461538461},"RONINUSDT":{"ts":1779333959.2272017,"regime":"FLIP ZONE","dgrp":57.2605356518024,"conf":92.25},"DOTUSDT":{"ts":1779333959.2272072,"regime":"FLIP ZONE","dgrp":42.1730301915497,"conf":96.0},"BUSDT":{"ts":1779333959.2272136,"regime":"FLIP ZONE","dgrp":62.338987934337155,"conf":95.75},"SAHARAUSDT":{"ts":1779333959.227219,"regime":"FLIP ZONE","dgrp":43.331668692739484,"conf":87.66666666666666},"BEATUSDT":{"ts":1779333959.2272246,"regime":"FLIP ZONE","dgrp":34.134178049768956,"conf":96.0},"ARBUSDT":{"ts":1779333959.2272303,"regime":"FLIP ZONE","dgrp":40.24494039398145,"conf":91.33333333333333},"FIGHTUSDT":{"ts":1779333959.2272363,"regime":"FLIP ZONE","dgrp":49.69748786182902,"conf":87.66666666666666},"HOMEUSDT":{"ts":1779333959.227243,"regime":"FLIP ZONE","dgrp":37.75229832995579,"conf":81.0},"SPACEUSDT":{"ts":1779333959.2272482,"regime":"FLIP ZONE","dgrp":40.05641810554916,"conf":96.0},"ZENUSDT":{"ts":1779333980.062489,"regime":"FLIP ZONE","dgrp":50.82561591087316,"conf":95.25},"FARTCOINUSDT":{"ts":1779333980.06251,"regime":"FLIP ZONE","dgrp":39.24290275577867,"conf":96.0},"UBUSDT":{"ts":1779333980.0625205,"regime":"FLIP ZONE","dgrp":37.46840225862532,"conf":81.0},"RIVERUSDT":{"ts":1779333980.06253,"regime":"FLIP ZONE","dgrp":41.84721533965149,"conf":83.08333333333334},"TIAUSDT":{"ts":1779333980.0625393,"regime":"FLIP ZONE","dgrp":45.8712011986462,"conf":96.0},"XLMUSDT":{"ts":1779333980.0625482,"regime":"FLIP ZONE","dgrp":33.00059975267424,"conf":96.0},"HUSDT":{"ts":1779333980.0625572,"regime":"FLIP ZONE","dgrp":43.801742744880784,"conf":96.0},"XAUTUSDT":{"ts":1779333980.0625648,"regime":"FLIP ZONE","dgrp":39.27567279843445,"conf":87.66666666666666},"XPLUSDT":{"ts":1779333980.0625737,"regime":"FLIP ZONE","dgrp":40.66902755570894,"conf":96.0},"ALTUSDT":{"ts":1779333980.0625825,"regime":"FLIP ZONE","dgrp":41.55246121181205,"conf":85.42857142857143},"KITEUSDT":{"ts":1779333980.0625916,"regime":"FLIP ZONE","dgrp":34.52919683931013,"conf":96.0},"PENDLEUSDT":{"ts":1779333980.0626001,"regime":"FLIP ZONE","dgrp":38.77180896936552,"conf":80.61538461538461},"ALGOUSDT":{"ts":1779333980.0626085,"regime":"FLIP ZONE","dgrp":49.55640400891192,"conf":96.0},"WLFIUSDT":{"ts":1779333980.0626173,"regime":"FLIP ZONE","dgrp":44.379598448023394,"conf":84.0},"OPUSDT":{"ts":1779333980.062625,"regime":"FLIP ZONE","dgrp":40.29877739807366,"conf":96.0},"BBUSDT":{"ts":1779333980.062633,"regime":"FLIP ZONE","dgrp":49.254256356806444,"conf":96.0},"IRYSUSDT":{"ts":1779333980.0626414,"regime":"FLIP ZONE","dgrp":66.21763823108432,"conf":96.0},"FOGOUSDT":{"ts":1779333980.0626485,"regime":"FLIP ZONE","dgrp":59.64660178027225,"conf":93.77777777777777},"币安人生USDT":{"ts":1779333980.0626576,"regime":"FLIP ZONE","dgrp":39.47109541107755,"conf":96.0},"1000SHIBUSDT":{"ts":1779333980.0628417,"regime":"FLIP ZONE","dgrp":45.143645387643815,"conf":96.0}}