{"BTCUSDT":{"ts":1778760922.6706655,"regime":"FLIP ZONE","dgrp":37.46509273090223,"conf":88.0}}