{"BTCUSDT":{"ts":1778382927.9231906,"regime":"FLIP ZONE","dgrp":40.78107454070916,"conf":96.0}}