{"gate_stats":{"gate_ev":{"pass":1909,"fail":1068},"gate_session":{"pass":1093,"fail":816},"gate_min_tp1":{"pass":1897,"fail":0},"gate_blacklist":{"pass":380,"fail":100},"gate1":{"pass":1819,"fail":78},"gate2":{"pass":1819,"fail":0},"gate3":{"pass":1483,"fail":266},"gate4":{"pass":987,"fail":496},"gate5":{"pass":975,"fail":12},"gate6":{"pass":975,"fail":0},"gate7":{"pass":962,"fail":13},"gate8":{"pass":953,"fail":9},"gate9":{"pass":764,"fail":189},"gate10":{"pass":751,"fail":13},"gate_markov":{"pass":341,"fail":4},"gate_vibe":{"pass":112,"fail":0},"gate_funding":{"pass":14,"fail":0},"gate_mark_div":{"pass":14,"fail":0},"gate_vev":{"pass":14,"fail":0},"gate_cvar":{"pass":14,"fail":0},"gate_liq_cascade":{"pass":9,"fail":0},"gate_book_imb":{"pass":9,"fail":0}},"cooldowns":{"XRPUSDT":1778761771.8311005,"DOGEUSDT":1778762082.6338577,"ARBUSDT":1778762237.3593757,"TRXUSDT":1778762368.8987858,"VELVETUSDT":1778762414.06112,"BBUSDT":1778762507.8304253,"TONUSDT":1778762507.8475034,"JTOUSDT":1778762543.8078039,"BNBUSDT":1778762653.533525,"HUSDT":1778762843.2406805,"BTCUSDT":1778762922.7883294,"AVAXUSDT":1778762922.9343655,"HBARUSDT":1778762967.522212,"TRUTHUSDT":1778763054.4826272,"ZECUSDT":1778763333.6312506,"RIVERUSDT":1778763516.510305,"ICPUSDT":1778763597.582444},"adaptive_irons_min":60.0,"saved_at":1778763729.9026058,"pnl_ring":[0.021000000000000005,-0.006,-0.008,-0.01,0.021000000000000005,-0.012,-0.014,0.021000000000000005,-0.006,-0.008,0.021000000000000005,-0.01,-0.012,-0.014,0.021000000000000005,-0.006,-0.008,0.021000000000000005,-0.01,-0.012,-0.1934063168491254,-0.03880111524163564,-0.08138878434324429,-0.09253267218556967,-0.9451183606171181,-0.056451612903225735,-0.017745854019224683,-0.05240979720832244,-0.05941407319521762,-0.0277777777777777,-0.07872928176795592,-0.07463768115942031,-0.10820525108684494,-0.055945499587118114,-0.6503251625812856,0.010003506926179231,-0.03443254415633209,-0.9771350400625375],"bayes_alpha":742.0,"bayes_beta":1700.0,"irons_ring":[76.0,77.0,75.0,71.0,72.0,72.0,78.0,74.0,75.0,74.0,73.0,75.0,75.0,73.0,75.0,77.0,78.0,77.0,74.0,71.0,76.0,73.0,74.0,74.0,74.0,69.0,74.0,81.0,71.0,72.0,70.0,69.0,73.0,75.0,71.0,73.0,72.0,76.0,75.0,73.0,75.0,73.0,75.0,73.0,71.0,75.0,71.0,77.0,77.0,77.0,75.0,74.0,77.0,74.0,70.0,68.0,70.0,69.0,75.0,75.0,73.0,77.0,80.0,77.0,70.0,74.0,78.0,77.0,78.0,72.0,70.0,76.0,75.0,75.0,77.0,78.0,77.0,75.0,77.0,72.0,76.0,77.0,76.0,78.0,77.0,74.0,78.0,71.0,75.0,74.0,78.0,77.0,74.0,77.0,77.0,76.0,76.0,71.0,75.0,72.0],"ev_fail_streak":{"1000SHIBUSDT":4,"MANTRAUSDT":5,"PNUTUSDT":7,"AAVEUSDT":1,"TRBUSDT":2,"DOTUSDT":38,"LINKUSDT":35,"BCHUSDT":12,"ADAUSDT":21,"LTCUSDT":28,"FOGOUSDT":1,"ETCUSDT":10,"XAUTUSDT":5,"PRLUSDT":2,"EIGENUSDT":3,"HIVEUSDT":3,"SWARMSUSDT":2,"STXUSDT":5,"CLANKERUSDT":1,"EDGEUSDT":3,"ARUSDT":2,"WIFUSDT":13,"HIGHUSDT":5,"CHZUSDT":7,"KSMUSDT":1,"NOTUSDT":2,"FILUSDT":10,"BUSDT":3,"OPUSDT":2,"DEEPUSDT":4,"CFGUSDT":3,"ACEUSDT":3,"JUPUSDT":3,"QTUMUSDT":3,"SOLUSDT":4,"PENDLEUSDT":1,"BTCUSDT":1,"SUIUSDT":1},"ob_fail_streak":{"NFPUSDT":1,"AKTUSDT":1,"SWARMSUSDT":5,"LABUSDT":3,"KITEUSDT":1},"g1_fail_streak":{"LABUSDT":2},"g3_fail_streak":{"PIEVERSEUSDT":1,"SWARMSUSDT":1,"ARUSDT":3},"g9_fail_streak":{"NFPUSDT":2,"STXUSDT":1},"nn_hard_reject_cooldown":{}}