{"BTCUSDT":{"ts":1779452053.268609,"regime":"POSITIVE","dgrp":36.92304192755446,"conf":86.35714285714286}}