{"gate_stats":{"gate_ev":{"pass":2259,"fail":1237},"gate_session":{"pass":1382,"fail":877},"gate_min_tp1":{"pass":2247,"fail":0},"gate_blacklist":{"pass":992,"fail":333},"gate1":{"pass":2155,"fail":92},"gate2":{"pass":2103,"fail":52},"gate3":{"pass":1737,"fail":286},"gate4":{"pass":1237,"fail":500},"gate5":{"pass":1225,"fail":12},"gate6":{"pass":1225,"fail":0},"gate7":{"pass":1206,"fail":19},"gate8":{"pass":1197,"fail":9},"gate9":{"pass":990,"fail":207},"gate10":{"pass":977,"fail":13},"gate_markov":{"pass":860,"fail":4},"gate_vibe":{"pass":356,"fail":0},"gate_funding":{"pass":4,"fail":0},"gate_mark_div":{"pass":4,"fail":0},"gate_vev":{"pass":4,"fail":0},"gate_cvar":{"pass":4,"fail":0},"gate_liq_cascade":{"pass":3,"fail":0},"gate_book_imb":{"pass":3,"fail":0}},"cooldowns":{"SEIUSDT":1780219988.7463737},"adaptive_irons_min":67.0,"saved_at":1780220824.2424738,"pnl_ring":[0.025,-0.006,-0.008,-0.01,0.025,-0.012,-0.014,0.025,-0.006,-0.008,0.025,-0.01,-0.012,-0.014,0.025,-0.006,-0.008,0.025,-0.01,-0.012,-0.0517711171662125,-0.025645896656534873,-0.9778847600421336,-0.03823413480488761,-0.023809523809523784,-0.01053185887309111,-0.024983248779553952,-0.030879962851172463,-0.7750736319950505,0.0524984653161449,-0.9382329945269793,0.012078366139913284,-0.024128686327077695,0.012918555344348645,-0.014143530644316367,0.014226066209364905,0.04207263418926497,-0.5607678205542931,-0.011554015020219537,0.024687668282175505,-0.5503890681343693,-0.01553075995174906,-0.6966966966966947,-0.019855693593012667,-0.012422360248447123,-0.03486808939674005,-0.4987527716186252,-0.6719865602688022,0.01366177498252959,0.9998846397877367,0.019249854057209612,-0.024937057906725794],"bayes_alpha":758.0,"bayes_beta":1796.0,"irons_ring":[69.0,71.0,69.0,78.0,74.0,79.0,73.0,75.0,77.0,77.0,73.0,80.0,75.0,74.0,73.0,76.0,78.0,75.0,75.0,74.0,78.0,75.0,74.0,75.0,76.0,76.0,74.0,76.0,77.0,73.0,77.0,75.0,73.0,79.0,74.0,75.0,73.0,79.0,79.0,72.0,75.0,76.0,79.0,78.0,72.0,71.0,70.0,74.0,73.0,75.0,74.0,76.0,76.0,77.0,73.0,72.0,74.0,77.0,76.0,74.0,77.0,77.0,74.0,71.0,75.0,77.0,72.0,75.0,78.0,79.0,73.0,77.0,76.0,76.0,76.0,77.0,72.0,70.0,70.0,76.0,79.0,79.0,70.0,74.0,79.0,79.0,73.0,72.0,78.0,72.0,74.0,72.0,76.0,76.0,75.0,74.0,74.0,73.0,75.0,74.0],"ev_fail_streak":{"OPUSDT":4,"BCHUSDT":5,"MITOUSDT":6,"BLUAIUSDT":5,"RIVERUSDT":3,"RENDERUSDT":5,"BTCUSDT":7,"ETHUSDT":4,"SUPERUSDT":1,"TRUSTUSDT":2,"ERAUSDT":2,"DEXEUSDT":2,"CHZUSDT":1,"PHAROSUSDT":2,"EDENUSDT":2,"FILUSDT":2,"AXSUSDT":4,"XRPUSDT":2,"DOTUSDT":1},"ob_fail_streak":{"AIAUSDT":1,"EDENUSDT":1,"HANAUSDT":1,"BTCUSDT":1},"g1_fail_streak":{"MMTUSDT":5},"g3_fail_streak":{"TONUSDT":1,"DOGEUSDT":1,"ARKMUSDT":3},"g9_fail_streak":{"MMTUSDT":3,"AVAXUSDT":2},"nn_hard_reject_cooldown":{}}