{"gate_stats":{"gate_ev":{"pass":927,"fail":0},"gate_session":{"pass":635,"fail":292},"gate_min_tp1":{"pass":915,"fail":0},"gate_blacklist":{"pass":0,"fail":7},"gate1":{"pass":915,"fail":0},"gate2":{"pass":915,"fail":0},"gate3":{"pass":710,"fail":194},"gate4":{"pass":236,"fail":474},"gate5":{"pass":227,"fail":9},"gate6":{"pass":227,"fail":0},"gate7":{"pass":226,"fail":1},"gate8":{"pass":217,"fail":9},"gate9":{"pass":214,"fail":3},"gate10":{"pass":201,"fail":13},"gate_funding":{"pass":3,"fail":0},"gate_book_imb":{"pass":3,"fail":0}},"cooldowns":{"ZBTUSDT":1777710417.506334,"RIVERUSDT":1777710439.9850228},"adaptive_irons_min":54.0,"saved_at":1777710524.9832726,"pnl_ring":[-0.02429494165492672,-0.02509277257465982,-0.01908235094563652,0.02017711823839149,-0.014060742407199112,-0.8222643896268262,-0.019429265330904555,-0.03305869189299165,-0.013129102844638963,-0.013899049012436018,-0.02378048780487797,-0.013129102844638963,-0.0109170305676856,0.017765225933202403,0.07579925650557635,0.02469496021220155,-0.9000000000000008,-0.7923930269413636,0.05018729756372346,0.024805241706650268,-0.7930214115781135,-0.5020395356134282,-0.012834978843441463,-0.03443877551020411,0.027417655934181683,-0.9174311926605566,-0.013031013812874654,-0.019015212169735778,-0.014553014553014429,-0.01536936043629148,-0.01937172774869115,-0.014685453462988723,-0.022156573116691357,-0.010391262856536845,-0.010611205432937145,0.014239839438033152,-0.017101990049751156,-0.02434456928838943,-0.020522388059701434,-0.018006547835576592,-0.04168318513903837,-0.011449973247726173,0.05250141803743619],"bayes_alpha":38.0,"bayes_beta":118.0}