{"BTCUSDT":{"ts":1779505197.8639183,"regime":"FLIP ZONE","dgrp":43.465389610899486,"conf":95.25}}