{"BTCUSDT":{"ts":1779426772.924171,"regime":"POSITIVE","dgrp":42.13430867523944,"conf":87.66666666666666},"ETHUSDT":{"ts":1779426772.9241865,"regime":"FLIP ZONE","dgrp":46.50719483319272,"conf":92.07692307692307},"HYPEUSDT":{"ts":1779426772.9241962,"regime":"FLIP ZONE","dgrp":49.95826170046934,"conf":96.0},"SOLUSDT":{"ts":1779426772.9242117,"regime":"POSITIVE","dgrp":46.52297180770479,"conf":86.0},"ZECUSDT":{"ts":1779426772.9242206,"regime":"FLIP ZONE","dgrp":56.43874931170451,"conf":91.33333333333333},"PROVEUSDT":{"ts":1779426772.92423,"regime":"FLIP ZONE","dgrp":68.7506146811312,"conf":92.58823529411765},"XRPUSDT":{"ts":1779426772.9242396,"regime":"FLIP ZONE","dgrp":45.158323823381366,"conf":96.0},"NEARUSDT":{"ts":1779426772.9242492,"regime":"FLIP ZONE","dgrp":51.3881214842404,"conf":87.61111111111111},"FIDAUSDT":{"ts":1779426772.9242585,"regime":"FLIP ZONE","dgrp":75.47801499165607,"conf":96.0},"BSBUSDT":{"ts":1779426772.9242678,"regime":"FLIP ZONE","dgrp":42.009495588322245,"conf":96.0},"EDENUSDT":{"ts":1779426772.9242783,"regime":"FLIP ZONE","dgrp":46.94839590049804,"conf":96.0},"SUIUSDT":{"ts":1779426772.9242878,"regime":"FLIP ZONE","dgrp":38.699560289059825,"conf":96.0},"DOGEUSDT":{"ts":1779426772.9242976,"regime":"FLIP ZONE","dgrp":42.36527635858199,"conf":91.0},"BNBUSDT":{"ts":1779426772.924307,"regime":"FLIP ZONE","dgrp":40.200968577034054,"conf":87.66666666666666},"ASTERUSDT":{"ts":1779426772.9243171,"regime":"FLIP ZONE","dgrp":39.81595012230392,"conf":96.0},"1000PEPEUSDT":{"ts":1779426772.924327,"regime":"FLIP ZONE","dgrp":41.969728266929366,"conf":81.0},"TAOUSDT":{"ts":1779426794.1803386,"regime":"FLIP ZONE","dgrp":40.3214436220852,"conf":96.0},"BILLUSDT":{"ts":1779426794.180355,"regime":"FLIP ZONE","dgrp":33.19651822246095,"conf":78.5},"ADAUSDT":{"ts":1779426794.180364,"regime":"FLIP ZONE","dgrp":40.04192603719365,"conf":96.0},"ONDOUSDT":{"ts":1779426794.1803725,"regime":"FLIP ZONE","dgrp":50.28332651515901,"conf":93.28571428571428},"LITUSDT":{"ts":1779426794.1803808,"regime":"FLIP ZONE","dgrp":45.98866005123501,"conf":96.0},"SKYAIUSDT":{"ts":1779426794.180389,"regime":"FLIP ZONE","dgrp":35.157700211219726,"conf":96.0},"TONUSDT":{"ts":1779426794.180397,"regime":"FLIP ZONE","dgrp":45.41625454434278,"conf":96.0},"WLDUSDT":{"ts":1779426794.1804044,"regime":"FLIP ZONE","dgrp":39.9257200074573,"conf":96.0},"VVVUSDT":{"ts":1779426794.1804116,"regime":"FLIP ZONE","dgrp":43.55369235166205,"conf":86.0},"LINKUSDT":{"ts":1779426794.1804197,"regime":"FLIP ZONE","dgrp":36.830346379809946,"conf":96.0},"AVAXUSDT":{"ts":1779426794.1804266,"regime":"FLIP ZONE","dgrp":36.73243139497903,"conf":96.0},"GRASSUSDT":{"ts":1779426794.1804342,"regime":"FLIP ZONE","dgrp":32.69257118471254,"conf":96.0},"DASHUSDT":{"ts":1779426794.1804414,"regime":"FLIP ZONE","dgrp":42.67007042854731,"conf":96.0},"BEATUSDT":{"ts":1779426794.1804485,"regime":"FLIP ZONE","dgrp":52.86518648890158,"conf":96.0},"FILUSDT":{"ts":1779426794.180455,"regime":"FLIP ZONE","dgrp":39.00181458198764,"conf":96.0},"JTOUSDT":{"ts":1779426794.1804621,"regime":"FLIP ZONE","dgrp":40.253243016969044,"conf":81.0},"LABUSDT":{"ts":1779426794.180471,"regime":"FLIP ZONE","dgrp":48.85523128034923,"conf":96.0},"ENAUSDT":{"ts":1779426794.1804807,"regime":"FLIP ZONE","dgrp":34.30600361799673,"conf":95.0},"INJUSDT":{"ts":1779426794.1804905,"regime":"FLIP ZONE","dgrp":48.25261707420418,"conf":87.66666666666666},"PLAYUSDT":{"ts":1779426794.1805015,"regime":"FLIP ZONE","dgrp":63.165115776745864,"conf":91.04761904761905},"DOTUSDT":{"ts":1779426794.1805105,"regime":"FLIP ZONE","dgrp":45.6841246840671,"conf":96.0},"PAXGUSDT":{"ts":1779426794.1805203,"regime":"FLIP ZONE","dgrp":46.95931584726034,"conf":96.0},"PENGUUSDT":{"ts":1779426794.18053,"regime":"FLIP ZONE","dgrp":37.36707446328255,"conf":96.0},"TRXUSDT":{"ts":1779426794.1805396,"regime":"FLIP ZONE","dgrp":39.1239642131715,"conf":78.5},"USELESSUSDT":{"ts":1779426794.18055,"regime":"FLIP ZONE","dgrp":45.282699501753704,"conf":82.42857142857143},"AAVEUSDT":{"ts":1779426794.18056,"regime":"FLIP ZONE","dgrp":38.71503072975064,"conf":78.5},"BUSDT":{"ts":1779426794.1805673,"regime":"FLIP ZONE","dgrp":47.48897685272621,"conf":96.0},"BCHUSDT":{"ts":1779426794.1805804,"regime":"FLIP ZONE","dgrp":42.78134207369796,"conf":84.9375},"UNIUSDT":{"ts":1779426815.5705643,"regime":"FLIP ZONE","dgrp":29.961386038678498,"conf":90.0},"LTCUSDT":{"ts":1779426815.5705826,"regime":"FLIP ZONE","dgrp":49.4671294889471,"conf":96.0},"UBUSDT":{"ts":1779426815.5705922,"regime":"FLIP ZONE","dgrp":43.938519377137006,"conf":86.08333333333334},"MITOUSDT":{"ts":1779426815.5706003,"regime":"FLIP ZONE","dgrp":55.13468070616426,"conf":94.33333333333333},"SWARMSUSDT":{"ts":1779426815.5706084,"regime":"FLIP ZONE","dgrp":34.52098223038229,"conf":96.0},"PHAROSUSDT":{"ts":1779426815.570616,"regime":"FLIP ZONE","dgrp":56.268534802466554,"conf":96.0},"TRUMPUSDT":{"ts":1779426815.570623,"regime":"FLIP ZONE","dgrp":37.250558170759405,"conf":96.0},"PUMPUSDT":{"ts":1779426815.5706444,"regime":"FLIP ZONE","dgrp":41.929881788342946,"conf":96.0},"AVNTUSDT":{"ts":1779426815.5706522,"regime":"FLIP ZONE","dgrp":52.1980472856866,"conf":96.0},"ARBUSDT":{"ts":1779426815.5706599,"regime":"FLIP ZONE","dgrp":37.955119413351966,"conf":96.0},"XMRUSDT":{"ts":1779426815.5706682,"regime":"FLIP ZONE","dgrp":54.02702939489679,"conf":96.0},"CHZUSDT":{"ts":1779426815.5706773,"regime":"FLIP ZONE","dgrp":39.16060911913639,"conf":95.0},"FETUSDT":{"ts":1779426815.5706844,"regime":"FLIP ZONE","dgrp":70.97876212650077,"conf":96.0},"AIGENSYNUSDT":{"ts":1779426815.5706913,"regime":"FLIP ZONE","dgrp":52.33548296903357,"conf":87.61111111111111},"RIVERUSDT":{"ts":1779426815.570699,"regime":"FLIP ZONE","dgrp":44.19800969421781,"conf":84.0},"FARTCOINUSDT":{"ts":1779426815.5707085,"regime":"FLIP ZONE","dgrp":39.01729568903889,"conf":91.0},"TSTUSDT":{"ts":1779426815.5707188,"regime":"FLIP ZONE","dgrp":41.75588293598868,"conf":87.66666666666666},"NILUSDT":{"ts":1779426815.5707278,"regime":"FLIP ZONE","dgrp":42.80756263679169,"conf":96.0},"GUAUSDT":{"ts":1779426815.5707483,"regime":"FLIP ZONE","dgrp":60.017489745129346,"conf":96.0},"ICPUSDT":{"ts":1779426815.5707572,"regime":"FLIP ZONE","dgrp":49.568962612146414,"conf":96.0},"EDGEUSDT":{"ts":1779426815.5707643,"regime":"FLIP ZONE","dgrp":45.218492010043505,"conf":86.35714285714286},"XLMUSDT":{"ts":1779426815.57077,"regime":"FLIP ZONE","dgrp":42.75680245949821,"conf":95.0},"OPGUSDT":{"ts":1779426815.570777,"regime":"FLIP ZONE","dgrp":53.00900519599524,"conf":96.0},"2ZUSDT":{"ts":1779426815.5707843,"regime":"FLIP ZONE","dgrp":41.67217938540758,"conf":78.5},"HUSDT":{"ts":1779426815.570792,"regime":"FLIP ZONE","dgrp":50.46816049089919,"conf":96.0},"OPENUSDT":{"ts":1779426815.5708,"regime":"FLIP ZONE","dgrp":45.31375707376415,"conf":78.5},"XPLUSDT":{"ts":1779426815.5708082,"regime":"FLIP ZONE","dgrp":53.78777567665427,"conf":95.25},"MEGAUSDT":{"ts":1779426815.5708146,"regime":"FLIP ZONE","dgrp":39.96901331971708,"conf":96.0},"PLUMEUSDT":{"ts":1779426772.9240751,"regime":"FLIP ZONE","dgrp":49.515518463046895,"conf":90.28571428571428},"CHIPUSDT":{"ts":1779426772.9240856,"regime":"FLIP ZONE","dgrp":70.42343916923491,"conf":93.61111111111111},"TIAUSDT":{"ts":1779426772.9240966,"regime":"FLIP ZONE","dgrp":41.477237523132096,"conf":90.66666666666666},"ATOMUSDT":{"ts":1779426772.924106,"regime":"FLIP ZONE","dgrp":48.46931086742056,"conf":96.0},"SAHARAUSDT":{"ts":1779426772.9241161,"regime":"FLIP ZONE","dgrp":30.687950413890213,"conf":81.0},"ESPORTSUSDT":{"ts":1779426772.9241266,"regime":"FLIP ZONE","dgrp":48.03203783854498,"conf":96.0},"RAVEUSDT":{"ts":1779426772.924137,"regime":"FLIP ZONE","dgrp":59.789141497768945,"conf":90.72222222222223},"VIRTUALUSDT":{"ts":1779426772.9241476,"regime":"FLIP ZONE","dgrp":43.90042272306426,"conf":96.0}}