{"BTCUSDT":{"ts":1780286928.0507603,"regime":"FLIP ZONE","dgrp":39.33726073826867,"conf":96.0}}