{"BTCUSDT":{"ts":1778763792.2261167,"regime":"POSITIVE","dgrp":37.986758001411104,"conf":78.35714285714286},"ETHUSDT":{"ts":1778763792.2261336,"regime":"POSITIVE","dgrp":34.128439173343,"conf":75.08333333333334},"SOLUSDT":{"ts":1778763792.2261481,"regime":"POSITIVE","dgrp":44.6201633793289,"conf":83.33333333333333},"DOGEUSDT":{"ts":1778763792.226158,"regime":"FLIP ZONE","dgrp":44.85409214972449,"conf":90.6875},"ZECUSDT":{"ts":1778763792.226167,"regime":"FLIP ZONE","dgrp":39.9560665094029,"conf":88.0},"XRPUSDT":{"ts":1778763792.226176,"regime":"FLIP ZONE","dgrp":48.52487393744277,"conf":88.0},"LABUSDT":{"ts":1778763792.2261844,"regime":"FLIP ZONE","dgrp":46.59568373929138,"conf":73.9375},"BILLUSDT":{"ts":1778763792.2261944,"regime":"FLIP ZONE","dgrp":52.89078365175263,"conf":80.8125},"BNBUSDT":{"ts":1778763792.2262013,"regime":"FLIP ZONE","dgrp":46.08055435235588,"conf":90.6875},"HYPEUSDT":{"ts":1778763792.2262113,"regime":"FLIP ZONE","dgrp":46.015319483633874,"conf":88.0},"INJUSDT":{"ts":1778763792.226221,"regime":"FLIP ZONE","dgrp":39.167311967425356,"conf":88.0},"SUIUSDT":{"ts":1778763792.2262297,"regime":"FLIP ZONE","dgrp":36.8964471574725,"conf":75.08333333333334},"TONUSDT":{"ts":1778763792.2262378,"regime":"FLIP ZONE","dgrp":37.12268996273401,"conf":83.0},"QUSDT":{"ts":1778763792.2262468,"regime":"FLIP ZONE","dgrp":51.59831028257107,"conf":76.55555555555556},"TRUTHUSDT":{"ts":1778763792.2262542,"regime":"FLIP ZONE","dgrp":40.964820468487574,"conf":85.72222222222223},"SIRENUSDT":{"ts":1778763792.2262626,"regime":"FLIP ZONE","dgrp":55.56881766831502,"conf":88.0},"SAGAUSDT":{"ts":1778763792.2262704,"regime":"FLIP ZONE","dgrp":46.87502327456756,"conf":83.0},"1000PEPEUSDT":{"ts":1778763792.2262793,"regime":"FLIP ZONE","dgrp":36.7503647648899,"conf":70.5},"BUSDT":{"ts":1778763792.2262847,"regime":"FLIP ZONE","dgrp":44.53454684215008,"conf":75.5},"AIGENSYNUSDT":{"ts":1778763792.226292,"regime":"FLIP ZONE","dgrp":59.16954237093399,"conf":88.0},"UBUSDT":{"ts":1778763750.237813,"regime":"FLIP ZONE","dgrp":45.82334588979319,"conf":88.0},"COSUSDT":{"ts":1778763750.2378228,"regime":"FLIP ZONE","dgrp":39.80064443577464,"conf":87.0},"ADAUSDT":{"ts":1778763750.2378325,"regime":"FLIP ZONE","dgrp":35.354485869444936,"conf":78.35714285714286},"NEARUSDT":{"ts":1778763750.2378411,"regime":"FLIP ZONE","dgrp":50.57644782460914,"conf":73.5},"VVVUSDT":{"ts":1778763750.2378492,"regime":"FLIP ZONE","dgrp":49.89137060721741,"conf":76.9375},"TAOUSDT":{"ts":1778763750.2378588,"regime":"FLIP ZONE","dgrp":41.414665056971444,"conf":83.33333333333333},"SKYAIUSDT":{"ts":1778763750.2378688,"regime":"FLIP ZONE","dgrp":50.14165462995821,"conf":88.0},"AVAXUSDT":{"ts":1778763750.2378788,"regime":"FLIP ZONE","dgrp":33.507486575816,"conf":78.35714285714286},"LINKUSDT":{"ts":1778763750.2378883,"regime":"FLIP ZONE","dgrp":42.30902727657219,"conf":78.35714285714286},"FILUSDT":{"ts":1778763750.2378972,"regime":"FLIP ZONE","dgrp":43.04130093797129,"conf":84.25},"RIVERUSDT":{"ts":1778763750.2379065,"regime":"FLIP ZONE","dgrp":58.03117598696634,"conf":87.25},"ONDOUSDT":{"ts":1778763750.237915,"regime":"FLIP ZONE","dgrp":35.90110293371475,"conf":73.9375},"TRUMPUSDT":{"ts":1778763750.2379243,"regime":"FLIP ZONE","dgrp":43.42100950972084,"conf":83.8125},"WLDUSDT":{"ts":1778763750.2379339,"regime":"FLIP ZONE","dgrp":58.52874495338974,"conf":84.25},"MLNUSDT":{"ts":1778763750.2379413,"regime":"FLIP ZONE","dgrp":79.81412507529919,"conf":93.25},"SAHARAUSDT":{"ts":1778763750.2379477,"regime":"FLIP ZONE","dgrp":42.46673693023491,"conf":83.0},"PIEVERSEUSDT":{"ts":1778763750.237954,"regime":"FLIP ZONE","dgrp":44.058020342394556,"conf":90.0},"TIAUSDT":{"ts":1778763750.2379603,"regime":"FLIP ZONE","dgrp":41.000182171607776,"conf":75.08333333333334},"KITEUSDT":{"ts":1778763750.237967,"regime":"FLIP ZONE","dgrp":33.35169754093042,"conf":79.66666666666667},"AAVEUSDT":{"ts":1778763750.237974,"regime":"FLIP ZONE","dgrp":33.271050663615995,"conf":88.0},"ENAUSDT":{"ts":1778763750.2379806,"regime":"FLIP ZONE","dgrp":35.544486254681914,"conf":78.35714285714286},"DOTUSDT":{"ts":1778763750.2379878,"regime":"FLIP ZONE","dgrp":36.84120245527228,"conf":78.35714285714286},"VELVETUSDT":{"ts":1778763750.2379959,"regime":"FLIP ZONE","dgrp":50.26663066972051,"conf":88.0},"LTCUSDT":{"ts":1778763750.2380018,"regime":"FLIP ZONE","dgrp":41.364704365521405,"conf":75.08333333333334},"AINUSDT":{"ts":1778763771.06807,"regime":"FLIP ZONE","dgrp":48.230921350492814,"conf":90.0},"PAXGUSDT":{"ts":1778763771.068087,"regime":"FLIP ZONE","dgrp":35.39641742546163,"conf":88.0},"CHIPUSDT":{"ts":1778763771.0680962,"regime":"FLIP ZONE","dgrp":68.06116997475301,"conf":86.8125},"IRYSUSDT":{"ts":1778763771.0681045,"regime":"FLIP ZONE","dgrp":34.45339943709256,"conf":88.0},"1000LUNCUSDT":{"ts":1778763771.0681136,"regime":"FLIP ZONE","dgrp":43.47000247333409,"conf":88.0},"FFUSDT":{"ts":1778763771.0681221,"regime":"FLIP ZONE","dgrp":41.29647532367047,"conf":70.5},"NAORISUSDT":{"ts":1778763771.0681293,"regime":"FLIP ZONE","dgrp":44.56791979755668,"conf":88.0},"PENGUUSDT":{"ts":1778763771.0681374,"regime":"FLIP ZONE","dgrp":40.197672794821536,"conf":83.33333333333333},"STARUSDT":{"ts":1778763771.0681458,"regime":"FLIP ZONE","dgrp":67.01472768270722,"conf":88.72222222222223},"TRXUSDT":{"ts":1778763771.068152,"regime":"FLIP ZONE","dgrp":37.49514712094292,"conf":88.0},"PUMPUSDT":{"ts":1778763771.06816,"regime":"FLIP ZONE","dgrp":48.884554776558865,"conf":88.05882352941177},"BCHUSDT":{"ts":1778763771.068167,"regime":"FLIP ZONE","dgrp":35.015032689758314,"conf":79.66666666666667},"BBUSDT":{"ts":1778763771.0681744,"regime":"FLIP ZONE","dgrp":51.34247093702674,"conf":88.0},"FARTCOINUSDT":{"ts":1778763771.068182,"regime":"FLIP ZONE","dgrp":37.22474381948471,"conf":70.5},"XMRUSDT":{"ts":1778763771.0681891,"regime":"FLIP ZONE","dgrp":40.110179692930586,"conf":70.5},"UNIUSDT":{"ts":1778763771.0681958,"regime":"FLIP ZONE","dgrp":35.52458980877587,"conf":83.33333333333333},"1000SHIBUSDT":{"ts":1778763771.068203,"regime":"FLIP ZONE","dgrp":38.59464998220777,"conf":85.77777777777777},"ASTERUSDT":{"ts":1778763771.0682106,"regime":"FLIP ZONE","dgrp":40.2539934760333,"conf":88.0},"SWARMSUSDT":{"ts":1778763771.0682175,"regime":"FLIP ZONE","dgrp":45.5894152037178,"conf":78.35714285714286},"BASEDUSDT":{"ts":1778763771.068224,"regime":"FLIP ZONE","dgrp":43.08925236740403,"conf":70.5},"JCTUSDT":{"ts":1778763771.068231,"regime":"FLIP ZONE","dgrp":34.68198543075197,"conf":88.0},"WLFIUSDT":{"ts":1778763771.0682378,"regime":"FLIP ZONE","dgrp":38.31812581875344,"conf":88.0},"XLMUSDT":{"ts":1778763771.0682445,"regime":"FLIP ZONE","dgrp":52.84724121979732,"conf":81.58823529411765},"ZBTUSDT":{"ts":1778763771.0682504,"regime":"FLIP ZONE","dgrp":39.98500970314694,"conf":78.0},"HUSDT":{"ts":1778763771.0682578,"regime":"FLIP ZONE","dgrp":43.19122108063736,"conf":88.0},"BSBUSDT":{"ts":1778763771.068265,"regime":"FLIP ZONE","dgrp":45.04524295699934,"conf":73.5},"CFXUSDT":{"ts":1778763771.0682719,"regime":"FLIP ZONE","dgrp":50.15010823705138,"conf":81.75},"ICPUSDT":{"ts":1778763771.0682786,"regime":"FLIP ZONE","dgrp":36.85833603601848,"conf":88.0},"DASHUSDT":{"ts":1778763792.2260013,"regime":"FLIP ZONE","dgrp":37.898016687132056,"conf":73.0},"APTUSDT":{"ts":1778763792.226019,"regime":"FLIP ZONE","dgrp":36.394393167103416,"conf":83.33333333333333},"JTOUSDT":{"ts":1778763792.2260451,"regime":"FLIP ZONE","dgrp":31.391913402598366,"conf":88.0},"1000BONKUSDT":{"ts":1778763792.2260556,"regime":"FLIP ZONE","dgrp":40.765286055695206,"conf":78.35714285714286},"PENDLEUSDT":{"ts":1778763792.226066,"regime":"FLIP ZONE","dgrp":41.310148081014674,"conf":82.66666666666667},"ATOMUSDT":{"ts":1778763792.2260766,"regime":"FLIP ZONE","dgrp":40.06649188541477,"conf":81.07692307692307},"XPLUSDT":{"ts":1778763792.2260866,"regime":"FLIP ZONE","dgrp":32.99303196359667,"conf":70.5},"HBARUSDT":{"ts":1778763792.226096,"regime":"FLIP ZONE","dgrp":47.00684343533911,"conf":88.0}}