{"BTCUSDT":{"ts":1779424616.7079306,"regime":"POSITIVE","dgrp":45.03185512046241,"conf":95.0},"ETHUSDT":{"ts":1779424616.7079432,"regime":"FLIP ZONE","dgrp":42.50737518186786,"conf":87.66666666666666},"HYPEUSDT":{"ts":1779424616.7079506,"regime":"FLIP ZONE","dgrp":45.83511893431586,"conf":96.0},"SOLUSDT":{"ts":1779424616.7079613,"regime":"POSITIVE","dgrp":42.348716783616254,"conf":96.0},"ZECUSDT":{"ts":1779424616.707968,"regime":"FLIP ZONE","dgrp":49.70528943893069,"conf":82.42857142857143},"PROVEUSDT":{"ts":1779424616.7079744,"regime":"FLIP ZONE","dgrp":66.83431512908206,"conf":84.5},"XRPUSDT":{"ts":1779424616.707981,"regime":"FLIP ZONE","dgrp":39.69675015437098,"conf":96.0},"BSBUSDT":{"ts":1779424616.7079883,"regime":"FLIP ZONE","dgrp":45.35954480493016,"conf":81.55555555555556},"FIDAUSDT":{"ts":1779424616.7079942,"regime":"FLIP ZONE","dgrp":58.54606160730034,"conf":78.5},"NEARUSDT":{"ts":1779424616.7080004,"regime":"FLIP ZONE","dgrp":48.28316744534525,"conf":90.72222222222223},"EDENUSDT":{"ts":1779424616.7080069,"regime":"FLIP ZONE","dgrp":48.583971441014455,"conf":90.28571428571428},"SUIUSDT":{"ts":1779424616.7080126,"regime":"FLIP ZONE","dgrp":40.32327229249011,"conf":96.0},"DOGEUSDT":{"ts":1779424616.7080185,"regime":"FLIP ZONE","dgrp":44.16634987641879,"conf":87.66666666666666},"BNBUSDT":{"ts":1779424616.708025,"regime":"FLIP ZONE","dgrp":37.099058818113086,"conf":86.0},"ASTERUSDT":{"ts":1779424616.708031,"regime":"FLIP ZONE","dgrp":42.1441490685802,"conf":96.0},"1000PEPEUSDT":{"ts":1779424616.708037,"regime":"FLIP ZONE","dgrp":39.66879545151562,"conf":81.0},"BILLUSDT":{"ts":1779424616.7080429,"regime":"FLIP ZONE","dgrp":41.99884279364984,"conf":96.0},"TAOUSDT":{"ts":1779424616.7080488,"regime":"FLIP ZONE","dgrp":39.957060760094386,"conf":96.0},"ADAUSDT":{"ts":1779424616.7080548,"regime":"FLIP ZONE","dgrp":45.051981239153115,"conf":96.0},"ONDOUSDT":{"ts":1779424616.7080593,"regime":"FLIP ZONE","dgrp":42.68262456758345,"conf":81.55555555555556},"LITUSDT":{"ts":1779424637.7890089,"regime":"FLIP ZONE","dgrp":45.29682400625227,"conf":96.0},"SKYAIUSDT":{"ts":1779424637.7890265,"regime":"FLIP ZONE","dgrp":41.80691262043558,"conf":96.0},"TONUSDT":{"ts":1779424637.7890356,"regime":"FLIP ZONE","dgrp":36.31027424447475,"conf":81.55555555555556},"WLDUSDT":{"ts":1779424637.7890441,"regime":"FLIP ZONE","dgrp":44.97023035456805,"conf":96.0},"VVVUSDT":{"ts":1779424637.7890513,"regime":"FLIP ZONE","dgrp":38.57324827500484,"conf":81.55555555555556},"LINKUSDT":{"ts":1779424637.7890592,"regime":"FLIP ZONE","dgrp":38.35079719530844,"conf":95.0},"AVAXUSDT":{"ts":1779424637.789066,"regime":"FLIP ZONE","dgrp":45.5837161186137,"conf":96.0},"DASHUSDT":{"ts":1779424637.7890732,"regime":"FLIP ZONE","dgrp":40.89708765565269,"conf":96.0},"GRASSUSDT":{"ts":1779424637.7890809,"regime":"FLIP ZONE","dgrp":42.32272091631771,"conf":88.8125},"BEATUSDT":{"ts":1779424637.7890882,"regime":"FLIP ZONE","dgrp":45.33021406360059,"conf":96.0},"FILUSDT":{"ts":1779424637.7890942,"regime":"FLIP ZONE","dgrp":39.5036062616331,"conf":96.0},"JTOUSDT":{"ts":1779424637.7891016,"regime":"FLIP ZONE","dgrp":39.24248116978288,"conf":81.0},"LABUSDT":{"ts":1779424637.789108,"regime":"FLIP ZONE","dgrp":50.04304944134205,"conf":96.0},"ENAUSDT":{"ts":1779424637.7891145,"regime":"FLIP ZONE","dgrp":33.6406862618155,"conf":96.0},"INJUSDT":{"ts":1779424637.789121,"regime":"FLIP ZONE","dgrp":51.07716728031657,"conf":86.0},"DOTUSDT":{"ts":1779424637.7891283,"regime":"FLIP ZONE","dgrp":49.553745282503904,"conf":96.0},"PAXGUSDT":{"ts":1779424637.7891352,"regime":"FLIP ZONE","dgrp":52.36979626966713,"conf":85.42857142857143},"PENGUUSDT":{"ts":1779424637.7891424,"regime":"FLIP ZONE","dgrp":40.250730106015546,"conf":96.0},"PLAYUSDT":{"ts":1779424637.78915,"regime":"FLIP ZONE","dgrp":61.48612736876896,"conf":87.5},"TRXUSDT":{"ts":1779424637.7891564,"regime":"FLIP ZONE","dgrp":41.36105130532995,"conf":87.66666666666666},"USELESSUSDT":{"ts":1779424637.789163,"regime":"FLIP ZONE","dgrp":42.03726005850947,"conf":96.0},"BUSDT":{"ts":1779424637.78917,"regime":"FLIP ZONE","dgrp":42.38241792201131,"conf":96.0},"AAVEUSDT":{"ts":1779424637.7891762,"regime":"FLIP ZONE","dgrp":38.671629639706104,"conf":86.0},"BCHUSDT":{"ts":1779424637.7891827,"regime":"FLIP ZONE","dgrp":43.12635424840882,"conf":96.0},"UNIUSDT":{"ts":1779424637.7891896,"regime":"FLIP ZONE","dgrp":34.223940325442996,"conf":91.0},"LTCUSDT":{"ts":1779424637.789197,"regime":"FLIP ZONE","dgrp":45.94431619976596,"conf":96.0},"UBUSDT":{"ts":1779424637.7892032,"regime":"FLIP ZONE","dgrp":47.71152776398843,"conf":96.0},"MITOUSDT":{"ts":1779424637.7892098,"regime":"FLIP ZONE","dgrp":54.800044427014214,"conf":96.0},"SWARMSUSDT":{"ts":1779424658.6278515,"regime":"FLIP ZONE","dgrp":44.499936661254445,"conf":96.0},"AVNTUSDT":{"ts":1779424658.627869,"regime":"FLIP ZONE","dgrp":49.75503480784477,"conf":83.08333333333334},"PUMPUSDT":{"ts":1779424658.6278784,"regime":"FLIP ZONE","dgrp":50.71168870440576,"conf":96.0},"TRUMPUSDT":{"ts":1779424658.6278863,"regime":"FLIP ZONE","dgrp":39.36485030536656,"conf":96.0},"ARBUSDT":{"ts":1779424658.627894,"regime":"FLIP ZONE","dgrp":38.93100129518614,"conf":96.0},"PHAROSUSDT":{"ts":1779424658.6279023,"regime":"FLIP ZONE","dgrp":50.24018933492045,"conf":93.77777777777777},"XMRUSDT":{"ts":1779424658.6279106,"regime":"FLIP ZONE","dgrp":53.74071015549162,"conf":96.0},"CHZUSDT":{"ts":1779424658.6279182,"regime":"FLIP ZONE","dgrp":39.88704256334179,"conf":91.0},"RIVERUSDT":{"ts":1779424658.6279263,"regime":"FLIP ZONE","dgrp":47.03539147246767,"conf":78.5},"AIGENSYNUSDT":{"ts":1779424658.6279335,"regime":"FLIP ZONE","dgrp":54.209594225047844,"conf":87.0},"FARTCOINUSDT":{"ts":1779424658.6279414,"regime":"FLIP ZONE","dgrp":42.221411420545486,"conf":86.35714285714286},"FETUSDT":{"ts":1779424658.6279495,"regime":"FLIP ZONE","dgrp":70.13644572728131,"conf":96.0},"TSTUSDT":{"ts":1779424658.6279578,"regime":"FLIP ZONE","dgrp":35.88432857827907,"conf":90.28571428571428},"NILUSDT":{"ts":1779424658.627965,"regime":"FLIP ZONE","dgrp":46.29719672882234,"conf":93.77777777777777},"GUAUSDT":{"ts":1779424658.6279733,"regime":"FLIP ZONE","dgrp":61.84785754185164,"conf":87.25},"ICPUSDT":{"ts":1779424658.6279805,"regime":"FLIP ZONE","dgrp":50.66941499600795,"conf":96.0},"EDGEUSDT":{"ts":1779424658.6279883,"regime":"FLIP ZONE","dgrp":47.80801091939009,"conf":96.0},"XLMUSDT":{"ts":1779424658.627996,"regime":"FLIP ZONE","dgrp":38.688619987048895,"conf":82.42857142857143},"2ZUSDT":{"ts":1779424658.6280031,"regime":"FLIP ZONE","dgrp":44.78008711864487,"conf":86.61538461538461},"HUSDT":{"ts":1779424658.62801,"regime":"FLIP ZONE","dgrp":47.00819945438951,"conf":96.0},"OPENUSDT":{"ts":1779424658.6280172,"regime":"FLIP ZONE","dgrp":38.191592673990776,"conf":81.0},"OPGUSDT":{"ts":1779424658.6280246,"regime":"FLIP ZONE","dgrp":41.563723898408185,"conf":96.0},"MEGAUSDT":{"ts":1779424658.6280327,"regime":"FLIP ZONE","dgrp":32.07102301738001,"conf":95.0},"XPLUSDT":{"ts":1779424658.628039,"regime":"FLIP ZONE","dgrp":44.92292032376502,"conf":96.0},"CHIPUSDT":{"ts":1779424658.6280458,"regime":"FLIP ZONE","dgrp":65.13275930891922,"conf":94.8125},"PLUMEUSDT":{"ts":1779424658.6280525,"regime":"FLIP ZONE","dgrp":41.158519376070345,"conf":81.0},"ATOMUSDT":{"ts":1779424658.6280603,"regime":"FLIP ZONE","dgrp":46.348491677706264,"conf":92.25},"TIAUSDT":{"ts":1779424658.628067,"regime":"FLIP ZONE","dgrp":45.39162588634044,"conf":96.0},"ESPORTSUSDT":{"ts":1779424616.7078907,"regime":"FLIP ZONE","dgrp":40.421133034207095,"conf":86.35714285714286},"SAHARAUSDT":{"ts":1779424616.7078996,"regime":"FLIP ZONE","dgrp":34.504621542771346,"conf":86.0},"VIRTUALUSDT":{"ts":1779424616.7079077,"regime":"FLIP ZONE","dgrp":44.05356844440985,"conf":96.0},"ALTUSDT":{"ts":1779424616.707915,"regime":"FLIP ZONE","dgrp":73.69959115766034,"conf":96.0}}