{"gate_stats":{"gate_ev":{"pass":1984,"fail":1118},"gate_session":{"pass":1168,"fail":816},"gate_min_tp1":{"pass":1972,"fail":0},"gate_blacklist":{"pass":566,"fail":152},"gate1":{"pass":1894,"fail":78},"gate2":{"pass":1894,"fail":0},"gate3":{"pass":1551,"fail":269},"gate4":{"pass":1055,"fail":496},"gate5":{"pass":1043,"fail":12},"gate6":{"pass":1043,"fail":0},"gate7":{"pass":1029,"fail":14},"gate8":{"pass":1020,"fail":9},"gate9":{"pass":830,"fail":190},"gate10":{"pass":817,"fail":13},"gate_markov":{"pass":466,"fail":4},"gate_vibe":{"pass":179,"fail":0}},"cooldowns":{"LITUSDT":1779425396.4510436,"DOTUSDT":1779425538.4992416,"TIAUSDT":1779425538.5038013},"adaptive_irons_min":65.0,"saved_at":1779425826.7999043,"pnl_ring":[0.022000000000000002,-0.006,-0.008,-0.01,0.022000000000000002,-0.012,-0.014,0.022000000000000002,-0.006,-0.008,0.022000000000000002,-0.01,-0.012,-0.014,0.022000000000000002,-0.006,-0.008,0.022000000000000002,-0.01,-0.012,-0.05987501816596427,-0.0535080535080536,-0.03160511363636365,-0.05739897686206415,-0.010169783676635357,-0.03207581556406042,-0.029560810810810835],"bayes_alpha":746.0,"bayes_beta":1728.0,"irons_ring":[78.0,77.0,78.0,72.0,70.0,76.0,75.0,75.0,77.0,78.0,77.0,75.0,77.0,72.0,76.0,77.0,76.0,78.0,77.0,74.0,78.0,71.0,75.0,74.0,78.0,77.0,74.0,77.0,77.0,76.0,76.0,71.0,75.0,72.0,78.0,77.0,75.0,75.0,77.0,77.0,77.0,70.0,77.0,72.0,74.0,75.0,75.0,78.0,73.0,71.0,74.0,73.0,76.0,76.0,70.0,76.0,70.0,73.0,76.0,77.0,75.0,74.0,71.0,76.0,77.0,76.0,73.0,75.0,75.0,73.0,74.0,78.0,76.0,75.0,74.0,75.0,76.0,77.0,75.0,76.0,71.0,79.0,76.0,79.0,76.0,72.0,75.0,76.0,76.0,79.0,76.0,74.0,73.0,74.0,75.0,75.0,77.0,73.0,78.0,73.0],"ev_fail_streak":{"XRPUSDT":4,"TRXUSDT":3,"OPUSDT":4,"LTCUSDT":3,"FILUSDT":3,"BCHUSDT":3,"BNBUSDT":3,"AVAXUSDT":4,"ARBUSDT":3,"DOGEUSDT":4,"MITOUSDT":3,"AVNTUSDT":1,"ZECUSDT":2,"UNIUSDT":2,"ESPORTSUSDT":2},"ob_fail_streak":{"CHZUSDT":1,"AIAUSDT":1},"g1_fail_streak":{},"g3_fail_streak":{"TONUSDT":1},"g9_fail_streak":{"RAVEUSDT":1},"nn_hard_reject_cooldown":{}}