{
  "total_signals_sent": 891,
  "total_signals_evaluated": 5134,
  "total_signals_rejected": 4144,
  "win_count": 757,
  "loss_count": 1803,
  "total_profit_pct": -569.2137032811553,
  "scan_cycles": 11352,
  "last_signal_quality": 0.0,
  "trade_returns": [
    1.85,
    -1.0,
    -1.0,
    -1.0,
    -1.0,
    1.85,
    -1.0,
    -1.0,
    -1.0,
    1.85,
    -1.0,
    -1.0,
    -1.0,
    1.85,
    -1.0,
    -1.0,
    -1.0,
    -1.0,
    1.85,
    -1.0,
    -1.0,
    -1.0,
    1.85,
    -1.0,
    -1.0,
    -1.0,
    1.85,
    -1.0,
    -1.0,
    -1.0,
    1.85,
    -1.0,
    -1.0,
    -1.0,
    -1.0,
    1.85,
    -1.0,
    -1.0,
    -1.0,
    1.85,
    -1.0,
    -1.0,
    -1.0,
    1.85,
    -1.0,
    -1.0,
    -1.0,
    -1.0,
    1.85,
    -1.0,
    -1.0,
    -1.0,
    1.85,
    -1.0,
    -1.0,
    -1.0,
    1.85,
    -1.0,
    -1.0,
    -1.0,
    1.85,
    -1.0,
    -1.0,
    -1.0,
    -1.0,
    1.85,
    -1.0,
    -1.0,
    -1.0,
    1.85,
    -1.0,
    -1.0,
    -1.0,
    1.85,
    -1.0,
    -1.0,
    -1.0,
    1.85,
    -1.0,
    -1.0,
    -1.0,
    -1.0,
    1.85,
    -1.0,
    -1.0,
    -1.0,
    1.85,
    -1.0,
    -1.0,
    -1.0,
    1.85,
    -1.0,
    -1.0,
    -1.0,
    -1.0,
    1.85,
    -1.0,
    -1.0,
    -1.0,
    1.85,
    1.85,
    -0.6,
    -0.8,
    -1.0,
    -1.2,
    1.85,
    -1.4,
    -0.6,
    -0.8,
    1.85,
    -1.0,
    -1.2,
    -1.4,
    1.85,
    -0.6,
    -0.8,
    -1.0,
    -1.2,
    1.85,
    -1.4,
    -0.6,
    -0.8,
    1.85,
    -1.0,
    -1.2,
    -1.4,
    1.85,
    -0.6,
    -0.8,
    -1.0,
    1.85,
    -1.2,
    -1.4,
    -0.6,
    -0.8,
    1.85,
    -1.0,
    -1.2,
    -1.4,
    1.85,
    -0.6,
    -0.8,
    -1.0,
    1.85,
    -1.2,
    -1.4,
    -0.6,
    -0.8,
    1.85,
    -1.0,
    -1.2,
    -1.4,
    1.85,
    -0.6,
    -0.8,
    -1.0,
    1.85,
    -1.2,
    -1.4,
    -0.6,
    1.85,
    -0.8,
    -1.0,
    -1.2,
    -1.4,
    1.85,
    -0.6,
    -0.8,
    -1.0,
    1.85,
    -1.2,
    -1.4,
    -0.6,
    1.85,
    -0.8,
    -1.0,
    -1.2,
    1.85,
    -1.4,
    -0.6,
    -0.8,
    -1.0,
    1.85,
    -1.2,
    -1.4,
    -0.6,
    1.85,
    -0.8,
    -1.0,
    -1.2,
    1.85,
    -1.4,
    -0.6,
    -0.8,
    -1.0,
    1.85,
    -1.2,
    -1.4,
    -0.6,
    1.85
  ],
  "peak_equity": 101.85,
  "current_equity": 52.516700685738876,
  "max_drawdown_pct": 49.373795692078595,
  "saved_at": "2026-05-31T11:04:22.723931"
}