{"BTCUSDT":{"ts":1779508299.053882,"regime":"FLIP ZONE","dgrp":54.739544587905115,"conf":83.08333333333334},"ETHUSDT":{"ts":1779508299.0538924,"regime":"FLIP ZONE","dgrp":53.01274670115105,"conf":83.08333333333334},"HYPEUSDT":{"ts":1779508299.053898,"regime":"FLIP ZONE","dgrp":47.41051363888936,"conf":83.08333333333334},"SOLUSDT":{"ts":1779508299.053907,"regime":"FLIP ZONE","dgrp":52.13342295493009,"conf":89.07692307692307},"ZECUSDT":{"ts":1779508299.0539129,"regime":"FLIP ZONE","dgrp":44.27815882787992,"conf":91.33333333333333},"NEARUSDT":{"ts":1779508299.053919,"regime":"FLIP ZONE","dgrp":46.727065023809146,"conf":81.55555555555556},"BEATUSDT":{"ts":1779508299.0539253,"regime":"FLIP ZONE","dgrp":51.70973230937226,"conf":81.25},"BSBUSDT":{"ts":1779508299.0539317,"regime":"FLIP ZONE","dgrp":56.668139470472426,"conf":81.25},"XRPUSDT":{"ts":1779508299.053938,"regime":"FLIP ZONE","dgrp":52.80126834971893,"conf":87.66666666666666},"EDENUSDT":{"ts":1779508299.0539443,"regime":"FLIP ZONE","dgrp":62.8331424783722,"conf":89.35294117647058},"DOGEUSDT":{"ts":1779508299.0539496,"regime":"FLIP ZONE","dgrp":50.608371868819944,"conf":96.0},"ONDOUSDT":{"ts":1779508299.0539548,"regime":"FLIP ZONE","dgrp":47.87330803400804,"conf":94.21428571428572},"SUIUSDT":{"ts":1779508299.0539854,"regime":"FLIP ZONE","dgrp":48.900079330976965,"conf":96.0},"GENIUSUSDT":{"ts":1779508299.0539942,"regime":"FLIP ZONE","dgrp":46.31783819489357,"conf":87.66666666666666},"BNBUSDT":{"ts":1779508299.0540016,"regime":"FLIP ZONE","dgrp":42.83009184818949,"conf":86.35714285714286},"WLDUSDT":{"ts":1779508299.0540097,"regime":"FLIP ZONE","dgrp":46.90223387730433,"conf":86.35714285714286},"FIDAUSDT":{"ts":1779508319.8886333,"regime":"FLIP ZONE","dgrp":60.86505201504583,"conf":86.11764705882354},"BILLUSDT":{"ts":1779508319.8886502,"regime":"FLIP ZONE","dgrp":45.16742382866805,"conf":96.0},"ALTUSDT":{"ts":1779508319.8886585,"regime":"FLIP ZONE","dgrp":66.60174039589143,"conf":86.33333333333333},"1000PEPEUSDT":{"ts":1779508319.8886662,"regime":"FLIP ZONE","dgrp":63.27063275024925,"conf":87.5},"ADAUSDT":{"ts":1779508319.888673,"regime":"FLIP ZONE","dgrp":48.42866743281023,"conf":87.66666666666666},"TAOUSDT":{"ts":1779508319.88868,"regime":"FLIP ZONE","dgrp":52.224544584909644,"conf":83.08333333333334},"LINKUSDT":{"ts":1779508319.8886876,"regime":"FLIP ZONE","dgrp":48.83933065672015,"conf":87.66666666666666},"TONUSDT":{"ts":1779508319.8886948,"regime":"FLIP ZONE","dgrp":54.39140893739611,"conf":96.0},"GRASSUSDT":{"ts":1779508319.8887022,"regime":"FLIP ZONE","dgrp":43.72362193223676,"conf":86.35714285714286},"PROVEUSDT":{"ts":1779508319.888711,"regime":"FLIP ZONE","dgrp":40.87244907841668,"conf":80.33333333333333},"FILUSDT":{"ts":1779508319.8887188,"regime":"FLIP ZONE","dgrp":48.76912810710697,"conf":78.5},"VVVUSDT":{"ts":1779508319.8887258,"regime":"FLIP ZONE","dgrp":41.053102263741444,"conf":81.55555555555556},"LABUSDT":{"ts":1779508319.8887336,"regime":"FLIP ZONE","dgrp":34.53564424182106,"conf":91.0},"INJUSDT":{"ts":1779508319.888741,"regime":"FLIP ZONE","dgrp":47.015898349366374,"conf":96.0},"AVAXUSDT":{"ts":1779508319.8887496,"regime":"FLIP ZONE","dgrp":55.43621097542058,"conf":91.33333333333333},"UNIUSDT":{"ts":1779508319.8887568,"regime":"FLIP ZONE","dgrp":49.40434074173106,"conf":87.66666666666666},"ENAUSDT":{"ts":1779508319.8887634,"regime":"FLIP ZONE","dgrp":48.396446049646535,"conf":96.0},"ASTERUSDT":{"ts":1779508319.8888552,"regime":"FLIP ZONE","dgrp":50.61802219395917,"conf":83.08333333333334},"BCHUSDT":{"ts":1779508319.888865,"regime":"FLIP ZONE","dgrp":56.9877758125934,"conf":92.25},"DOTUSDT":{"ts":1779508319.8888726,"regime":"FLIP ZONE","dgrp":48.54165582730325,"conf":89.07692307692307},"PENGUUSDT":{"ts":1779508319.8888807,"regime":"FLIP ZONE","dgrp":46.606522182458896,"conf":81.0},"LITUSDT":{"ts":1779508319.8888884,"regime":"FLIP ZONE","dgrp":46.8335940000888,"conf":96.0},"FETUSDT":{"ts":1779508319.8888955,"regime":"FLIP ZONE","dgrp":51.94404159086433,"conf":93.77777777777777},"AAVEUSDT":{"ts":1779508319.8889022,"regime":"FLIP ZONE","dgrp":49.13401735494644,"conf":89.0},"DASHUSDT":{"ts":1779508319.8889089,"regime":"FLIP ZONE","dgrp":41.021273188221905,"conf":84.61111111111111},"SKYAIUSDT":{"ts":1779508319.8889153,"regime":"FLIP ZONE","dgrp":45.78234868087338,"conf":91.52631578947368},"OPGUSDT":{"ts":1779508319.8889225,"regime":"FLIP ZONE","dgrp":60.65389962704074,"conf":94.04761904761905},"ICPUSDT":{"ts":1779508319.8889284,"regime":"FLIP ZONE","dgrp":50.78681146937868,"conf":89.07692307692307},"UBUSDT":{"ts":1779508278.3330793,"regime":"FLIP ZONE","dgrp":41.55705181628171,"conf":96.0},"INUSDT":{"ts":1779508278.3330865,"regime":"FLIP ZONE","dgrp":47.14258164224422,"conf":90.72222222222223},"LTCUSDT":{"ts":1779508278.3330936,"regime":"FLIP ZONE","dgrp":50.61761915460229,"conf":89.07692307692307},"PLAYUSDT":{"ts":1779508278.3331008,"regime":"FLIP ZONE","dgrp":69.56481483241699,"conf":96.0},"VIRTUALUSDT":{"ts":1779508278.3331084,"regime":"FLIP ZONE","dgrp":45.830022953954035,"conf":87.66666666666666},"TRUMPUSDT":{"ts":1779508278.3331165,"regime":"FLIP ZONE","dgrp":48.63640252261531,"conf":81.0},"RENDERUSDT":{"ts":1779508278.3331234,"regime":"FLIP ZONE","dgrp":46.17836333571294,"conf":96.0},"TIAUSDT":{"ts":1779508278.3331301,"regime":"FLIP ZONE","dgrp":44.652268879322726,"conf":78.5},"FARTCOINUSDT":{"ts":1779508278.333137,"regime":"FLIP ZONE","dgrp":41.70791030266219,"conf":96.0},"PUMPUSDT":{"ts":1779508278.3331432,"regime":"FLIP ZONE","dgrp":47.99311776583,"conf":83.08333333333334},"TRXUSDT":{"ts":1779508278.3331497,"regime":"FLIP ZONE","dgrp":55.43365365505423,"conf":86.35714285714286},"PAXGUSDT":{"ts":1779508278.3331563,"regime":"FLIP ZONE","dgrp":41.707272700747914,"conf":84.0},"GUAUSDT":{"ts":1779508278.3331633,"regime":"FLIP ZONE","dgrp":56.50757658077399,"conf":84.9375},"AIGENSYNUSDT":{"ts":1779508278.3331702,"regime":"FLIP ZONE","dgrp":41.50266501091387,"conf":96.0},"SAHARAUSDT":{"ts":1779508278.333177,"regime":"FLIP ZONE","dgrp":42.26011037478932,"conf":86.35714285714286},"ETCUSDT":{"ts":1779508278.3331847,"regime":"FLIP ZONE","dgrp":52.20395007526931,"conf":93.28571428571428},"ARBUSDT":{"ts":1779508278.3331907,"regime":"FLIP ZONE","dgrp":51.225228263349045,"conf":83.08333333333334},"JTOUSDT":{"ts":1779508278.3331966,"regime":"FLIP ZONE","dgrp":44.00059575200153,"conf":84.0},"PHAROSUSDT":{"ts":1779508278.333202,"regime":"FLIP ZONE","dgrp":50.6394287168729,"conf":83.5},"APTUSDT":{"ts":1779508278.3332076,"regime":"FLIP ZONE","dgrp":52.90501646814596,"conf":91.33333333333333},"ATOMUSDT":{"ts":1779508278.3332143,"regime":"FLIP ZONE","dgrp":49.348987017813336,"conf":94.0},"RIFUSDT":{"ts":1779508278.33322,"regime":"FLIP ZONE","dgrp":75.21493029854928,"conf":90.0},"RIVERUSDT":{"ts":1779508278.333226,"regime":"FLIP ZONE","dgrp":48.780940360703234,"conf":96.0},"CHZUSDT":{"ts":1779508278.3332314,"regime":"FLIP ZONE","dgrp":51.9639015467854,"conf":89.07692307692307},"AGTUSDT":{"ts":1779508299.0537755,"regime":"FLIP ZONE","dgrp":32.32612715402315,"conf":81.0},"1000SHIBUSDT":{"ts":1779508299.0537925,"regime":"FLIP ZONE","dgrp":59.40594391652949,"conf":96.0},"LPTUSDT":{"ts":1779508299.0538013,"regime":"FLIP ZONE","dgrp":60.127694433008564,"conf":96.0},"XPLUSDT":{"ts":1779508299.0538085,"regime":"FLIP ZONE","dgrp":43.73680146680792,"conf":96.0},"XLMUSDT":{"ts":1779508299.0538151,"regime":"FLIP ZONE","dgrp":49.39941448614057,"conf":83.08333333333334},"XMRUSDT":{"ts":1779508299.0538228,"regime":"FLIP ZONE","dgrp":48.575608000040994,"conf":96.0},"TAGUSDT":{"ts":1779508299.0538294,"regime":"FLIP ZONE","dgrp":34.624997797378995,"conf":87.66666666666666},"OPUSDT":{"ts":1779508299.0538375,"regime":"FLIP ZONE","dgrp":43.53240694343158,"conf":83.08333333333334},"HBARUSDT":{"ts":1779508299.0538464,"regime":"FLIP ZONE","dgrp":50.163575253398,"conf":81.0},"WLFIUSDT":{"ts":1779508299.053853,"regime":"FLIP ZONE","dgrp":43.18244279456921,"conf":96.0},"PENDLEUSDT":{"ts":1779508299.0538595,