{
  "total_signals_sent": 894,
  "total_signals_evaluated": 5145,
  "total_signals_rejected": 4152,
  "win_count": 757,
  "loss_count": 1804,
  "total_profit_pct": -569.8688105101495,
  "scan_cycles": 11442,
  "last_signal_quality": 97.06060606060606,
  "trade_returns": [
    1.85,
    -1.0,
    -1.0,
    -1.0,
    -1.0,
    1.85,
    -1.0,
    -1.0,
    -1.0,
    1.85,
    -1.0,
    -1.0,
    -1.0,
    1.85,
    -1.0,
    -1.0,
    -1.0,
    -1.0,
    1.85,
    -1.0,
    -1.0,
    -1.0,
    1.85,
    -1.0,
    -1.0,
    -1.0,
    1.85,
    -1.0,
    -1.0,
    -1.0,
    1.85,
    -1.0,
    -1.0,
    -1.0,
    -1.0,
    1.85,
    -1.0,
    -1.0,
    -1.0,
    1.85,
    -1.0,
    -1.0,
    -1.0,
    1.85,
    -1.0,
    -1.0,
    -1.0,
    -1.0,
    1.85,
    -1.0,
    -1.0,
    -1.0,
    1.85,
    -1.0,
    -1.0,
    -1.0,
    1.85,
    -1.0,
    -1.0,
    -1.0,
    1.85,
    -1.0,
    -1.0,
    -1.0,
    -1.0,
    1.85,
    -1.0,
    -1.0,
    -1.0,
    1.85,
    -1.0,
    -1.0,
    -1.0,
    1.85,
    -1.0,
    -1.0,
    -1.0,
    1.85,
    -1.0,
    -1.0,
    -1.0,
    -1.0,
    1.85,
    -1.0,
    -1.0,
    -1.0,
    1.85,
    -1.0,
    -1.0,
    -1.0,
    1.85,
    -1.0,
    -1.0,
    -1.0,
    -1.0,
    1.85,
    -1.0,
    -1.0,
    -1.0,
    1.85,
    1.85,
    -0.6,
    -0.8,
    -1.0,
    -1.2,
    1.85,
    -1.4,
    -0.6,
    -0.8,
    1.85,
    -1.0,
    -1.2,
    -1.4,
    1.85,
    -0.6,
    -0.8,
    -1.0,
    -1.2,
    1.85,
    -1.4,
    -0.6,
    -0.8,
    1.85,
    -1.0,
    -1.2,
    -1.4,
    1.85,
    -0.6,
    -0.8,
    -1.0,
    1.85,
    -1.2,
    -1.4,
    -0.6,
    -0.8,
    1.85,
    -1.0,
    -1.2,
    -1.4,
    1.85,
    -0.6,
    -0.8,
    -1.0,
    1.85,
    -1.2,
    -1.4,
    -0.6,
    -0.8,
    1.85,
    -1.0,
    -1.2,
    -1.4,
    1.85,
    -0.6,
    -0.8,
    -1.0,
    1.85,
    -1.2,
    -1.4,
    -0.6,
    1.85,
    -0.8,
    -1.0,
    -1.2,
    -1.4,
    1.85,
    -0.6,
    -0.8,
    -1.0,
    1.85,
    -1.2,
    -1.4,
    -0.6,
    1.85,
    -0.8,
    -1.0,
    -1.2,
    1.85,
    -1.4,
    -0.6,
    -0.8,
    -1.0,
    1.85,
    -1.2,
    -1.4,
    -0.6,
    1.85,
    -0.8,
    -1.0,
    -1.2,
    1.85,
    -1.4,
    -0.6,
    -0.8,
    -1.0,
    1.85,
    -1.2,
    -1.4,
    -0.6,
    1.85
  ],
  "peak_equity": 101.85,
  "current_equity": 52.516700685738876,
  "max_drawdown_pct": 49.373795692078595,
  "saved_at": "2026-05-31T11:19:08.746574"
}