{"gate_stats":{"gate_ev":{"pass":1986,"fail":1126},"gate_session":{"pass":1170,"fail":816},"gate_min_tp1":{"pass":1974,"fail":0},"gate_blacklist":{"pass":576,"fail":154},"gate1":{"pass":1896,"fail":78},"gate2":{"pass":1896,"fail":0},"gate3":{"pass":1553,"fail":269},"gate4":{"pass":1057,"fail":496},"gate5":{"pass":1045,"fail":12},"gate6":{"pass":1045,"fail":0},"gate7":{"pass":1031,"fail":14},"gate8":{"pass":1022,"fail":9},"gate9":{"pass":832,"fail":190},"gate10":{"pass":819,"fail":13},"gate_markov":{"pass":476,"fail":4},"gate_vibe":{"pass":181,"fail":0}},"cooldowns":{"DOTUSDT":1779425538.4992416,"TIAUSDT":1779425538.5038013,"FILUSDT":1779425842.473909,"EDENUSDT":1779425993.9669225},"adaptive_irons_min":65.0,"saved_at":1779426104.377088,"pnl_ring":[0.022000000000000002,-0.006,-0.008,-0.01,0.022000000000000002,-0.012,-0.014,0.022000000000000002,-0.006,-0.008,0.022000000000000002,-0.01,-0.012,-0.014,0.022000000000000002,-0.006,-0.008,0.022000000000000002,-0.01,-0.012,-0.05987501816596427,-0.0535080535080536,-0.03160511363636365,-0.05739897686206415,-0.010169783676635357,-0.03207581556406042,-0.029560810810810835],"bayes_alpha":746.0,"bayes_beta":1728.0,"irons_ring":[78.0,72.0,70.0,76.0,75.0,75.0,77.0,78.0,77.0,75.0,77.0,72.0,76.0,77.0,76.0,78.0,77.0,74.0,78.0,71.0,75.0,74.0,78.0,77.0,74.0,77.0,77.0,76.0,76.0,71.0,75.0,72.0,78.0,77.0,75.0,75.0,77.0,77.0,77.0,70.0,77.0,72.0,74.0,75.0,75.0,78.0,73.0,71.0,74.0,73.0,76.0,76.0,70.0,76.0,70.0,73.0,76.0,77.0,75.0,74.0,71.0,76.0,77.0,76.0,73.0,75.0,75.0,73.0,74.0,78.0,76.0,75.0,74.0,75.0,76.0,77.0,75.0,76.0,71.0,79.0,76.0,79.0,76.0,72.0,75.0,76.0,76.0,79.0,76.0,74.0,73.0,74.0,75.0,75.0,77.0,73.0,78.0,73.0,76.0,71.0],"ev_fail_streak":{"XRPUSDT":4,"TRXUSDT":3,"OPUSDT":4,"LTCUSDT":3,"BCHUSDT":3,"BNBUSDT":3,"AVAXUSDT":5,"ARBUSDT":3,"DOGEUSDT":4,"MITOUSDT":4,"AVNTUSDT":1,"ZECUSDT":2,"UNIUSDT":3,"ESPORTSUSDT":2,"LINKUSDT":3,"CHZUSDT":2},"ob_fail_streak":{"CHZUSDT":1,"AIAUSDT":1},"g1_fail_streak":{},"g3_fail_streak":{"TONUSDT":1},"g9_fail_streak":{"RAVEUSDT":1},"nn_hard_reject_cooldown":{}}