{"gate_stats":{"gate_ev":{"pass":2263,"fail":1238},"gate_session":{"pass":1386,"fail":877},"gate_min_tp1":{"pass":2251,"fail":0},"gate_blacklist":{"pass":997,"fail":340},"gate1":{"pass":2159,"fail":92},"gate2":{"pass":2107,"fail":52},"gate3":{"pass":1741,"fail":286},"gate4":{"pass":1241,"fail":500},"gate5":{"pass":1229,"fail":12},"gate6":{"pass":1229,"fail":0},"gate7":{"pass":1210,"fail":19},"gate8":{"pass":1201,"fail":9},"gate9":{"pass":994,"fail":207},"gate10":{"pass":981,"fail":13},"gate_markov":{"pass":865,"fail":4},"gate_vibe":{"pass":360,"fail":0}},"cooldowns":{"STGUSDT":1780225117.688013},"adaptive_irons_min":67.0,"saved_at":1780225462.73222,"pnl_ring":[0.025,-0.006,-0.008,-0.01,0.025,-0.012,-0.014,0.025,-0.006,-0.008,0.025,-0.01,-0.012,-0.014,0.025,-0.006,-0.008,0.025,-0.01,-0.012,-0.0517711171662125,-0.025645896656534873,-0.9778847600421336,-0.03823413480488761,-0.023809523809523784,-0.01053185887309111,-0.024983248779553952,-0.030879962851172463,-0.7750736319950505,0.0524984653161449,-0.9382329945269793,0.012078366139913284,-0.024128686327077695,0.012918555344348645,-0.014143530644316367,0.014226066209364905,0.04207263418926497,-0.5607678205542931,-0.011554015020219537,0.024687668282175505,-0.5503890681343693,-0.01553075995174906,-0.6966966966966947,-0.019855693593012667,-0.012422360248447123,-0.03486808939674005,-0.4987527716186252,-0.6719865602688022,0.01366177498252959,0.9998846397877367,0.019249854057209612,-0.024937057906725794,-0.011524056467876702,0.04257496857604582,-0.8108108108108031,-0.0207607213214124,-0.7029614119054715,-0.014277171475556804],"bayes_alpha":759.0,"bayes_beta":1801.0,"irons_ring":[74.0,79.0,73.0,75.0,77.0,77.0,73.0,80.0,75.0,74.0,73.0,76.0,78.0,75.0,75.0,74.0,78.0,75.0,74.0,75.0,76.0,76.0,74.0,76.0,77.0,73.0,77.0,75.0,73.0,79.0,74.0,75.0,73.0,79.0,79.0,72.0,75.0,76.0,79.0,78.0,72.0,71.0,70.0,74.0,73.0,75.0,74.0,76.0,76.0,77.0,73.0,72.0,74.0,77.0,76.0,74.0,77.0,77.0,74.0,71.0,75.0,77.0,72.0,75.0,78.0,79.0,73.0,77.0,76.0,76.0,76.0,77.0,72.0,70.0,70.0,76.0,79.0,79.0,70.0,74.0,79.0,79.0,73.0,72.0,78.0,72.0,74.0,72.0,76.0,76.0,75.0,74.0,74.0,73.0,75.0,74.0,73.0,73.0,77.0,74.0],"ev_fail_streak":{"OPUSDT":4,"MITOUSDT":6,"BLUAIUSDT":5,"RIVERUSDT":3,"RENDERUSDT":5,"BTCUSDT":7,"ETHUSDT":4,"SUPERUSDT":1,"TRUSTUSDT":2,"ERAUSDT":2,"DEXEUSDT":2,"CHZUSDT":1,"PHAROSUSDT":2,"EDENUSDT":2,"FILUSDT":2,"AXSUSDT":4,"XRPUSDT":2,"DOTUSDT":1},"ob_fail_streak":{"AIAUSDT":1,"EDENUSDT":1,"HANAUSDT":1,"BTCUSDT":1},"g1_fail_streak":{"MMTUSDT":5},"g3_fail_streak":{"TONUSDT":1,"DOGEUSDT":1,"ARKMUSDT":3},"g9_fail_streak":{"MMTUSDT":3,"AVAXUSDT":2},"nn_hard_reject_cooldown":{}}