{"BTCUSDT":{"ts":1779504616.3841565,"regime":"FLIP ZONE","dgrp":43.01740164225237,"conf":96.0}}