{"BTCUSDT":{"ts":1780286667.2666419,"regime":"POSITIVE","dgrp":36.707120182303825,"conf":86.0},"ETHUSDT":{"ts":1780286667.2666607,"regime":"POSITIVE","dgrp":40.46014243409017,"conf":96.0},"HYPEUSDT":{"ts":1780286667.266671,"regime":"FLIP ZONE","dgrp":57.67488455200521,"conf":95.25},"BNBUSDT":{"ts":1780286667.2666814,"regime":"FLIP ZONE","dgrp":37.36262133205039,"conf":96.0},"ZECUSDT":{"ts":1780286689.0217624,"regime":"FLIP ZONE","dgrp":47.00334714413217,"conf":84.0},"LABUSDT":{"ts":1780286689.0217805,"regime":"FLIP ZONE","dgrp":73.36462367436982,"conf":96.0},"SOLUSDT":{"ts":1780286689.0218055,"regime":"POSITIVE","dgrp":35.971936141997254,"conf":94.0},"XLMUSDT":{"ts":1780286689.0218146,"regime":"FLIP ZONE","dgrp":39.326415731968225,"conf":84.0},"PORTALUSDT":{"ts":1780286689.021823,"regime":"FLIP ZONE","dgrp":41.739321578468974,"conf":95.0},"XRPUSDT":{"ts":1780286689.0218308,"regime":"FLIP ZONE","dgrp":39.955054177376205,"conf":96.0},"STGUSDT":{"ts":1780286689.0218384,"regime":"FLIP ZONE","dgrp":46.84298426285634,"conf":96.0},"NEARUSDT":{"ts":1780286689.021846,"regime":"FLIP ZONE","dgrp":35.037015913127966,"conf":96.0},"ALLOUSDT":{"ts":1780286689.0218532,"regime":"FLIP ZONE","dgrp":46.138222241521646,"conf":96.0},"WLDUSDT":{"ts":1780286689.0218601,"regime":"FLIP ZONE","dgrp":51.86022346124484,"conf":90.72222222222223},"HUSDT":{"ts":1780286689.021868,"regime":"FLIP ZONE","dgrp":62.62313453033613,"conf":86.11764705882354},"PLAYUSDT":{"ts":1780286689.0218756,"regime":"FLIP ZONE","dgrp":46.15531586700465,"conf":95.0},"DOGEUSDT":{"ts":1780286689.021884,"regime":"FLIP ZONE","dgrp":38.398006316759954,"conf":92.25},"SUIUSDT":{"ts":1780286689.0218906,"regime":"FLIP ZONE","dgrp":39.624516251161154,"conf":96.0},"ASTERUSDT":{"ts":1780286689.021897,"regime":"FLIP ZONE","dgrp":38.49319546514238,"conf":81.0},"币安人生USDT":{"ts":1780286689.0219064,"regime":"FLIP ZONE","dgrp":47.17407341042478,"conf":87.66666666666666},"AIAUSDT":{"ts":1780286689.021914,"regime":"FLIP ZONE","dgrp":49.13533916644973,"conf":96.0},"TONUSDT":{"ts":1780286689.0219202,"regime":"FLIP ZONE","dgrp":49.54884789354012,"conf":96.0},"HOMEUSDT":{"ts":1780286689.0219276,"regime":"FLIP ZONE","dgrp":57.898953997213205,"conf":96.0},"HIVEUSDT":{"ts":1780286689.0219345,"regime":"FLIP ZONE","dgrp":68.2486275400129,"conf":96.0},"1000PEPEUSDT":{"ts":1780286689.0219414,"regime":"FLIP ZONE","dgrp":39.69248341889713,"conf":92.25},"ADAUSDT":{"ts":1780286689.0219479,"regime":"FLIP ZONE","dgrp":37.743669748553195,"conf":96.0},"ONDOUSDT":{"ts":1780286689.0219545,"regime":"FLIP ZONE","dgrp":32.627168065796226,"conf":96.0},"FETUSDT":{"ts":1780286689.0219617,"regime":"FLIP ZONE","dgrp":35.28722018419095,"conf":94.0},"TAOUSDT":{"ts":1780286689.0219693,"regime":"FLIP ZONE","dgrp":31.631755583163987,"conf":96.0},"ENAUSDT":{"ts":1780286689.0219774,"regime":"FLIP ZONE","dgrp":35.613669021618996,"conf":96.0},"GUNUSDT":{"ts":1780286689.021984,"regime":"FLIP ZONE","dgrp":60.5775705492703,"conf":86.33333333333333},"AVAXUSDT":{"ts":1780286689.0219915,"regime":"FLIP ZONE","dgrp":37.89002712952768,"conf":94.0},"INJUSDT":{"ts":1780286642.8723996,"regime":"FLIP ZONE","dgrp":39.16572409942584,"conf":96.0},"LINKUSDT":{"ts":1780286642.8724031,"regime":"FLIP ZONE","dgrp":35.59788574858169,"conf":96.0},"VVVUSDT":{"ts":1780286642.8724065,"regime":"FLIP ZONE","dgrp":43.2366774831121,"conf":90.72222222222223},"FILUSDT":{"ts":1780286642.8724098,"regime":"FLIP ZONE","dgrp":42.31122972405361,"conf":83.61538461538461},"UBUSDT":{"ts":1780286642.8724134,"regime":"FLIP ZONE","dgrp":40.89384255033686,"conf":96.0},"BCHUSDT":{"ts":1780286642.8724167,"regime":"FLIP ZONE","dgrp":37.85723591009019,"conf":84.0},"HBARUSDT":{"ts":1780286642.8724203,"regime":"FLIP ZONE","dgrp":46.23451397115373,"conf":90.66666666666666},"IDUSDT":{"ts":1780286642.8724246,"regime":"FLIP ZONE","dgrp":62.54637113477528,"conf":96.0},"LITUSDT":{"ts":1780286642.872428,"regime":"FLIP ZONE","dgrp":42.29150019566082,"conf":86.35714285714286},"BSBUSDT":{"ts":1780286642.8724315,"regime":"FLIP ZONE","dgrp":51.298459964442294,"conf":96.0},"DOTUSDT":{"ts":1780286642.872435,"regime":"FLIP ZONE","dgrp":35.90249961856355,"conf":96.0},"HEIUSDT":{"ts":1780286642.8724413,"regime":"FLIP ZONE","dgrp":46.74237158383082,"conf":78.5},"BILLUSDT":{"ts":1780286642.8724446,"regime":"FLIP ZONE","dgrp":43.27288427297874,"conf":90.28571428571428},"PUNDIXUSDT":{"ts":1780286642.872448,"regime":"FLIP ZONE","dgrp":77.26036536397967,"conf":93.66666666666666},"LTCUSDT":{"ts":1780286642.8724518,"regime":"FLIP ZONE","dgrp":37.064256607432846,"conf":86.0},"GENIUSUSDT":{"ts":1780286642.8724551,"regime":"FLIP ZONE","dgrp":60.710263891284946,"conf":91.04761904761905},"MEMEUSDT":{"ts":1780286642.8724585,"regime":"FLIP ZONE","dgrp":47.62569171954213,"conf":81.55555555555556},"ZORAUSDT":{"ts":1780286642.8724616,"regime":"FLIP ZONE","dgrp":66.74966876138234,"conf":91.04761904761905},"GUAUSDT":{"ts":1780286642.872465,"regime":"FLIP ZONE","dgrp":59.33039763859074,"conf":86.35714285714286},"LAUSDT":{"ts":1780286642.8724685,"regime":"FLIP ZONE","dgrp":44.69119682146402,"conf":81.0},"UNIUSDT":{"ts":1780286642.8724713,"regime":"FLIP ZONE","dgrp":29.666274665546148,"conf":88.0},"PUMPUSDT":{"ts":1780286642.8724744,"regime":"FLIP ZONE","dgrp":37.62305665220878,"conf":91.0},"TRXUSDT":{"ts":1780286642.8724763,"regime":"FLIP ZONE","dgrp":37.63928263312829,"conf":84.0},"ALGOUSDT":{"ts":1780286642.8724797,"regime":"FLIP ZONE","dgrp":40.09464476267422,"conf":96.0},"RENDERUSDT":{"ts":1780286667.266484,"regime":"FLIP ZONE","dgrp":34.69886511265099,"conf":91.0},"BEATUSDT":{"ts":1780286667.2665012,"regime":"FLIP ZONE","dgrp":51.348476991751475,"conf":88.8125},"MANTRAUSDT":{"ts":1780286667.2665076,"regime":"FLIP ZONE","dgrp":62.80199543172255,"conf":93.66666666666666},"SIGNUSDT":{"ts":1780286667.2665129,"regime":"FLIP ZONE","dgrp":59.38049215309621,"conf":90.28571428571428},"DASHUSDT":{"ts":1780286667.2665188,"regime":"FLIP ZONE","dgrp":33.88247952664246,"conf":96.0},"SEIUSDT":{"ts":1780286667.2665236,"regime":"FLIP ZONE","dgrp":43.90341374938702,"conf":87.66666666666666},"ICPUSDT":{"ts":1780286667.266536,"regime":"FLIP ZONE","dgrp":42.68423344496641,"conf":96.0},"PENGUUSDT":{"ts":1780286667.2665422,"regime":"FLIP ZONE","dgrp":34.126038475243625,"conf":86.0},"OPGUSDT":{"ts":1780286667.2665474,"regime":"FLIP ZONE","dgrp":39.86306891406142,"conf":96.0},"AAVEUSDT":{"ts":1780286667.2665522,"regime":"FLIP ZONE","dgrp":36.412471856921925,"conf":96.0},"TRUMPUSDT":{"ts":1780286667.2665577,"regime":"FLIP ZONE","dgrp":34.20657745379886,"conf":92.25},"XMRUSDT":{"ts":1780286667.266562,"regime":"FLIP ZONE","dgrp":39.22122913280301,"conf":96.0},"MYXUSDT":{"ts":1780286667.2665675,"regime":"FLIP ZONE","dgrp":44.67808841239885,"conf":92.25},"TAUSDT":{"ts":1780286667.2665725,"regime":"FLIP ZONE","dgrp":48.88974866753305,"conf":86.35714285714286},"XPLUSDT":{"ts":1780286667.2665775,"regime":"FLIP ZONE","dgrp":35.88839841511356,"conf":96.0},"ARBUSDT":{"ts":1780286667.2665823,"regime":"FLIP ZONE","dgrp":34.65765723621972,"conf":96.0},"FARTCOINUSDT":{"ts":1780286667.2665875,"regime":"FLIP ZONE","dgrp":39.446443515541915,"conf":91.0},"GIGGLEUSDT":{"ts":1780286667.266592,"regime":"FLIP ZONE","dgrp":38.21620099260936,"conf":96.0},"PHAROSUSDT":{"ts":1780286667.2665968,"regime":"FLIP ZONE","dgrp":40.45187760983261,"conf":78.5},"NFPUSDT":{"ts":1780286667.266602,"regime":"FLIP ZONE","dgrp":43.96162959206105,"conf":81.0},"PAXGUSDT":{"ts":1780286667.2666068,"regime":"FLIP ZONE","dgrp":35.71808970964775,"conf":96.0},"1000LUNCUSDT":{"ts":1780286667.2666113,"regime":"FLIP ZONE","dgrp":42.48004578957544,"conf":78.5},"APTUSDT":{"ts":1780286667.2666159,"regime":"FLIP ZONE","dgrp":39.22210281600955,"conf":92.25},"JTOUSDT":{"ts":1780286667.2666206,"regime":"FLIP ZONE","dgrp":32.41724256036629,"conf":87.66666666666666}}