{"BTCUSDT":{"ts":1778762222.719988,"regime":"FLIP ZONE","dgrp":50.84347048683481,"conf":81.35714285714286}}