{"BTCUSDT":{"ts":1780287259.2675676,"regime":"POSITIVE","dgrp":42.14854010169352,"conf":96.0},"ETHUSDT":{"ts":1780287259.267581,"regime":"POSITIVE","dgrp":37.58292112770688,"conf":96.0},"HYPEUSDT":{"ts":1780287259.267588,"regime":"FLIP ZONE","dgrp":52.75934461851636,"conf":88.8125},"BNBUSDT":{"ts":1780287259.267596,"regime":"FLIP ZONE","dgrp":43.52284879087603,"conf":96.0},"ZECUSDT":{"ts":1780287259.2676039,"regime":"FLIP ZONE","dgrp":47.215846338401604,"conf":84.9375},"LABUSDT":{"ts":1780287259.267612,"regime":"FLIP ZONE","dgrp":68.94188822243015,"conf":96.0},"SOLUSDT":{"ts":1780287259.2676253,"regime":"POSITIVE","dgrp":40.506606226355444,"conf":96.0},"XLMUSDT":{"ts":1780287259.2676327,"regime":"FLIP ZONE","dgrp":42.116894972289835,"conf":90.72222222222223},"PORTALUSDT":{"ts":1780287259.2676408,"regime":"FLIP ZONE","dgrp":42.965828769175204,"conf":96.0},"XRPUSDT":{"ts":1780287259.2676475,"regime":"FLIP ZONE","dgrp":37.259153514473034,"conf":96.0},"STGUSDT":{"ts":1780287259.267654,"regime":"FLIP ZONE","dgrp":40.80196233791852,"conf":96.0},"ALLOUSDT":{"ts":1780287259.2676616,"regime":"FLIP ZONE","dgrp":46.45321789059294,"conf":96.0},"NEARUSDT":{"ts":1780287259.2676694,"regime":"FLIP ZONE","dgrp":30.600004130301976,"conf":96.0},"WLDUSDT":{"ts":1780287259.2676783,"regime":"FLIP ZONE","dgrp":50.93524402496977,"conf":96.0},"HUSDT":{"ts":1780287259.2676857,"regime":"FLIP ZONE","dgrp":65.63247321342774,"conf":84.5},"PLAYUSDT":{"ts":1780287259.2676923,"regime":"FLIP ZONE","dgrp":43.11865980902084,"conf":96.0},"DOGEUSDT":{"ts":1780287259.2677004,"regime":"FLIP ZONE","dgrp":42.17934847942359,"conf":93.28571428571428},"SUIUSDT":{"ts":1780287259.2677076,"regime":"FLIP ZONE","dgrp":39.04790750180354,"conf":96.0},"ASTERUSDT":{"ts":1780287259.2677152,"regime":"FLIP ZONE","dgrp":36.90699512059822,"conf":81.55555555555556},"币安人生USDT":{"ts":1780287259.2677238,"regime":"FLIP ZONE","dgrp":49.97945833273565,"conf":88.8125},"AIAUSDT":{"ts":1780287280.0797825,"regime":"FLIP ZONE","dgrp":47.41409565650579,"conf":96.0},"TONUSDT":{"ts":1780287280.0798013,"regime":"FLIP ZONE","dgrp":46.63635560215903,"conf":96.0},"HOMEUSDT":{"ts":1780287280.0798101,"regime":"FLIP ZONE","dgrp":60.757484819880816,"conf":92.58823529411765},"1000PEPEUSDT":{"ts":1780287280.0798185,"regime":"FLIP ZONE","dgrp":41.22476027226862,"conf":87.66666666666666},"HIVEUSDT":{"ts":1780287280.0798268,"regime":"FLIP ZONE","dgrp":67.14012021220451,"conf":96.0},"ADAUSDT":{"ts":1780287280.079835,"regime":"FLIP ZONE","dgrp":31.759155631258427,"conf":91.0},"ONDOUSDT":{"ts":1780287280.0798428,"regime":"FLIP ZONE","dgrp":33.4254077460825,"conf":96.0},"FETUSDT":{"ts":1780287280.079851,"regime":"FLIP ZONE","dgrp":33.770687309368626,"conf":90.66666666666666},"TAOUSDT":{"ts":1780287280.079859,"regime":"FLIP ZONE","dgrp":37.343120232947975,"conf":96.0},"ENAUSDT":{"ts":1780287280.079868,"regime":"FLIP ZONE","dgrp":30.500878330746126,"conf":89.5},"GUNUSDT":{"ts":1780287280.0798752,"regime":"FLIP ZONE","dgrp":61.822580058746574,"conf":84.5},"AVAXUSDT":{"ts":1780287280.079883,"regime":"FLIP ZONE","dgrp":39.03045065601853,"conf":87.66666666666666},"INJUSDT":{"ts":1780287280.0798903,"regime":"FLIP ZONE","dgrp":37.92894276117692,"conf":86.35714285714286},"LINKUSDT":{"ts":1780287280.0798979,"regime":"FLIP ZONE","dgrp":35.23951495600102,"conf":96.0},"VVVUSDT":{"ts":1780287280.0799062,"regime":"FLIP ZONE","dgrp":38.122048280100316,"conf":84.84615384615384},"FILUSDT":{"ts":1780287280.0799143,"regime":"FLIP ZONE","dgrp":41.780734522325425,"conf":87.66666666666666},"UBUSDT":{"ts":1780287280.0799224,"regime":"FLIP ZONE","dgrp":42.32722226597487,"conf":96.0},"BCHUSDT":{"ts":1780287280.0799298,"regime":"FLIP ZONE","dgrp":46.45003931305069,"conf":88.8125},"HBARUSDT":{"ts":1780287280.0799377,"regime":"FLIP ZONE","dgrp":44.10050934753476,"conf":86.0},"IDUSDT":{"ts":1780287280.0799456,"regime":"FLIP ZONE","dgrp":62.70567478168826,"conf":96.0},"BSBUSDT":{"ts":1780287280.0799525,"regime":"FLIP ZONE","dgrp":51.14506566769534,"conf":96.0},"DOTUSDT":{"ts":1780287280.0799592,"regime":"FLIP ZONE","dgrp":34.414801794167154,"conf":91.0},"LITUSDT":{"ts":1780287280.0799665,"regime":"FLIP ZONE","dgrp":41.807480749909246,"conf":78.5},"HEIUSDT":{"ts":1780287280.0799737,"regime":"FLIP ZONE","dgrp":48.91492285676402,"conf":96.0},"BILLUSDT":{"ts":1780287280.0799809,"regime":"FLIP ZONE","dgrp":40.09093799163608,"conf":90.28571428571428},"PUNDIXUSDT":{"ts":1780287280.0799887,"regime":"FLIP ZONE","dgrp":80.53937165672156,"conf":95.26086956521739},"LTCUSDT":{"ts":1780287280.080036,"regime":"FLIP ZONE","dgrp":35.46524545693754,"conf":96.0},"GENIUSUSDT":{"ts":1780287280.0800426,"regime":"FLIP ZONE","dgrp":60.05999039446405,"conf":87.55555555555556},"MEMEUSDT":{"ts":1780287238.4501276,"regime":"FLIP ZONE","dgrp":43.70988367691222,"conf":81.55555555555556},"ZORAUSDT":{"ts":1780287238.4501376,"regime":"FLIP ZONE","dgrp":65.62895446935997,"conf":96.0},"GUAUSDT":{"ts":1780287238.4501457,"regime":"FLIP ZONE","dgrp":59.99582262784212,"conf":86.35714285714286},"LAUSDT":{"ts":1780287238.4501538,"regime":"FLIP ZONE","dgrp":44.02484649610417,"conf":96.0},"UNIUSDT":{"ts":1780287238.4501617,"regime":"FLIP ZONE","dgrp":35.621896571755585,"conf":96.0},"PUMPUSDT":{"ts":1780287238.450171,"regime":"FLIP ZONE","dgrp":37.67971312863863,"conf":87.66666666666666},"TRXUSDT":{"ts":1780287238.450212,"regime":"FLIP ZONE","dgrp":38.67779175844773,"conf":78.5},"ALGOUSDT":{"ts":1780287238.4502227,"regime":"FLIP ZONE","dgrp":41.79443874994668,"conf":96.0},"RENDERUSDT":{"ts":1780287238.4502323,"regime":"FLIP ZONE","dgrp":33.95286212418753,"conf":94.0},"BEATUSDT":{"ts":1780287238.4502425,"regime":"FLIP ZONE","dgrp":53.42886099722248,"conf":88.8125},"MANTRAUSDT":{"ts":1780287238.4502518,"regime":"FLIP ZONE","dgrp":64.83555319733634,"conf":95.26086956521739},"SIGNUSDT":{"ts":1780287238.4502604,"regime":"FLIP ZONE","dgrp":59.44580852798925,"conf":86.35714285714286},"DASHUSDT":{"ts":1780287238.4502695,"regime":"FLIP ZONE","dgrp":41.9578318415068,"conf":80.61538461538461},"SEIUSDT":{"ts":1780287238.4502783,"regime":"FLIP ZONE","dgrp":43.52601958479488,"conf":90.28571428571428},"ICPUSDT":{"ts":1780287238.4502869,"regime":"FLIP ZONE","dgrp":44.09145959712542,"conf":95.0},"PENGUUSDT":{"ts":1780287238.4502954,"regime":"FLIP ZONE","dgrp":39.92331323047551,"conf":96.0},"OPGUSDT":{"ts":1780287238.4503033,"regime":"FLIP ZONE","dgrp":44.217559055710346,"conf":96.0},"AAVEUSDT":{"ts":1780287238.4503114,"regime":"FLIP ZONE","dgrp":35.66064046218446,"conf":96.0},"TRUMPUSDT":{"ts":1780287238.450319,"regime":"FLIP ZONE","dgrp":38.638630040044745,"conf":87.66666666666666},"XMRUSDT":{"ts":1780287238.4503255,"regime":"FLIP ZONE","dgrp":40.74141956881026,"conf":96.0},"MYXUSDT":{"ts":1780287238.4503326,"regime":"FLIP ZONE","dgrp":40.33405345750095,"conf":92.25},"XPLUSDT":{"ts":1780287238.4503403,"regime":"FLIP ZONE","dgrp":31.38839878512185,"conf":84.0},"TAUSDT":{"ts":1780287238.4503489,"regime":"FLIP ZONE","dgrp":46.297774464641485,"conf":96.0},"ARBUSDT":{"ts":1780287238.450358,"regime":"FLIP ZONE","dgrp":41.87741208935978,"conf":81.5},"FARTCOINUSDT":{"ts":1780287259.267475,"regime":"FLIP ZONE","dgrp":42.79736905083503,"conf":87.66666666666666},"GIGGLEUSDT":{"ts":1780287259.2674925,"regime":"FLIP ZONE","dgrp":35.074333909168274,"conf":81.55555555555556},"PHAROSUSDT":{"ts":1780287259.2675035,"regime":"FLIP ZONE","dgrp":38.8912024283641,"conf":78.5},"NFPUSDT":{"ts":1780287259.2675142,"regime":"FLIP ZONE","dgrp":44.4685459946982,"conf":84.84615384615384},"PAXGUSDT":{"ts":1780287259.2675226,"regime":"FLIP ZONE","dgrp":41.50005146157741,"conf":96.0},"APTUSDT":{"ts":1780287259.267531,"regime":"FLIP ZONE","dgrp":33.10137708355681,"conf":91.0},"1000LUNCUSDT":{"ts":1780287259.2675393,"regime":"FLIP ZONE","dgrp":44.21670287060229,"conf":84.0},"JTOUSDT":{"ts":1780287259.2675464,"regime":"FLIP ZONE","dgrp":36.541212986206794,"conf":90.28571428571428}}