{"gate_stats":{"gate_ev":{"pass":1981,"fail":1109},"gate_session":{"pass":1165,"fail":816},"gate_min_tp1":{"pass":1969,"fail":0},"gate_blacklist":{"pass":554,"fail":149},"gate1":{"pass":1891,"fail":78},"gate2":{"pass":1891,"fail":0},"gate3":{"pass":1548,"fail":269},"gate4":{"pass":1052,"fail":496},"gate5":{"pass":1040,"fail":12},"gate6":{"pass":1040,"fail":0},"gate7":{"pass":1026,"fail":14},"gate8":{"pass":1017,"fail":9},"gate9":{"pass":827,"fail":190},"gate10":{"pass":814,"fail":13},"gate_markov":{"pass":454,"fail":4},"gate_vibe":{"pass":176,"fail":0}},"cooldowns":{},"adaptive_irons_min":65.0,"saved_at":1779425241.2824085,"pnl_ring":[0.022000000000000002,-0.006,-0.008,-0.01,0.022000000000000002,-0.012,-0.014,0.022000000000000002,-0.006,-0.008,0.022000000000000002,-0.01,-0.012,-0.014,0.022000000000000002,-0.006,-0.008,0.022000000000000002,-0.01,-0.012,-0.05987501816596427,-0.0535080535080536,-0.03160511363636365,-0.05739897686206415,-0.010169783676635357,-0.03207581556406042,-0.029560810810810835],"bayes_alpha":746.0,"bayes_beta":1728.0,"irons_ring":[77.0,70.0,74.0,78.0,77.0,78.0,72.0,70.0,76.0,75.0,75.0,77.0,78.0,77.0,75.0,77.0,72.0,76.0,77.0,76.0,78.0,77.0,74.0,78.0,71.0,75.0,74.0,78.0,77.0,74.0,77.0,77.0,76.0,76.0,71.0,75.0,72.0,78.0,77.0,75.0,75.0,77.0,77.0,77.0,70.0,77.0,72.0,74.0,75.0,75.0,78.0,73.0,71.0,74.0,73.0,76.0,76.0,70.0,76.0,70.0,73.0,76.0,77.0,75.0,74.0,71.0,76.0,77.0,76.0,73.0,75.0,75.0,73.0,74.0,78.0,76.0,75.0,74.0,75.0,76.0,77.0,75.0,76.0,71.0,79.0,76.0,79.0,76.0,72.0,75.0,76.0,76.0,79.0,76.0,74.0,73.0,74.0,75.0,75.0,77.0],"ev_fail_streak":{"XRPUSDT":4,"TRXUSDT":3,"OPUSDT":4,"LTCUSDT":3,"FILUSDT":3,"BCHUSDT":3,"BNBUSDT":3,"AVAXUSDT":2,"ARBUSDT":3,"DOGEUSDT":4,"TIAUSDT":1,"MITOUSDT":2,"AVNTUSDT":1},"ob_fail_streak":{"CHZUSDT":1,"AIAUSDT":1},"g1_fail_streak":{},"g3_fail_streak":{"TONUSDT":1},"g9_fail_streak":{"RAVEUSDT":1},"nn_hard_reject_cooldown":{}}