{"BTCUSDT":{"ts":1779620078.8599088,"regime":"FLIP ZONE","dgrp":46.93953445373635,"conf":96.0}}