{"BTCUSDT":{"ts":1778382058.6816037,"regime":"POSITIVE","dgrp":40.608241815009784,"conf":96.0}}