{"BTCUSDT":{"ts":1780226347.789893,"regime":"POSITIVE","dgrp":44.292869126513274,"conf":96.0},"ETHUSDT":{"ts":1780226347.7899096,"regime":"POSITIVE","dgrp":39.94113411168979,"conf":81.0},"BNBUSDT":{"ts":1780226347.78992,"regime":"FLIP ZONE","dgrp":46.121045293069436,"conf":78.5},"HYPEUSDT":{"ts":1780226347.7899303,"regime":"FLIP ZONE","dgrp":41.55153719002309,"conf":87.66666666666666},"ZECUSDT":{"ts":1780226301.4135816,"regime":"FLIP ZONE","dgrp":41.43821859135692,"conf":81.9375},"XLMUSDT":{"ts":1780226301.4135876,"regime":"FLIP ZONE","dgrp":41.637488675097465,"conf":81.0},"LABUSDT":{"ts":1780226301.4135964,"regime":"FLIP ZONE","dgrp":59.222555516454186,"conf":92.25},"SOLUSDT":{"ts":1780226301.4136133,"regime":"POSITIVE","dgrp":41.14896169351192,"conf":96.0},"WLDUSDT":{"ts":1780226301.4136183,"regime":"FLIP ZONE","dgrp":43.078767565384524,"conf":78.5},"PORTALUSDT":{"ts":1780226301.4136233,"regime":"FLIP ZONE","dgrp":46.10215895242227,"conf":84.9375},"ALLOUSDT":{"ts":1780226301.413628,"regime":"FLIP ZONE","dgrp":55.058323159539775,"conf":96.0},"ASTERUSDT":{"ts":1780226301.4136338,"regime":"FLIP ZONE","dgrp":48.51316227845798,"conf":90.66666666666666},"XRPUSDT":{"ts":1780226301.4136393,"regime":"FLIP ZONE","dgrp":34.473099457037044,"conf":87.66666666666666},"NEARUSDT":{"ts":1780226301.413645,"regime":"FLIP ZONE","dgrp":36.97084801625784,"conf":87.84615384615384},"HUSDT":{"ts":1780226301.41365,"regime":"FLIP ZONE","dgrp":55.24526050199012,"conf":93.77777777777777},"DOGEUSDT":{"ts":1780226301.4136548,"regime":"FLIP ZONE","dgrp":45.07948978359884,"conf":83.08333333333334},"ONDOUSDT":{"ts":1780226301.4136593,"regime":"FLIP ZONE","dgrp":52.67853822964788,"conf":88.375},"HEIUSDT":{"ts":1780226301.413664,"regime":"FLIP ZONE","dgrp":44.59874613449758,"conf":87.66666666666666},"FETUSDT":{"ts":1780226301.4136689,"regime":"FLIP ZONE","dgrp":44.251920948012014,"conf":96.0},"SUIUSDT":{"ts":1780226301.4136736,"regime":"FLIP ZONE","dgrp":41.844206037887105,"conf":83.08333333333334},"STGUSDT":{"ts":1780226301.413679,"regime":"FLIP ZONE","dgrp":75.54596728579077,"conf":96.0},"TONUSDT":{"ts":1780226301.4136837,"regime":"FLIP ZONE","dgrp":39.23913328551629,"conf":96.0},"IDUSDT":{"ts":1780226301.4136906,"regime":"FLIP ZONE","dgrp":67.9028493556193,"conf":84.5},"HIVEUSDT":{"ts":1780226301.4136953,"regime":"FLIP ZONE","dgrp":63.0361639323558,"conf":86.33333333333333},"币安人生USDT":{"ts":1780226301.4137018,"regime":"FLIP ZONE","dgrp":43.29442985457026,"conf":87.61111111111111},"SKYAIUSDT":{"ts":1780226301.4137068,"regime":"FLIP ZONE","dgrp":49.60213456311321,"conf":96.0},"1000PEPEUSDT":{"ts":1780226301.413711,"regime":"FLIP ZONE","dgrp":38.676619702299874,"conf":96.0},"UBUSDT":{"ts":1780226301.4137146,"regime":"FLIP ZONE","dgrp":53.312441225298805,"conf":96.0},"HBARUSDT":{"ts":1780226324.802701,"regime":"FLIP ZONE","dgrp":36.06507140257777,"conf":81.55555555555556},"PLAYUSDT":{"ts":1780226324.8027267,"regime":"FLIP ZONE","dgrp":54.689773651233324,"conf":79.80952380952381},"INJUSDT":{"ts":1780226324.8027353,"regime":"FLIP ZONE","dgrp":39.94803834935986,"conf":93.77777777777777},"TAOUSDT":{"ts":1780226324.802743,"regime":"FLIP ZONE","dgrp":39.56096784537777,"conf":96.0},"AIAUSDT":{"ts":1780226324.8027496,"regime":"FLIP ZONE","dgrp":50.081003754801344,"conf":86.35714285714286},"ADAUSDT":{"ts":1780226324.8027573,"regime":"FLIP ZONE","dgrp":43.64256136260991,"conf":96.0},"NFPUSDT":{"ts":1780226324.8027647,"regime":"FLIP ZONE","dgrp":49.718765338622276,"conf":91.0},"TAUSDT":{"ts":1780226324.8027716,"regime":"FLIP ZONE","dgrp":45.22036632118148,"conf":85.42857142857143},"FILUSDT":{"ts":1780226324.8027763,"regime":"FLIP ZONE","dgrp":37.119485580562454,"conf":96.0},"LITUSDT":{"ts":1780226324.802783,"regime":"FLIP ZONE","dgrp":43.317111405602645,"conf":96.0},"ENAUSDT":{"ts":1780226324.802791,"regime":"FLIP ZONE","dgrp":48.5097206851692,"conf":81.0},"BSBUSDT":{"ts":1780226324.8027983,"regime":"FLIP ZONE","dgrp":50.29611272953758,"conf":96.0},"LINKUSDT":{"ts":1780226324.8028069,"regime":"FLIP ZONE","dgrp":40.196592163889605,"conf":81.0},"VVVUSDT":{"ts":1780226324.8028138,"regime":"FLIP ZONE","dgrp":46.42306690676265,"conf":96.0},"TRXUSDT":{"ts":1780226324.8028212,"regime":"FLIP ZONE","dgrp":36.88766100879153,"conf":91.0},"BEATUSDT":{"ts":1780226324.8028343,"regime":"FLIP ZONE","dgrp":43.63699199656874,"conf":87.61111111111111},"PUNDIXUSDT":{"ts":1780226324.80284,"regime":"FLIP ZONE","dgrp":78.55857104873776,"conf":96.0},"GENIUSUSDT":{"ts":1780226324.802845,"regime":"FLIP ZONE","dgrp":57.222831290268054,"conf":86.35714285714286},"XMRUSDT":{"ts":1780226324.8028498,"regime":"FLIP ZONE","dgrp":50.26186729251966,"conf":96.0},"BILLUSDT":{"ts":1780226324.8028557,"regime":"FLIP ZONE","dgrp":39.73015988439437,"conf":96.0},"AVAXUSDT":{"ts":1780226324.8028624,"regime":"FLIP ZONE","dgrp":43.13390692374757,"conf":96.0},"BCHUSDT":{"ts":1780226324.8028677,"regime":"FLIP ZONE","dgrp":58.998371128613414,"conf":81.5},"RENDERUSDT":{"ts":1780226324.8028738,"regime":"FLIP ZONE","dgrp":44.95010721718598,"conf":87.66666666666666},"ALGOUSDT":{"ts":1780226324.8028798,"regime":"FLIP ZONE","dgrp":41.14302000085073,"conf":96.0},"OPGUSDT":{"ts":1780226324.8028858,"regime":"FLIP ZONE","dgrp":45.42987863588381,"conf":87.66666666666666},"HOMEUSDT":{"ts":1780226324.802892,"regime":"FLIP ZONE","dgrp":57.50409996761387,"conf":96.0},"DOTUSDT":{"ts":1780226324.802898,"regime":"FLIP ZONE","dgrp":37.87480878632681,"conf":92.25},"VTHOUSDT":{"ts":1780226324.8029034,"regime":"FLIP ZONE","dgrp":55.179593829891076,"conf":89.82352941176471},"LAUSDT":{"ts":1780226347.789732,"regime":"FLIP ZONE","dgrp":67.12797146469855,"conf":94.8125},"LTCUSDT":{"ts":1780226347.7897475,"regime":"FLIP ZONE","dgrp":37.19837217494314,"conf":81.55555555555556},"MEMEUSDT":{"ts":1780226347.7897544,"regime":"FLIP ZONE","dgrp":70.72982861672018,"conf":96.0},"PRLUSDT":{"ts":1780226347.789769,"regime":"FLIP ZONE","dgrp":43.362008800182856,"conf":96.0},"IOUSDT":{"ts":1780226347.7897751,"regime":"FLIP ZONE","dgrp":51.97036642875546,"conf":80.33333333333333},"UNIUSDT":{"ts":1780226347.7897809,"regime":"FLIP ZONE","dgrp":35.23879032162869,"conf":87.66666666666666},"PUMPUSDT":{"ts":1780226347.7897866,"regime":"FLIP ZONE","dgrp":39.7485878173935,"conf":81.0},"GUAUSDT":{"ts":1780226347.7897918,"regime":"FLIP ZONE","dgrp":50.874704143386815,"conf":84.84615384615384},"BASEDUSDT":{"ts":1780226347.789797,"regime":"FLIP ZONE","dgrp":39.110205643737714,"conf":96.0},"SEIUSDT":{"ts":1780226347.789803,"regime":"FLIP ZONE","dgrp":43.91403659305685,"conf":96.0},"SIGNUSDT":{"ts":1780226347.7898083,"regime":"FLIP ZONE","dgrp":72.39512031790679,"conf":96.0},"PENGUUSDT":{"ts":1780226347.7898138,"regime":"FLIP ZONE","dgrp":45.743944137816456,"conf":96.0},"CAKEUSDT":{"ts":1780226347.7898192,"regime":"FLIP ZONE","dgrp":41.12813995477059,"conf":84.0},"APRUSDT":{"ts":1780226347.7898245,"regime":"FLIP ZONE","dgrp":42.60996921398546,"conf":96.0},"AAVEUSDT":{"ts":1780226347.7898297,"regime":"FLIP ZONE","dgrp":31.168194051190696,"conf":96.0},"PHAROSUSDT":{"ts":1780226347.7898345,"regime":"FLIP ZONE","dgrp":44.502217516575335,"conf":87.66666666666666},"XPLUSDT":{"ts":1780226347.7898383,"regime":"FLIP ZONE","dgrp":41.26461614359523,"conf":95.0},"PENDLEUSDT":{"ts":1780226347.789843,"regime":"FLIP ZONE","dgrp":31.8850413576739,"conf":96.0},"TRUMPUSDT":{"ts":1780226347.789848,"regime":"FLIP ZONE","dgrp":43.693434704839724,"conf":96.0},"DASHUSDT":{"ts":1780226347.7898521,"regime":"FLIP ZONE","dgrp":39.540541724012314,"conf":96.0},"AVNTUSDT":{"ts":1780226347.7898576,"regime":"FLIP ZONE","dgrp":46.255557201209825,"conf":91.0},"RIVERUSDT":{"ts":1780226347.789862,"regime":"FLIP ZONE","dgrp":36.6265741391561,"conf":93.05882352941177},"AXSUSDT":{"ts":1780226347.789866,"regime":"FLIP ZONE","dgrp":48.29974292832015,"conf":92.25},"ICPUSDT":{"ts":1780226347.78987,"regime":"FLIP ZONE","dgrp":41.64859703291177,"conf":83.08333333333334}}