{"BTCUSDT":{"ts":1779506181.910915,"regime":"FLIP ZONE","dgrp":52.68644890755696,"conf":83.08333333333334}}