{"BTCUSDT":{"ts":1780285957.3464167,"regime":"POSITIVE","dgrp":35.12328241280356,"conf":92.25}}