{"AVNTUSDT":{"wins":1,"losses":0,"pnl_pct":3.2097326936257655,"last_trade":1776565462.5035632},"AVAXUSDT":{"wins":3,"losses":0,"pnl_pct":3.468771859322671,"last_trade":1776639260.1581233},"MOVRUSDT":{"wins":1,"losses":0,"pnl_pct":5.067250115154304,"last_trade":1776565913.896251},"WLFIUSDT":{"wins":0,"losses":10,"pnl_pct":-14.172910793467787,"last_trade":1777773397.300834},"HYPEUSDT":{"wins":1,"losses":3,"pnl_pct":-1.0146125695270096,"last_trade":1776574945.990179},"PNUTUSDT":{"wins":1,"losses":1,"pnl_pct":0.18556514946369607,"last_trade":1776672349.2900875},"MUSDT":{"wins":6,"losses":3,"pnl_pct":11.872838513408944,"last_trade":1777801890.160765},"DOTUSDT":{"wins":0,"losses":2,"pnl_pct":-1.66661631381908,"last_trade":1776654263.4610434},"APTUSDT":{"wins":0,"losses":5,"pnl_pct":-9.329610927772672,"last_trade":1777691535.367878},"PENGUUSDT":{"wins":5,"losses":12,"pnl_pct":-3.28513902397789,"last_trade":1777838531.3181674},"ARBUSDT":{"wins":1,"losses":9,"pnl_pct":-10.090807293321028,"last_trade":1778204341.1464937},"ADAUSDT":{"wins":1,"losses":2,"pnl_pct":-0.1724018613810061,"last_trade":1776644654.4602022},"WIFUSDT":{"wins":1,"losses":3,"pnl_pct":-2.2860155016630377,"last_trade":1778204341.080013},"ENAUSDT":{"wins":1,"losses":5,"pnl_pct":-12.705499865528232,"last_trade":1776771447.1596093},"RIVERUSDT":{"wins":3,"losses":2,"pnl_pct":8.086436954405956,"last_trade":1777706709.7624013},"FARTCOINUSDT":{"wins":2,"losses":5,"pnl_pct":-6.038627949296086,"last_trade":1777782748.0587127},"CRVUSDT":{"wins":0,"losses":5,"pnl_pct":-9.242387083588808,"last_trade":1776619990.3014102},"SUIUSDT":{"wins":1,"losses":2,"pnl_pct":-0.061018507948291445,"last_trade":1776636053.86582},"ZECUSDT":{"wins":4,"losses":7,"pnl_pct":-2.915474963790245,"last_trade":1778084798.6379507},"LTCUSDT":{"wins":1,"losses":0,"pnl_pct":1.100091157702827,"last_trade":1776639167.1777408},"SOLUSDT":{"wins":2,"losses":0,"pnl_pct":2.476441727282287,"last_trade":1776639260.0897439},"FILUSDT":{"wins":1,"losses":7,"pnl_pct":-12.553905435466405,"last_trade":1778335878.337355},"ZROUSDT":{"wins":0,"losses":2,"pnl_pct":-4.238201319544785,"last_trade":1776644654.3283045},"LINKUSDT":{"wins":0,"losses":2,"pnl_pct":-1.789472170464978,"last_trade":1776650602.7099283},"UNIUSDT":{"wins":0,"losses":5,"pnl_pct":-5.479190951569823,"last_trade":1777933874.0639546},"BCHUSDT":{"wins":0,"losses":1,"pnl_pct":-0.6967118877903035,"last_trade":1776644926.7543538},"BNBUSDT":{"wins":0,"losses":2,"pnl_pct":-1.370653994042974,"last_trade":1776666823.7299035},"DOGEUSDT":{"wins":0,"losses":1,"pnl_pct":-0.7840189023735458,"last_trade":1776645197.4711213},"ETHUSDT":{"wins":0,"losses":2,"pnl_pct":-1.8762823096294603,"last_trade":1776672349.498359},"EDGEUSDT":{"wins":0,"losses":2,"pnl_pct":-4.76560141342903,"last_trade":1776802624.997133},"DASHUSDT":{"wins":0,"losses":10,"pnl_pct":-12.079153978024294,"last_trade":1777762955.9151802},"ORDIUSDT":{"wins":0,"losses":3,"pnl_pct":-8.289188881261472,"last_trade":1777784509.7605453},"PORTALUSDT":{"wins":0,"losses":1,"pnl_pct":-2.307009760425908,"last_trade":1776656153.054304},"GWEIUSDT":{"wins":0,"losses":3,"pnl_pct":-9.449959160025514,"last_trade":1776656334.0711026},"XLMUSDT":{"wins":0,"losses":1,"pnl_pct":-0.7932215612042471,"last_trade":1776665019.9405448},"MONUSDT":{"wins":0,"losses":7,"pnl_pct":-10.331933915895707,"last_trade":1776673073.6375012},"XRPUSDT":{"wins":0,"losses":1,"pnl_pct":-0.6505111158767521,"last_trade":1776667006.3614943},"TRXUSDT":{"wins":2,"losses":1,"pnl_pct":1.5341912928894592,"last_trade":1777787056.414777},"GIGGLEUSDT":{"wins":0,"losses":4,"pnl_pct":-10.491412785752564,"last_trade":1777773638.9213083},"SKYAIUSDT":{"wins":2,"losses":5,"pnl_pct":-64.80565237774051,"last_trade":1778335878.4122674},"AAVEUSDT":{"wins":0,"losses":3,"pnl_pct":-4.513929310156178,"last_trade":1777767454.1608572},"ENJUSDT":{"wins":0,"losses":2,"pnl_pct":-8.203690387505475,"last_trade":1776771447.2141573},"FETUSDT":{"wins":0,"losses":1,"pnl_pct":-2.6315789473684235,"last_trade":1776771447.103992},"DEXEUSDT":{"wins":1,"losses":0,"pnl_pct":4.801079852230751,"last_trade":1776777574.6782854},"TONUSDT":{"wins":2,"losses":2,"pnl_pct":4.022012211745756,"last_trade":1778248030.41284},"LDOUSDT":{"wins":0,"losses":2,"pnl_pct":-3.066130058755901,"last_trade":1776823508.2525363},"SIRENUSDT":{"wins":0,"losses":2,"pnl_pct":-4.760174279582998,"last_trade":1778360089.5634966},"币安人生USDT":{"wins":1,"losses":4,"pnl_pct":-7.845349506234433,"last_trade":1777779588.823847},"0GUSDT":{"wins":0,"losses":1,"pnl_pct":-2.509277257465982,"last_trade":1777428297.9323516},"VELVETUSDT":{"wins":0,"losses":1,"pnl_pct":-1.908235094563652,"last_trade":1777428297.9664059},"CHZUSDT":{"wins":1,"losses":1,"pnl_pct":0.6278069225955474,"last_trade":1777598470.8361814},"BROCCOLI714USDT":{"wins":0,"losses":1,"pnl_pct":-1.4060742407199112,"last_trade":1777559854.2731457},"SOONUSDT":{"wins":0,"losses":2,"pnl_pct":-4.320975313578252,"last_trade":1777598470.9944644},"APEUSDT":{"wins":1,"losses":4,"pnl_pct":3.8292539471501748,"last_trade":1777867316.9349782},"ORCAUSDT":{"wins":0,"losses":7,"pnl_pct":-14.262015050362113,"last_trade":1777788953.7273374},"TRBUSDT":{"wins":1,"losses":2,"pnl_pct":-0.6127182995046487,"last_trade":1777770557.5994084},"1000SHIBUSDT":{"wins":1,"losses":1,"pnl_pct":0.597928474623298,"last_trade":1777775073.6788862},"VIRTUALUSDT":{"wins":1,"losses":3,"pnl_pct":-4.781674178809414,"last_trade":1777933873.9309545},"PENDLEUSDT":{"wins":1,"losses":4,"pnl_pct":-3.945282053478339,"last_trade":1777838530.9501598},"API3USDT":{"wins":0,"losses":1,"pnl_pct":-1.3031013812874654,"last_trade":1777685140.4045854},"EDUUSDT":{"wins":0,"losses":1,"pnl_pct":-1.9015212169735778,"last_trade":1777687675.689995},"VVVUSDT":{"wins":0,"losses":4,"pnl_pct":-9.21977280898285,"last_trade":1778382154.8589964},"BRUSDT":{"wins":3,"losses":3,"pnl_pct":0.24033187532874,"last_trade":1777867768.9847155},"TAGUSDT":{"wins":2,"losses":4,"pnl_pct":-1.6714196497316585,"last_trade":1778082775.8986568},"DRIFTUSDT":{"wins":0,"losses":1,"pnl_pct":-2.230483271375466,"last_trade":1777747838.1328704},"GUAUSDT":{"wins":0,"losses":1,"pnl_pct":-15.017572316842386,"last_trade":1777747838.341441},"ONUSDT":{"wins":0,"losses":8,"pnl_pct":-16.01784885377023,"last_trade":1777772249.468016},"SPKUSDT":{"wins":0,"losses":6,"pnl_pct":-9.03428619650396,"last_trade":1777771100.7149136},"BABYUSDT":{"wins":5,"losses":4,"pnl_pct":0.4555064540044136,"last_trade":1778012369.3618221},"1000LUNCUSDT":{"wins":4,"losses":8,"pnl_pct":-17.228077199705368,"last_trade":1778307321.7690716},"AXLUSDT":{"wins":1,"losses":6,"pnl_pct":-12.169363598987138,"last_trade":1778012369.5205617},"HUSDT":{"wins":0,"losses":3,"pnl_pct":-6.3248623584081525,"last_trade":1777842904.4225686},"INJUSDT":{"wins":0,"losses":1,"pnl_pct":-0.6054224795998981,"last_trade":1777767004.9533155},"KATUSDT":{"wins":7,"losses":0,"pnl_pct":9.987214579586315,"last_trade":1777767276.8084671},"KNCUSDT":{"wins":1,"losses":5,"pnl_pct":-14.291684579643448,"last_trade":1777787148.6407552},"ZBTUSDT":{"wins":2,"losses":2,"pnl_pct":2.945814953808059,"last_trade":1778012833.8589008},"RAVEUSDT":{"wins":6,"losses":2,"pnl_pct":9.469094777710183,"last_trade":1778032112.629832},"MEGAUSDT":{"wins":2,"losses":4,"pnl_pct":-7.049624681704281,"last_trade":1778032112.9160619},"AIGENSYNUSDT":{"wins":1,"losses":8,"pnl_pct":-18.37018843480441,"last_trade":1777780918.3009145},"PLAYUSDT":{"wins":3,"losses":0,"pnl_pct":10.1693871801298,"last_trade":1778204341.033679},"BSBUSDT":{"wins":2,"losses":5,"pnl_pct":-21.798015239514065,"last_trade":1778360089.437639},"NAORISUSDT":{"wins":1,"losses":1,"pnl_pct":0.34811345170020136,"last_trade":1777783020.3816864},"CHIPUSDT":{"wins":2,"losses":2,"pnl_pct":-1.9132089553247549,"last_trade":1777838531.2720082},"ZEREBROUSDT":{"wins":2,"losses":8,"pnl_pct":-39.95774777833357,"last_trade":1778082775.81752},"NFPUSDT":{"wins":0,"losses":6,"pnl_pct":-11.344354935942944,"last_trade":1777781640.720152},"TACUSDT":{"wins":2,