{"AVNTUSDT":{"wins":1,"losses":0,"pnl_pct":3.2097326936257655,"last_trade":1776565462.5035632},"AVAXUSDT":{"wins":3,"losses":0,"pnl_pct":3.468771859322671,"last_trade":1776639260.1581233},"MOVRUSDT":{"wins":1,"losses":0,"pnl_pct":5.067250115154304,"last_trade":1776565913.896251},"WLFIUSDT":{"wins":0,"losses":3,"pnl_pct":-5.387596635709977,"last_trade":1777706709.9649045},"HYPEUSDT":{"wins":1,"losses":3,"pnl_pct":-1.0146125695270096,"last_trade":1776574945.990179},"PNUTUSDT":{"wins":1,"losses":1,"pnl_pct":0.18556514946369607,"last_trade":1776672349.2900875},"MUSDT":{"wins":4,"losses":1,"pnl_pct":10.370203076654951,"last_trade":1776657055.6807516},"DOTUSDT":{"wins":0,"losses":2,"pnl_pct":-1.66661631381908,"last_trade":1776654263.4610434},"APTUSDT":{"wins":0,"losses":5,"pnl_pct":-9.329610927772672,"last_trade":1777691535.367878},"PENGUUSDT":{"wins":2,"losses":3,"pnl_pct":0.37100787387567014,"last_trade":1777692890.0196748},"ARBUSDT":{"wins":1,"losses":6,"pnl_pct":-4.073194254829084,"last_trade":1777662233.7553918},"ADAUSDT":{"wins":1,"losses":2,"pnl_pct":-0.1724018613810061,"last_trade":1776644654.4602022},"WIFUSDT":{"wins":1,"losses":1,"pnl_pct":1.6199208088263481,"last_trade":1777650542.9265263},"ENAUSDT":{"wins":1,"losses":5,"pnl_pct":-12.705499865528232,"last_trade":1776771447.1596093},"RIVERUSDT":{"wins":3,"losses":2,"pnl_pct":8.086436954405956,"last_trade":1777706709.7624013},"FARTCOINUSDT":{"wins":2,"losses":4,"pnl_pct":-5.100819459661345,"last_trade":1777685140.3830478},"CRVUSDT":{"wins":0,"losses":5,"pnl_pct":-9.242387083588808,"last_trade":1776619990.3014102},"SUIUSDT":{"wins":1,"losses":2,"pnl_pct":-0.061018507948291445,"last_trade":1776636053.86582},"ZECUSDT":{"wins":1,"losses":4,"pnl_pct":-8.103555325848724,"last_trade":1777706710.0295079},"LTCUSDT":{"wins":1,"losses":0,"pnl_pct":1.100091157702827,"last_trade":1776639167.1777408},"SOLUSDT":{"wins":2,"losses":0,"pnl_pct":2.476441727282287,"last_trade":1776639260.0897439},"FILUSDT":{"wins":1,"losses":4,"pnl_pct":-3.1677476120054995,"last_trade":1777598471.199681},"ZROUSDT":{"wins":0,"losses":2,"pnl_pct":-4.238201319544785,"last_trade":1776644654.3283045},"LINKUSDT":{"wins":0,"losses":2,"pnl_pct":-1.789472170464978,"last_trade":1776650602.7099283},"UNIUSDT":{"wins":0,"losses":3,"pnl_pct":-2.7411815609956456,"last_trade":1777559854.3123019},"BCHUSDT":{"wins":0,"losses":1,"pnl_pct":-0.6967118877903035,"last_trade":1776644926.7543538},"BNBUSDT":{"wins":0,"losses":2,"pnl_pct":-1.370653994042974,"last_trade":1776666823.7299035},"DOGEUSDT":{"wins":0,"losses":1,"pnl_pct":-0.7840189023735458,"last_trade":1776645197.4711213},"ETHUSDT":{"wins":0,"losses":2,"pnl_pct":-1.8762823096294603,"last_trade":1776672349.498359},"EDGEUSDT":{"wins":0,"losses":2,"pnl_pct":-4.76560141342903,"last_trade":1776802624.997133},"DASHUSDT":{"wins":0,"losses":3,"pnl_pct":-4.253008354799635,"last_trade":1777691535.252368},"ORDIUSDT":{"wins":0,"losses":2,"pnl_pct":-6.944491911564491,"last_trade":1776656152.8407378},"PORTALUSDT":{"wins":0,"losses":1,"pnl_pct":-2.307009760425908,"last_trade":1776656153.054304},"GWEIUSDT":{"wins":0,"losses":3,"pnl_pct":-9.449959160025514,"last_trade":1776656334.0711026},"XLMUSDT":{"wins":0,"losses":1,"pnl_pct":-0.7932215612042471,"last_trade":1776665019.9405448},"MONUSDT":{"wins":0,"losses":7,"pnl_pct":-10.331933915895707,"last_trade":1776673073.6375012},"XRPUSDT":{"wins":0,"losses":1,"pnl_pct":-0.6505111158767521,"last_trade":1776667006.3614943},"TRXUSDT":{"wins":0,"losses":1,"pnl_pct":-0.6657027531778992,"last_trade":1776672348.7765934},"GIGGLEUSDT":{"wins":0,"losses":3,"pnl_pct":-8.563628208029177,"last_trade":1776672349.4040744},"SKYAIUSDT":{"wins":2,"losses":0,"pnl_pct":5.561967666810713,"last_trade":1776672531.3983357},"AAVEUSDT":{"wins":0,"losses":2,"pnl_pct":-3.6990032968600115,"last_trade":1776736990.452502},"ENJUSDT":{"wins":0,"losses":2,"pnl_pct":-8.203690387505475,"last_trade":1776771447.2141573},"FETUSDT":{"wins":0,"losses":1,"pnl_pct":-2.6315789473684235,"last_trade":1776771447.103992},"DEXEUSDT":{"wins":1,"losses":0,"pnl_pct":4.801079852230751,"last_trade":1776777574.6782854},"TONUSDT":{"wins":0,"losses":1,"pnl_pct":-1.329458772248455,"last_trade":1776802625.1074858},"LDOUSDT":{"wins":0,"losses":2,"pnl_pct":-3.066130058755901,"last_trade":1776823508.2525363},"SIRENUSDT":{"wins":0,"losses":1,"pnl_pct":-3.3251052708000626,"last_trade":1776823508.3384154},"币安人生USDT":{"wins":1,"losses":1,"pnl_pct":0.31227142792549634,"last_trade":1777672051.0809193},"0GUSDT":{"wins":0,"losses":1,"pnl_pct":-2.509277257465982,"last_trade":1777428297.9323516},"VELVETUSDT":{"wins":0,"losses":1,"pnl_pct":-1.908235094563652,"last_trade":1777428297.9664059},"CHZUSDT":{"wins":1,"losses":1,"pnl_pct":0.6278069225955474,"last_trade":1777598470.8361814},"BROCCOLI714USDT":{"wins":0,"losses":1,"pnl_pct":-1.4060742407199112,"last_trade":1777559854.2731457},"SOONUSDT":{"wins":0,"losses":2,"pnl_pct":-4.320975313578252,"last_trade":1777598470.9944644},"APEUSDT":{"wins":1,"losses":0,"pnl_pct":7.579925650557636,"last_trade":1777650542.8760276},"ORCAUSDT":{"wins":0,"losses":1,"pnl_pct":-0.9000000000000008,"last_trade":1777662142.2263699},"TRBUSDT":{"wins":1,"losses":0,"pnl_pct":2.480524170665027,"last_trade":1777662142.40826},"1000SHIBUSDT":{"wins":0,"losses":1,"pnl_pct":-0.5020395356134282,"last_trade":1777662774.7007914},"VIRTUALUSDT":{"wins":0,"losses":1,"pnl_pct":-1.2834978843441462,"last_trade":1777669623.5115402},"PENDLEUSDT":{"wins":0,"losses":1,"pnl_pct":-3.443877551020411,"last_trade":1777670498.3607707},"API3USDT":{"wins":0,"losses":1,"pnl_pct":-1.3031013812874654,"last_trade":1777685140.4045854},"EDUUSDT":{"wins":0,"losses":1,"pnl_pct":-1.9015212169735778,"last_trade":1777687675.689995},"VVVUSDT":{"wins":0,"losses":3,"pnl_pct":-3.2452441537200163,"last_trade":1777707893.2615948},"BRUSDT":{"wins":0,"losses":1,"pnl_pct":-4.168318513903837,"last_trade":1777706892.134232},"TAGUSDT":{"wins":1,"losses":0,"pnl_pct":5.2501418037436185,"last_trade":1777710500.1290598}}