{"BTCUSDT":{"ts":1778385360.4572,"regime":"POSITIVE","dgrp":40.42686255161958,"conf":96.0},"ETHUSDT":{"ts":1778385360.457216,"regime":"FLIP ZONE","dgrp":44.273000395570065,"conf":95.0},"SOLUSDT":{"ts":1778385360.4572318,"regime":"POSITIVE","dgrp":42.62416763604713,"conf":96.0},"ZECUSDT":{"ts":1778385360.4572413,"regime":"FLIP ZONE","dgrp":35.37438175134182,"conf":96.0},"BILLUSDT":{"ts":1778385360.4572513,"regime":"FLIP ZONE","dgrp":51.9640871903014,"conf":94.42105263157895},"TONUSDT":{"ts":1778385360.4572606,"regime":"FLIP ZONE","dgrp":51.601294773151146,"conf":87.66666666666666},"INXUSDT":{"ts":1778385360.4572706,"regime":"FLIP ZONE","dgrp":59.35457070766449,"conf":96.0},"XRPUSDT":{"ts":1778385360.4572818,"regime":"FLIP ZONE","dgrp":35.34893573406748,"conf":96.0},"DOGEUSDT":{"ts":1778385360.4572906,"regime":"FLIP ZONE","dgrp":35.159086551922194,"conf":96.0},"LABUSDT":{"ts":1778385360.4572997,"regime":"FLIP ZONE","dgrp":41.485196003620295,"conf":91.0},"SAHARAUSDT":{"ts":1778385360.45731,"regime":"FLIP ZONE","dgrp":47.771093439825556,"conf":96.0},"DYMUSDT":{"ts":1778385360.4573185,"regime":"FLIP ZONE","dgrp":47.95750677293369,"conf":96.0},"SUIUSDT":{"ts":1778385360.4573298,"regime":"FLIP ZONE","dgrp":35.7885993969429,"conf":96.0},"PLAYUSDT":{"ts":1778385360.4573412,"regime":"FLIP ZONE","dgrp":42.18978798837469,"conf":96.0},"HYPEUSDT":{"ts":1778385360.4573514,"regime":"FLIP ZONE","dgrp":40.51702389806765,"conf":89.07692307692307},"ONDOUSDT":{"ts":1778385360.4573627,"regime":"FLIP ZONE","dgrp":41.45560873253904,"conf":96.0},"1000PEPEUSDT":{"ts":1778385381.3215203,"regime":"FLIP ZONE","dgrp":38.06882964184152,"conf":96.0},"FILUSDT":{"ts":1778385381.3215377,"regime":"FLIP ZONE","dgrp":41.35457753527312,"conf":84.0},"BNBUSDT":{"ts":1778385381.3215477,"regime":"FLIP ZONE","dgrp":29.10610106922891,"conf":90.0},"STRKUSDT":{"ts":1778385381.3215573,"regime":"FLIP ZONE","dgrp":42.60879533399697,"conf":86.35714285714286},"SKYAIUSDT":{"ts":1778385381.321565,"regime":"FLIP ZONE","dgrp":44.01902125459541,"conf":96.0},"RAVEUSDT":{"ts":1778385381.3215718,"regime":"FLIP ZONE","dgrp":63.30424391495731,"conf":96.0},"ASTERUSDT":{"ts":1778385381.3215802,"regime":"FLIP ZONE","dgrp":35.264986477592075,"conf":96.0},"VVVUSDT":{"ts":1778385381.321587,"regime":"FLIP ZONE","dgrp":33.09284226414965,"conf":92.25},"BSBUSDT":{"ts":1778385381.321595,"regime":"FLIP ZONE","dgrp":42.855934612898594,"conf":96.0},"ICPUSDT":{"ts":1778385381.3216023,"regime":"FLIP ZONE","dgrp":36.35151835219917,"conf":96.0},"CHIPUSDT":{"ts":1778385381.3216102,"regime":"FLIP ZONE","dgrp":48.13725314961106,"conf":96.0},"TAOUSDT":{"ts":1778385381.3216178,"regime":"FLIP ZONE","dgrp":37.30957476554279,"conf":96.0},"BIOUSDT":{"ts":1778385381.3216293,"regime":"FLIP ZONE","dgrp":45.95107962667507,"conf":96.0},"ADAUSDT":{"ts":1778385381.3216405,"regime":"FLIP ZONE","dgrp":37.8403551655953,"conf":96.0},"PTBUSDT":{"ts":1778385381.3216503,"regime":"FLIP ZONE","dgrp":57.01556581300927,"conf":96.0},"ENAUSDT":{"ts":1778385381.3216596,"regime":"FLIP ZONE","dgrp":38.864261938911866,"conf":96.0},"QUSDT":{"ts":1778385381.3216696,"regime":"FLIP ZONE","dgrp":41.02153062174512,"conf":87.66666666666666},"LINKUSDT":{"ts":1778385381.3216796,"regime":"FLIP ZONE","dgrp":35.9570983022727,"conf":96.0},"SIRENUSDT":{"ts":1778385381.3216913,"regime":"FLIP ZONE","dgrp":40.604514743999935,"conf":81.0},"NEARUSDT":{"ts":1778385381.321702,"regime":"FLIP ZONE","dgrp":38.45871347535356,"conf":81.0},"AVAXUSDT":{"ts":1778385381.3217127,"regime":"FLIP ZONE","dgrp":34.18966745588545,"conf":86.0},"COLLECTUSDT":{"ts":1778385381.3217223,"regime":"FLIP ZONE","dgrp":58.334411682330476,"conf":90.72222222222223},"AAVEUSDT":{"ts":1778385381.3217309,"regime":"FLIP ZONE","dgrp":32.0267992334867,"conf":81.55555555555556},"WLFIUSDT":{"ts":1778385381.3217402,"regime":"FLIP ZONE","dgrp":35.48542057183644,"conf":96.0},"LAYERUSDT":{"ts":1778385381.3217475,"regime":"FLIP ZONE","dgrp":47.46543658792197,"conf":79.94736842105263},"BUSDT":{"ts":1778385381.3217554,"regime":"FLIP ZONE","dgrp":55.28970636428973,"conf":88.8125},"DASHUSDT":{"ts":1778385381.3217623,"regime":"FLIP ZONE","dgrp":36.02864791442245,"conf":81.0},"UNIUSDT":{"ts":1778385381.3217702,"regime":"FLIP ZONE","dgrp":40.670380447775926,"conf":81.0},"JUPUSDT":{"ts":1778385402.3933775,"regime":"FLIP ZONE","dgrp":39.48781824752845,"conf":96.0},"ACEUSDT":{"ts":1778385402.3933997,"regime":"FLIP ZONE","dgrp":50.137104114000486,"conf":96.0},"ORDIUSDT":{"ts":1778385402.393411,"regime":"FLIP ZONE","dgrp":34.979256021563685,"conf":96.0},"ZEREBROUSDT":{"ts":1778385402.393437,"regime":"FLIP ZONE","dgrp":43.993503163928025,"conf":87.66666666666666},"DOGSUSDT":{"ts":1778385402.3934484,"regime":"FLIP ZONE","dgrp":38.47154085933849,"conf":96.0},"BANANAUSDT":{"ts":1778385402.3934603,"regime":"FLIP ZONE","dgrp":78.49622765403711,"conf":93.61111111111111},"ARBUSDT":{"ts":1778385402.393471,"regime":"FLIP ZONE","dgrp":38.83795801645368,"conf":96.0},"ORCAUSDT":{"ts":1778385402.393482,"regime":"FLIP ZONE","dgrp":50.32867469639716,"conf":87.66666666666666},"PUMPUSDT":{"ts":1778385402.3934932,"regime":"FLIP ZONE","dgrp":43.34589760688247,"conf":96.0},"PENGUUSDT":{"ts":1778385402.3935034,"regime":"FLIP ZONE","dgrp":43.67463316994117,"conf":96.0},"LTCUSDT":{"ts":1778385402.3935153,"regime":"FLIP ZONE","dgrp":30.302790727070132,"conf":78.5},"NILUSDT":{"ts":1778385402.3935273,"regime":"FLIP ZONE","dgrp":36.318397913611726,"conf":96.0},"WLDUSDT":{"ts":1778385402.3935375,"regime":"FLIP ZONE","dgrp":38.55052592093567,"conf":95.0},"ONUSDT":{"ts":1778385402.3935468,"regime":"FLIP ZONE","dgrp":45.83399102548145,"conf":96.0},"GALAUSDT":{"ts":1778385402.3935566,"regime":"FLIP ZONE","dgrp":48.596437007774085,"conf":91.33333333333333},"TRXUSDT":{"ts":1778385402.3935664,"regime":"FLIP ZONE","dgrp":35.96530495540184,"conf":96.0},"MITOUSDT":{"ts":1778385402.3935757,"regime":"FLIP ZONE","dgrp":46.5870205443394,"conf":84.84615384615384},"JTOUSDT":{"ts":1778385402.3935857,"regime":"FLIP ZONE","dgrp":44.573084216496724,"conf":87.0},"OPUSDT":{"ts":1778385402.393595,"regime":"FLIP ZONE","dgrp":44.82529984425112,"conf":96.0},"1000LUNCUSDT":{"ts":1778385402.3936052,"regime":"FLIP ZONE","dgrp":31.941744656807522,"conf":96.0},"TSTUSDT":{"ts":1778385402.393616,"regime":"FLIP ZONE","dgrp":31.521614504914673,"conf":92.25},"FARTCOINUSDT":{"ts":1778385402.3936248,"regime":"FLIP ZONE","dgrp":38.84078137302969,"conf":96.0},"SEIUSDT":{"ts":1778385402.3936346,"regime":"FLIP ZONE","dgrp":44.19390094456866,"conf":81.0},"TRUMPUSDT":{"ts":1778385402.3936434,"regime":"FLIP ZONE","dgrp":43.85536067407405,"conf":90.66666666666666},"JASMYUSDT":{"ts":1778385402.3936517,"regime":"FLIP ZONE","dgrp":54.29564805138375,"conf":96.0},"FETUSDT":{"ts":1778385402.393662,"regime":"FLIP ZONE","dgrp":31.49606765831517,"conf":84.0},"BCHUSDT":{"ts":1778385402.393672,"regime":"FLIP ZONE","dgrp":41.04547215324874,"conf":93.28571428571428},"BASUSDT":{"ts":1778385402.39368,"regime":"FLIP ZONE","dgrp":46.8666228633102,"conf":84.84615384615384},"DOTUSDT":{"ts":1778385360.4570916,"regime":"FLIP ZONE","dgrp":37.64278880798028,"conf":96.0},"VIRTUALUSDT":{"ts":1778385360.4571025,"regime":"FLIP ZONE","dgrp":35.53564787179385,"conf":96.0},"TIAUSDT":{"ts":1778385360.4571226,"regime":"FLIP ZONE","dgrp":43.61189030956107,"conf":96.0},"KITEUSDT":{"ts":1778385360.4571335,"regime":"FLIP ZONE","dgrp":46.43235371846091,"conf":86.0},"RIVERUSDT":{"ts":1778385360.457143,"regime":"FLIP ZONE","dgrp":46.9966927643656,"conf":96.0},"XLMUSDT":{"ts":1778385360.4571548,"regime":"FLIP ZONE","dgrp":43.583164121610295,"conf":93.28571428571428},"APTUSDT":{"ts":1778385360.4571657,"regime":"FLIP ZONE","dgrp":29.65517580487826,"conf":81.66666666666666},"OPENUSDT":{"ts":1778385360.457176,"regime":"FLIP ZONE","dgrp":40.563806057263896,"conf":86.35714285714286}}