{"BTCUSDT":{"ts":1779425825.1215775,"regime":"FLIP ZONE","dgrp":47.676506159141944,"conf":85.42857142857143}}