Date,Chat Name,Creator,Exchanges,Symbol,Status,Leverage,Direction,Last Target,Duration,Signal Gained Profit %,Entry Targets % Filled,Number of Filled Entry Targets,Filled Average Entry Price,Number of Entry Targets,Entry Zone Range,Average Entry Price,TP1 Price,TP2 Price,TP3 Price,TP4 Price,TP5 Price,TP6 Price,TP7 Price,TP8 Price,TP9 Price,TP10 Price,Stop Loss Price
2026-04-10 01:10:45,PnLTactics,,"KuCoin Futures, BloFin Futures, BingX Futures, OKX Futures, HyperLiquid Futures, Bitget Futures, Binance Futures, ByBit USDT",ARB/USDT,Stopped Out,Isolated (5.0X),Long,0,5 hr 27 min,-7.9582,100.0,2,0.10994999999999999,2,0.1099-0.1124,0.11115,,,,,,,,,,,0.1082
2026-04-10 00:55:42,PnLTactics,,"HyperLiquid Futures, Bitget Futures, OKX Futures, ByBit USDT, KuCoin Futures, Binance Futures, BloFin Futures, BingX Futures",ARB/USDT,All Targets Achieved,Isolated (5.0X),Long,3,1 day 1 hr,24.6096,100.0,2,0.10951,2,0.1096-0.1119,0.11075,0.1124,0.1147,0.1176,,,,,,,,
2026-04-10 00:44:43,PnLTactics,,"BingX Futures, ByBit USDT, Binance Futures, KuCoin Futures, Bitget Futures",4/USDT,Stopped Out,Isolated (5.0X),Long,0,5 min,-14.7913,100.0,2,0.01893,2,0.01894-0.01966,0.019299999999999998,,,,,,,,,,,0.01837
2026-04-10 00:23:34,PnLTactics,,"Binance Futures, Bitget Futures, BloFin Futures, ByBit USDT",RED/USDT,Stopped Out,Isolated (5.0X),Short,0,38 min,-9.3342,100.0,2,0.1607,2,0.1583-0.1607,0.1595,,,,,,,,,,,0.1637
2026-04-09 22:18:07,PnLTactics,,"HyperLiquid Futures, BingX Futures, OKX Futures, KuCoin Futures, Binance Futures, Bitget Futures, BloFin Futures, ByBit USDT",SOL/USDT,Stopped Out,Isolated (5.0X),Long,0,12 min,-3.2432,100.0,2,85.3335,2,85.12-85.55,85.33500000000001,,,,,,,,,,,84.78
2026-04-09 22:11:09,PnLTactics,,"BloFin Futures, Bitget Futures, ByBit USDT, BingX Futures, OKX Futures, Binance Futures, HyperLiquid Futures, KuCoin Futures",SOL/USDT,Partial Targets Achieved,Isolated (6.0X),Long,1,24 min,3.3116,100.0,2,84.55000000000001,2,84.54-84.84,84.69,85.67,,,,,,,,,,84.69
2026-04-09 20:04:46,PnLTactics,,"BloFin Futures, BingX Futures, OKX Futures, Bitget Futures, KuCoin Futures, ByBit USDT, Binance Futures",WLFI/USDT,Stopped Out,Isolated (6.0X),Long,0,53 min,-4.4444,100.0,2,0.0945,2,0.0947-0.0954,0.09505,,,,,,,,,,,0.0938
2026-04-09 19:55:39,PnLTactics,,"Binance Futures, HyperLiquid Futures, BloFin Futures, BingX Futures, KuCoin Futures, OKX Futures, Bitget Futures, ByBit USDT",BNB/USDT,Stopped Out,Isolated (6.0X),Long,0,3 hr 14 min,-3.8828,100.0,2,608.84,2,608.9-612.1,610.5,,,,,,,,,,,604.9
2026-04-09 19:09:47,PnLTactics,,"Binance Futures, KuCoin Futures, BingX Futures, BloFin Futures, HyperLiquid Futures, OKX Futures, ByBit USDT, Bitget Futures",BNB/USDT,Stopped Out,Isolated (6.0X),Long,0,3 hr 57 min,-3.8222,100.0,2,609.08,2,609.2-611.3,610.25,,,,,,,,,,,605.2
2026-04-09 18:26:49,PnLTactics,,"HyperLiquid Futures, BingX Futures, BloFin Futures, KuCoin Futures, Binance Futures, OKX Futures, Bitget Futures",CRCL/USDT,Stopped Out,Isolated (6.0X),Short,0,7 hr 10 min,-10.826,100.0,2,85.8215,2,83.95-85.86,84.905,,,,,,,,,,,87.37
2026-04-09 15:54:29,PnLTactics,,"Binance Futures, BingX Futures, BloFin Futures, HyperLiquid Futures, KuCoin Futures, ByBit USDT, OKX Futures, Bitget Futures",BNB/USDT,Stopped Out,Isolated (6.0X),Long,0,7 hr 38 min,-3.9048,100.0,2,606.95,2,606.9-608.4,607.65,,,,,,,,,,,603.0
2026-04-09 15:33:18,PnLTactics,,"HyperLiquid Futures, KuCoin Futures, OKX Futures, BloFin Futures, BingX Futures, ByBit USDT, Bitget Futures, Binance Futures",ARB/USDT,Stopped Out,Isolated (6.0X),Long,0,1 hr 14 min,-6.244,100.0,2,0.10378,2,0.1038-0.1043,0.10405,,,,,,,,,,,0.1027
2026-04-09 15:27:04,PnLTactics,,"BloFin Futures, HyperLiquid Futures, OKX Futures, ByBit USDT, KuCoin Futures, BingX Futures, Bitget Futures, Binance Futures",ARB/USDT,All Targets Achieved,Isolated (6.0X),Long,3,6 hr 49 min,20.3291,100.0,2,0.1033,2,0.1034-0.104,0.1037,0.1052,0.1067,0.1085,,,,,,,,
2026-04-09 15:20:23,PnLTactics,,"HyperLiquid Futures, KuCoin Futures, Bitget Futures, OKX Futures, ByBit USDT, BloFin Futures, Binance Futures, BingX Futures",ARB/USDT,Partial Targets Achieved,Isolated (6.0X),Long,1,1 hr 7 min,4.5701,100.0,2,0.10328,2,0.1032-0.104,0.1036,0.105,,,,,,,,,,0.1036
2026-04-09 12:26:53,PnLTactics,,"Binance Futures, KuCoin Futures, ByBit USDT, Bitget Futures",MAGMA/USDT,All Targets Achieved,Isolated (7.0X),Long,3,2 min,50.9172,100.0,2,0.15118,2,0.15192-0.15366,0.15278999999999998,0.1599,0.16673,,,,,,,,,0.1599
2026-04-09 10:44:24,PnLTactics,,"Binance Futures, Bitget Futures, ByBit USDT, BloFin Futures",RED/USDT,Stopped Out,Isolated (7.0X),Short,0,1 hr 13 min,-12.4887,100.0,2,0.16535,2,0.1623-0.1654,0.16385,,,,,,,,,,,0.1683
2026-04-09 10:14:57,PnLTactics,,"KuCoin Futures, Bitget Futures, ByBit USDT, Binance Futures",MAGMA/USDT,Stopped Out,Isolated (7.0X),Long,0,24 min,-16.101,100.0,2,0.15173,2,0.15282-0.1578,0.15531,,,,,,,,,,,0.14824
2026-04-09 10:10:18,PnLTactics,,"ByBit USDT, OKX Futures, KuCoin Futures, BingX Futures, Binance Futures, BloFin Futures, Bitget Futures",BLUR/USDT,Stopped Out,Isolated (7.0X),Long,0,43 min,-23.0396,100.0,2,0.024351499999999998,2,0.02428-0.02477,0.024524999999999998,,,,,,,,,,,0.02355
2026-04-09 10:05:10,PnLTactics,,"Binance Futures, ByBit USDT, Bitget Futures, KuCoin Futures",MAGMA/USDT,Partial Targets Achieved,Isolated (7.0X),Long,2,5 min,48.1055,100.0,2,0.15211,2,0.15228-0.1578,0.15504,0.16028,0.16713,,,,,,,,,0.16028
2026-04-09 10:03:33,PnLTactics,,"OKX Futures, ByBit USDT, KuCoin Futures, BingX Futures, BloFin Futures, Binance Futures, Bitget Futures",BLUR/USDT,Stopped Out,Isolated (7.0X),Long,0,50 min,-22.9154,100.0,2,0.024285,2,0.02422-0.02477,0.024495,,,,,,,,,,,0.02349
2026-04-09 09:09:50,PnLTactics,,"Bitget Futures, Binance Futures, BloFin Futures, ByBit USDT",RED/USDT,Stopped Out,Isolated (7.0X),Short,0,2 hr 56 min,-13.8989,100.0,2,0.1662,2,0.1621-0.1662,0.16415,,,,,,,,,,,0.1695
2026-04-09 09:02:56,PnLTactics,,"Binance Futures, KuCoin Futures, Bitget Futures",JOE/USDT,Stopped Out,Isolated (7.0X),Short,0,56 min,-18.0887,100.0,2,0.051275,2,0.051-0.0513,0.05115,,,,,,,,,,,0.0526
2026-04-09 08:29:07,PnLTactics,,"Bitget Futures, Binance Futures, BloFin Futures, ByBit USDT",RED/USDT,Stopped Out,Isolated (7.0X),Short,0,3 hr 36 min,-14.8036,100.0,2,0.1655,2,0.1632-0.1655,0.16435,,,,,,,,,,,0.169
2026-04-09 08:11:59,PnLTactics,,"Bitget Futures, Binance Futures, BloFin Futures, ByBit USDT",RED/USDT,Stopped Out,Isolated (6.0X),Short,0,5 hr 13 min,-12.5899,100.0,2,0.1668,2,0.1621-0.1668,0.16444999999999999,,,,,,,,,,,0.1703
2026-04-09 07:56:40,PnLTactics,,"BloFin Futures, Binance Futures, Bitget Futures, ByBit USDT",RED/USDT,Stopped Out,Isolated (7.0X),Short,0,8 min,-10.084,100.0,2,0.1666,2,0.1635-0.1658,0.16465000000000002,,,,,,,,,,,0.169
2026-04-09 07:49:10,PnLTactics,,"Bitget Futures, Binance Futures, BloFin Futures, ByBit USDT",RED/USDT,Stopped Out,Isolated (7.0X),Short,0,16 min,-13.7754,100.0,2,0.16515000000000002,2,0.1635-0.1652,0.16435,,,,,,,,,,,0.1684
2026-04-09 07:42:03,PnLTactics,,"BloFin Futures, Bitget Futures, Binance Futures, ByBit USDT",RED/USDT,Stopped Out,Isolated (6.0X),Short,0,23 min,-8.125,100.0,2,0.16763,2,0.1632-0.1668,0.165,,,,,,,,,,,0.1699
2026-04-09 07:29:01,PnLTactics,,"Bitget Futures, BloFin Futures, Binance Futures, ByBit USDT",RED/USDT,Stopped Out,Isolated (6.0X),Short,0,36 min,-11.7012,100.0,2,0.16665,2,0.1633-0.1667,0.16499999999999998,,,,,,,,,,,0.1699
2026-04-09 07:04:41,PnLTactics,,"Bitget Futures, Binance Futures, BloFin Futures, ByBit USDT",RED/USDT,Stopped Out,Isolated (6.0X),Short,0,8 hr 32 min,-11.8209,100.0,2,0.1675,2,0.1636-0.1675,0.16555,,,,,,,,,,,0.1708
2026-04-09 06:56:07,PnLTactics,,"Bitget Futures, BloFin Futures, Binance Futures, ByBit USDT",RED/USDT,Stopped Out,Isolated (7.0X),Short,0,1 hr 9 min,-15.3684,100.0,2,0.16625,2,0.1659-0.1666,0.16625,,,,,,,,,,,0.1699
2026-04-09 06:48:33,PnLTactics,,"Binance Futures, Bitget Futures, BloFin Futures, ByBit USDT",RED/USDT,Stopped Out,Isolated (6.0X),Short,0,8 hr 49 min,-11.4422,100.0,2,0.1678,2,0.1659-0.1677,0.1668,,,,,,,,,,,0.171
2026-04-09 06:39:47,PnLTactics,,"Bitget Futures, Binance Futures, BloFin Futures, ByBit USDT",RED/USDT,Stopped Out,Isolated (6.0X),Short,0,9 hr 7 min,-12.4703,100.0,2,0.1684,2,0.1669-0.1686,0.16775,,,,,,,,,,,0.1719
2026-04-09 06:28:49,PnLTactics,,"BloFin Futures, Bitget Futures, Binance Futures, ByBit USDT",RED/USDT,Stopped Out,Isolated (6.0X),Short,0,9 hr 18 min,-7.8362,100.0,2,0.16998,2,0.1668-0.1689,0.16785,,,,,,,,,,,0.1722
2026-04-09 04:57:55,PnLTactics,,"Bitget Futures, Binance Futures, BloFin Futures, ByBit USDT",RED/USDT,Stopped Out,Isolated (6.0X),Short,0,38 min,-13.0318,100.0,2,0.16804999999999998,2,0.1639-0.1682,0.16604999999999998,,,,,,,,,,,0.1717
2026-04-09 04:29:26,PnLTactics,,"Bitget Futures, Binance Futures, BloFin Futures, ByBit USDT",RED/USDT,Stopped Out,Isolated (6.0X),Short,0,11 hr 24 min,-13.3175,100.0,2,0.16895,2,0.1633-0.169,0.16615000000000002,,,,,,,,,,,0.1727
2026-04-09 03:41:54,PnLTactics,,"BloFin Futures, OKX Futures, KuCoin Futures, ByBit USDT, Binance Futures, Bitget Futures",MON/USDT,Stopped Out,Isolated (7.0X),Short,0,2 hr 5 min,-12.9936,100.0,2,0.02963,2,0.02888-0.02963,0.029255,,,,,,,,,,,0.03018
2026-04-09 03:15:15,PnLTactics,,"BloFin Futures, ByBit USDT, OKX Futures, Bitget Futures, Binance Futures, KuCoin Futures",MON/USDT,Stopped Out,Isolated (7.0X),Short,0,2 hr 42 min,-13.887,100.0,2,0.02974,2,0.02893-0.02974,0.029335,,,,,,,,,,,0.03033
2026-04-09 02:14:54,PnLTactics,,"ByBit USDT, Bitget Futures, KuCoin Futures, Binance Futures, OKX Futures, BloFin Futures",MON/USDT,Stopped Out,Isolated (7.0X),Short,0,3 hr 45 min,-15.2276,100.0,2,0.02988,2,0.02905-0.02989,0.02947,,,,,,,,,,,0.03053
2026-04-09 01:25:09,PnLTactics,,"Bitget Futures, Binance Futures, BloFin Futures, ByBit USDT",RED/USDT,Stopped Out,Isolated (6.0X),Short,0,36 min,-12.0141,100.0,2,0.1698,2,0.1625-0.169,0.16575,,,,,,,,,,,0.1732
2026-04-09 01:13:09,PnLTactics,,"OKX Futures, BingX Futures, ByBit USDT, Binance Futures, BloFin Futures, HyperLiquid Futures, Bitget Futures, KuCoin Futures",ETH/USDT,Stopped Out,Isolated (6.0X),Short,0,4 hr 24 min,-4.3947,100.0,2,2169.41,2,2165.8-2169.4,2167.6000000000004,,,,,,,,,,,2185.3
2026-04-09 01:07:26,PnLTactics,,"Binance Futures, Bitget Futures, BloFin Futures, ByBit USDT",RED/USDT,Stopped Out,Isolated (6.0X),Short,0,51 min,-15.3938,100.0,2,0.1676,2,0.1616-0.1676,0.1646,,,,,,,,,,,0.1719
2026-04-09 00:44:52,PnLTactics,,"Bitget Futures, Binance Futures, ByBit USDT, BloFin Futures",RED/USDT,Stopped Out,Isolated (6.0X),Short,0,1 hr 17 min,-14.8497,100.0,2,0.1697,2,0.1651-0.1695,0.1673,,,,,,,,,,,0.1739
2026-04-09 00:42:32,PnLTactics,,"HyperLiquid Futures, ByBit USDT, KuCoin Futures, BloFin Futures, OKX Futures, BingX Futures, Bitget Futures, Binance Futures",BNB/USDT,Stopped Out,Isolated (7.0X),Short,0,12 hr 17 min,-4.7897,100.0,2,599.2,2,597.2-599.4,598.3,,,,,,,,,,,603.3
2026-04-09 00:37:28,PnLTactics,,"OKX Futures, BingX Futures, BloFin Futures, ByBit USDT, Binance Futures, Bitget Futures, KuCoin Futures",HBAR/USDT,Stopped Out,Isolated (6.0X),Short,0,2 hr 47 min,-3.4655,100.0,2,0.0883,2,0.08802-0.08824,0.08813,,,,,,,,,,,0.08881
2026-04-09 00:35:02,PnLTactics,,"Binance Futures, Bitget Futures, BloFin Futures, ByBit USDT",RED/USDT,Stopped Out,Isolated (6.0X),Short,0,1 hr 27 min,-14.8585,100.0,2,0.1696,2,0.1651-0.1694,0.16725,,,,,,,,,,,0.1738
2026-04-09 00:25:05,PnLTactics,,"BloFin Futures, ByBit USDT, Bitget Futures, Binance Futures",RED/USDT,All Targets Achieved,Isolated (6.0X),Short,3,1 day 23 hr,62.2326,100.0,1,0.17621,1,0.172-0.172,0.172,0.1645,0.1584,0.1509,,,,,,,,
2026-04-09 00:05:48,PnLTactics,,"OKX Futures, HyperLiquid Futures, BingX Futures, ByBit USDT, Bitget Futures, BloFin Futures, KuCoin Futures, Binance Futures",BNB/USDT,Stopped Out,Isolated (7.0X),Short,0,15 hr 28 min,-4.838,100.0,2,600.45,2,598.4-600.6,599.5,,,,,,,,,,,604.6
2026-04-08 23:53:23,PnLTactics,,"BloFin Futures, Binance Futures, Bitget Futures, ByBit USDT",RED/USDT,Partial Targets Achieved,Isolated (6.0X),Short,1,8 min,8.5985,100.0,2,0.1791,2,0.1765-0.1791,0.1778,0.174,,,,,,,,,,0.1778
2026-04-08 23:44:28,PnLTactics,,"BingX Futures, BloFin Futures, KuCoin Futures, Binance Futures",TRU/USDT,Stopped Out,Isolated (7.0X),Short,0,3 hr 26 min,-12.8238,100.0,2,0.007915,2,0.00779-0.00792,0.007855000000000001,,,,,,,,,,,0.00806
2026-04-08 23:42:17,PnLTactics,,"Bitget Futures, Binance Futures, BloFin Futures, ByBit USDT",RED/USDT,Partial Targets Achieved,Isolated (7.0X),Short,1,19 min,7.1855,100.0,2,0.1786,2,0.1783-0.1786,0.17845,0.1734,,,,,,,,,,0.17845
2026-04-08 23:28:42,PnLTactics,,"KuCoin Futures, Binance Futures, Bitget Futures",JOE/USDT,Partial Targets Achieved,Isolated (7.0X),Short,1,2 hr 37 min,17.9351,100.0,2,0.052820000000000006,2,0.0514-0.0529,0.05215,0.0501,,,,,,,,,,0.05215
2026-04-08 23:25:00,PnLTactics,,"HyperLiquid Futures, BingX Futures, Bitget Futures, OKX Futures, KuCoin Futures, BloFin Futures, ByBit USDT, Binance Futures",BNB/USDT,Stopped Out,Isolated (7.0X),Short,0,16 hr 9 min,-3.7228,100.0,2,601.7,2,601.0-602.4,601.7,,,,,,,,,,,604.9
2026-04-08 22:43:10,PnLTactics,,"BingX Futures, BloFin Futures, KuCoin Futures, Binance Futures",TRU/USDT,Stopped Out,Isolated (7.0X),Short,0,4 hr 27 min,-13.6736,100.0,2,0.007935,2,0.00786-0.00794,0.0079,,,,,,,,,,,0.00809
2026-04-08 22:34:11,PnLTactics,,"HyperLiquid Futures, KuCoin Futures, ByBit USDT, BloFin Futures, Binance Futures, BingX Futures, Bitget Futures, OKX Futures",ARB/USDT,Stopped Out,Isolated (7.0X),Long,0,28 min,-9.4022,100.0,2,0.10572000000000001,2,0.1056-0.1076,0.1066,,,,,,,,,,,0.1043
2026-04-08 21:12:25,PnLTactics,,"OKX Futures, BingX Futures, ByBit USDT, Binance Futures, Bitget Futures, BloFin Futures, KuCoin Futures",HBAR/USDT,Partial Targets Achieved,Isolated (7.0X),Short,1,5 hr 20 min,4.9143,100.0,2,0.08902499999999999,2,0.08812-0.08903,0.088575,0.08805,,,,,,,,,,0.088575
2026-04-08 21:10:31,PnLTactics,,"BingX Futures, KuCoin Futures, BloFin Futures, Binance Futures",TRU/USDT,Stopped Out,Isolated (7.0X),Short,0,1 hr 9 min,-12.7914,100.0,2,0.007935,2,0.00783-0.00794,0.007885,,,,,,,,,,,0.00808
2026-04-08 21:00:21,PnLTactics,,"BloFin Futures, Bitget Futures, Binance Futures, BingX Futures, ByBit USDT, KuCoin Futures, OKX Futures",DASH/USDT,Stopped Out,Isolated (7.0X),Short,0,17 min,-7.1873,100.0,2,32.14,2,31.84-32.13,31.985,,,,,,,,,,,32.47
2026-04-08 20:45:37,PnLTactics,,"OKX Futures, ByBit USDT, BloFin Futures, BingX Futures, Bitget Futures, KuCoin Futures, Binance Futures",XLM/USDT,Stopped Out,Isolated (7.0X),Short,0,40 min,-4.7251,100.0,2,0.157775,2,0.15704-0.15781,0.157425,,,,,,,,,,,0.15884
2026-04-08 20:42:48,PnLTactics,,"HyperLiquid Futures, Binance Futures",1000SHIB/USDT,Stopped Out,Isolated (7.0X),Short,0,39 min,-4.6988,100.0,2,0.005959,2,0.005939-0.00596,0.0059495,,,,,,,,,,,0.005999
2026-04-08 20:30:15,PnLTactics,,"OKX Futures, ByBit USDT, BingX Futures, BloFin Futures, Binance Futures, Bitget Futures, KuCoin Futures",HBAR/USDT,Partial Targets Achieved,Isolated (7.0X),Short,1,7 hr 3 min,3.747,100.0,2,0.08905,2,0.08864-0.08903,0.088835,0.08805,,,,,,,,,,0.088835
2026-04-08 20:12:34,PnLTactics,,"BingX Futures, OKX Futures, Binance Futures, BloFin Futures, ByBit USDT, Bitget Futures, KuCoin Futures",HBAR/USDT,Partial Targets Achieved,Isolated (7.0X),Short,1,7 hr 29 min,4.3892,100.0,2,0.08931,2,0.08873-0.08925,0.08899,0.08827,,,,,,,,,,0.08899
2026-04-08 20:08:04,PnLTactics,,"KuCoin Futures, BingX Futures, Binance Futures, BloFin Futures",TRU/USDT,Stopped Out,Isolated (7.0X),Short,0,2 hr 12 min,-8.75,100.0,2,0.008,2,0.0078-0.00795,0.007875,,,,,,,,,,,0.0081
2026-04-08 20:06:30,PnLTactics,,"BingX Futures, BloFin Futures, OKX Futures, KuCoin Futures, Bitget Futures, Binance Futures, ByBit USDT",HBAR/USDT,Partial Targets Achieved,Isolated (7.0X),Short,1,7 hr 37 min,3.9978,100.0,2,0.08929999999999999,2,0.08873-0.08931,0.08902,0.08833,,,,,,,,,,0.08902
2026-04-08 19:59:47,PnLTactics,,"KuCoin Futures, BloFin Futures, Binance Futures, BingX Futures",TRU/USDT,Stopped Out,Isolated (7.0X),Short,0,7 hr 11 min,-12.2807,100.0,2,0.00798,2,0.00781-0.00796,0.007885,,,,,,,,,,,0.00812
2026-04-08 19:45:12,PnLTactics,,"BingX Futures, BloFin Futures, OKX Futures, KuCoin Futures, Binance Futures, Bitget Futures, ByBit USDT",HBAR/USDT,Partial Targets Achieved,Isolated (7.0X),Short,1,7 hr 58 min,4.4661,100.0,2,0.08934,2,0.08871-0.08932,0.089015,0.08828,,,,,,,,,,0.089015
2026-04-08 19:29:38,PnLTactics,,"BloFin Futures, ByBit USDT, BingX Futures, Binance Futures, Bitget Futures, OKX Futures, KuCoin Futures",XLM/USDT,Stopped Out,Isolated (7.0X),Short,0,1 hr 57 min,-5.2545,100.0,2,0.157865,2,0.15669-0.1579,0.15729500000000002,,,,,,,,,,,0.15905
2026-04-08 19:27:19,PnLTactics,,"Bitget Futures, BloFin Futures, Binance Futures, BingX Futures, OKX Futures, ByBit USDT, KuCoin Futures",RENDER/USDT,Partial Targets Achieved,Isolated (7.0X),Short,1,6 hr 49 min,7.0637,100.0,2,2.0149999999999997,2,1.994-2.016,2.005,1.974,,,,,,,,,,2.005
2026-04-08 19:03:01,PnLTactics,,"HyperLiquid Futures, Binance Futures",1000SHIB/USDT,Stopped Out,Isolated (7.0X),Short,0,2 hr 24 min,-4.6917,100.0,2,0.005968,2,0.005929-0.005969,0.005949,,,,,,,,,,,0.006008
2026-04-08 18:58:53,PnLTactics,,"Bitget Futures, Binance Futures, BloFin Futures, ByBit USDT",RED/USDT,Stopped Out,Isolated (7.0X),Short,0,3 hr 52 min,-16.3788,100.0,2,0.1795,2,0.1761-0.1795,0.1778,,,,,,,,,,,0.1837
2026-04-08 18:57:02,PnLTactics,,"BloFin Futures, KuCoin Futures, Bitget Futures, Binance Futures, BingX Futures, ByBit USDT, OKX Futures",HBAR/USDT,Partial Targets Achieved,Isolated (7.0X),Short,1,8 hr 49 min,4.1737,100.0,2,0.08945,2,0.08898-0.08945,0.089215,0.08832,,,,,,,,,,0.089215
2026-04-08 18:55:28,PnLTactics,,"HyperLiquid Futures, Binance Futures",1000SHIB/USDT,Stopped Out,Isolated (7.0X),Short,0,2 hr 32 min,-4.6327,100.0,2,0.0059685,2,0.005943-0.005969,0.005956,,,,,,,,,,,0.006008
2026-04-08 18:53:30,PnLTactics,,"KuCoin Futures, BingX Futures, Binance Futures, BloFin Futures",TRU/USDT,Stopped Out,Isolated (7.0X),Short,0,3 hr 27 min,-15.0063,100.0,2,0.00793,2,0.00781-0.00794,0.007875,,,,,,,,,,,0.0081
2026-04-08 18:49:43,PnLTactics,,"HyperLiquid Futures, Binance Futures",1000SHIB/USDT,Partial Targets Achieved,Isolated (7.0X),Short,2,20 hr 45 min,9.9465,100.0,2,0.005982,2,0.005943-0.005981,0.005962,0.005915,0.005861,,,,,,,,,0.005915
2026-04-08 18:44:32,PnLTactics,,"HyperLiquid Futures, Binance Futures",1000SHIB/USDT,Partial Targets Achieved,Isolated (7.0X),Short,2,20 hr 50 min,9.9448,100.0,2,0.005983,2,0.005946-0.005982,0.0059640000000000006,0.005916,0.005862,,,,,,,,,0.005916
2026-04-08 18:42:20,PnLTactics,,"BloFin Futures, BingX Futures, KuCoin Futures, Binance Futures",TRU/USDT,Stopped Out,Isolated (7.0X),Short,0,8 hr 28 min,-14.1423,100.0,2,0.007969,2,0.00783-0.00796,0.007895,,,,,,,,,,,0.00813
2026-04-08 18:29:26,PnLTactics,,"BingX Futures, BloFin Futures, KuCoin Futures, Binance Futures",TRU/USDT,Stopped Out,Isolated (7.0X),Short,0,8 hr 41 min,-14.0,100.0,2,0.008,2,0.00783-0.00799,0.00791,,,,,,,,,,,0.00816
2026-04-08 17:43:17,PnLTactics,,"Bitget Futures, Binance Futures, BloFin Futures, ByBit USDT",RED/USDT,Partial Targets Achieved,Isolated (7.0X),Short,1,6 hr 18 min,17.9785,100.0,2,0.18105,2,0.1753-0.1811,0.17820000000000003,0.1728,,,,,,,,,,0.17820000000000003
2026-04-08 17:30:43,PnLTactics,,"HyperLiquid Futures, Binance Futures",1000SHIB/USDT,Partial Targets Achieved,Isolated (7.0X),Short,2,22 hr 17 min,9.8098,100.0,2,0.005994,2,0.005951-0.005994,0.0059725,0.005928,0.005874,,,,,,,,,0.005928
2026-04-08 17:25:02,PnLTactics,,"HyperLiquid Futures, Binance Futures",1000SHIB/USDT,Partial Targets Achieved,Isolated (7.0X),Short,2,22 hr 12 min,9.9349,100.0,2,0.005989,2,0.005951-0.005988,0.0059695,0.005922,0.005868,,,,,,,,,0.005922
2026-04-08 17:23:22,PnLTactics,,"BloFin Futures, BingX Futures, KuCoin Futures, Binance Futures",TRU/USDT,Stopped Out,Isolated (7.0X),Short,0,9 hr 47 min,-17.4978,100.0,2,0.007961,2,0.00784-0.00796,0.0079,,,,,,,,,,,0.00816
2026-04-08 17:14:09,PnLTactics,,"Binance Futures, Bitget Futures, BloFin Futures, ByBit USDT",RED/USDT,Partial Targets Achieved,Isolated (7.0X),Short,2,22 hr 23 min,43.7865,100.0,2,0.17985,2,0.1765-0.1799,0.1782,0.171,0.1638,,,,,,,,,0.171
2026-04-08 17:12:20,PnLTactics,,"Binance Futures, KuCoin Futures, BingX Futures, BloFin Futures",TRU/USDT,Stopped Out,Isolated (7.0X),Short,0,9 hr 58 min,-17.3453,100.0,2,0.008031,2,0.00783-0.00803,0.00793,,,,,,,,,,,0.00823
2026-04-08 17:09:05,PnLTactics,,"Binance Futures, Bitget Futures, BloFin Futures, ByBit USDT",RED/USDT,Stopped Out,Isolated (7.0X),Short,0,5 hr 48 min,-19.9108,100.0,2,0.1793,2,0.1765-0.1791,0.1778,,,,,,,,,,,0.1844
2026-04-08 16:03:18,PnLTactics,,"BloFin Futures, ByBit USDT, Bitget Futures, Binance Futures",RED/USDT,All Targets Achieved,Isolated (7.0X),Short,3,1 day 20 hr,76.4608,100.0,2,0.18426,2,0.178-0.1818,0.1799,0.1724,0.1647,0.1553,,,,,,,,
2026-04-08 15:41:43,PnLTactics,,"BloFin Futures, ByBit USDT, Bitget Futures, Binance Futures",RED/USDT,Partial Targets Achieved,Isolated (7.0X),Short,2,1 day,52.8552,100.0,2,0.18475,2,0.1748-0.183,0.1789,0.1734,0.1656,,,,,,,,,0.1734
2026-04-08 15:26:17,PnLTactics,,"BloFin Futures, ByBit USDT, Bitget Futures, Binance Futures",RED/USDT,All Targets Achieved,Isolated (6.0X),Short,3,1 day 20 hr,64.1263,100.0,2,0.1837,2,0.1776-0.1818,0.1797,0.1724,0.1646,0.1552,,,,,,,,
2026-04-08 14:45:50,PnLTactics,,"BingX Futures, BloFin Futures, KuCoin Futures, Binance Futures",TRU/USDT,Stopped Out,Isolated (6.0X),Short,0,12 hr 28 min,-18.854,100.0,2,0.008115,2,0.00793-0.00812,0.008025000000000001,,,,,,,,,,,0.00837
2026-04-08 14:39:48,PnLTactics,,"BingX Futures, KuCoin Futures, BloFin Futures, Binance Futures",TRU/USDT,Stopped Out,Isolated (6.0X),Short,0,12 hr 31 min,-18.6335,100.0,2,0.00805,2,0.00793-0.00805,0.00799,,,,,,,,,,,0.0083
2026-04-08 13:10:45,PnLTactics,,"Bitget Futures, Binance Futures, BloFin Futures, ByBit USDT",RED/USDT,Partial Targets Achieved,Isolated (5.0X),Short,1,11 hr 3 min,12.2596,100.0,2,0.18285,2,0.1785-0.1831,0.18080000000000002,0.1735,,,,,,,,,,0.18080000000000002
2026-04-08 13:07:32,PnLTactics,,"KuCoin Futures, HyperLiquid Futures, ByBit USDT, BloFin Futures, BingX Futures, OKX Futures, Binance Futures, Bitget Futures",BTC/USDT,Stopped Out,Isolated (6.0X),Long,0,33 min,-4.5878,100.0,2,72256.29999999999,2,72172.9-72339.7,72256.29999999999,,,,,,,,,,,71703.8
2026-04-08 12:58:58,PnLTactics,,"HyperLiquid Futures, BingX Futures, BloFin Futures, ByBit USDT, Bitget Futures, Binance Futures, KuCoin Futures, OKX Futures",BTC/USDT,Partial Targets Achieved,Isolated (6.0X),Long,1,33 min,2.1998,100.0,2,72084.85,2,72071.2-72112.2,72091.7,72864.0,,,,,,,,,,72091.7
2026-04-08 12:12:06,PnLTactics,,"ByBit USDT, KuCoin Futures, BingX Futures, BloFin Futures, Binance Futures",TRU/USDT,Stopped Out,Isolated (5.0X),Short,0,40 min,-15.5143,100.0,2,0.008185999999999999,2,0.00795-0.00819,0.00807,,,,,,,,,,,0.00844
2026-04-08 12:10:17,PnLTactics,,"Binance Futures, Bitget Futures, BloFin Futures, ByBit USDT",RED/USDT,All Targets Achieved,Isolated (5.0X),Short,3,1 day 15 hr,49.2055,100.0,2,0.1846,2,0.1829-0.1849,0.1839,0.1752,0.1669,0.1572,,,,,,,,
2026-04-08 11:58:41,PnLTactics,,"OKX Futures, BloFin Futures, KuCoin Futures, HyperLiquid Futures, ByBit USDT, Binance Futures, Bitget Futures",MON/USDT,Stopped Out,Isolated (5.0X),Long,0,2 hr 11 min,-11.6171,100.0,2,0.03228,2,0.03232-0.03279,0.032555,,,,,,,,,,,0.03153
2026-04-08 09:55:27,PnLTactics,,"KuCoin Futures, BloFin Futures, Bitget Futures, OKX Futures, ByBit USDT, Binance Futures, HyperLiquid Futures",MON/USDT,Partial Targets Achieved,Isolated (5.0X),Long,2,3 hr 42 min,23.6883,100.0,2,0.031415,2,0.03143-0.03215,0.03179,0.03259,0.03353,,,,,,,,,0.03259
2026-04-08 09:44:27,PnLTactics,,"ByBit USDT, BloFin Futures, HyperLiquid Futures, KuCoin Futures, Binance Futures, Bitget Futures, OKX Futures",MON/USDT,Partial Targets Achieved,Isolated (5.0X),Long,2,3 hr 53 min,24.5317,100.0,2,0.03132,2,0.03137-0.03183,0.0316,0.03254,0.03349,,,,,,,,,0.03254
2026-04-08 09:37:13,PnLTactics,,"BloFin Futures, OKX Futures, Binance Futures, ByBit USDT, HyperLiquid Futures, KuCoin Futures, Bitget Futures",MON/USDT,Partial Targets Achieved,Isolated (5.0X),Long,2,4 hr,23.2608,100.0,2,0.03124,2,0.03128-0.03183,0.031555,0.03239,0.0333,,,,,,,,,0.03239
2026-04-08 09:16:02,PnLTactics,,"HyperLiquid Futures, KuCoin Futures, BingX Futures, BloFin Futures, ByBit USDT, Bitget Futures, OKX Futures, Binance Futures",ETH/USDT,Stopped Out,Isolated (5.0X),Long,0,1 hr 44 min,-3.103,100.0,2,2255.9,2,2256.6-2265.4,2261.0,,,,,,,,,,,2241.9
2026-04-08 08:12:35,PnLTactics,,"BloFin Futures, BingX Futures, KuCoin Futures, Binance Futures",TRU/USDT,Stopped Out,Isolated (6.0X),Short,0,9 min,-16.2444,100.0,2,0.008052,2,0.00768-0.00802,0.00785,,,,,,,,,,,0.00827
2026-04-08 08:08:04,PnLTactics,,"HyperLiquid Futures, KuCoin Futures, BingX Futures, BloFin Futures, Binance Futures, ByBit USDT, Bitget Futures, OKX Futures",ETH/USDT,Stopped Out,Isolated (6.0X),Long,0,3 hr 29 min,-3.9508,100.0,2,2255.25,2,2255.1-2264.6,2259.85,,,,,,,,,,,2240.4
2026-04-08 07:52:33,PnLTactics,,"KuCoin Futures, HyperLiquid Futures, Binance Futures, BloFin Futures, ByBit USDT, Bitget Futures, OKX Futures",MON/USDT,Stopped Out,Isolated (5.0X),Long,0,4 min,-8.7803,100.0,2,0.03132,2,0.03129-0.03142,0.031354999999999994,,,,,,,,,,,0.03077
2026-04-08 07:26:52,PnLTactics,,"HyperLiquid Futures, KuCoin Futures, BingX Futures, ByBit USDT, Binance Futures, Bitget Futures, OKX Futures, BloFin Futures",ETH/USDT,Stopped Out,Isolated (6.0X),Long,0,3 hr 34 min,-4.2531,100.0,2,2257.2,2,2255.8-2258.6,2257.2,,,,,,,,,,,2241.2
2026-04-08 05:34:30,PnLTactics,,"KuCoin Futures, HyperLiquid Futures, OKX Futures, ByBit USDT, Binance Futures, BloFin Futures, Bitget Futures, BingX Futures",ARB/USDT,Stopped Out,Isolated (5.0X),Long,0,5 hr 8 min,-5.314,100.0,2,0.1035,2,0.1036-0.1054,0.1045,,,,,,,,,,,0.1024
2026-04-08 05:25:44,PnLTactics,,"KuCoin Futures, OKX Futures, ByBit USDT, BloFin Futures, HyperLiquid Futures, Binance Futures, Bitget Futures, BingX Futures",ARB/USDT,Stopped Out,Isolated (5.0X),Long,0,25 min,-5.9895,100.0,2,0.10435,2,0.1043-0.1052,0.10475000000000001,,,,,,,,,,,0.1031
2026-04-08 04:56:20,PnLTactics,,"KuCoin Futures, HyperLiquid Futures, Binance Futures, ByBit USDT, OKX Futures, BingX Futures, BloFin Futures, Bitget Futures",ARB/USDT,Stopped Out,Isolated (5.0X),Long,0,6 hr 36 min,-5.8196,100.0,2,0.1031,2,0.1031-0.1049,0.104,,,,,,,,,,,0.1019
2026-04-08 04:50:38,PnLTactics,,"BloFin Futures, KuCoin Futures, HyperLiquid Futures, OKX Futures, Binance Futures, ByBit USDT, Bitget Futures, BingX Futures",ARB/USDT,Stopped Out,Isolated (5.0X),Long,0,5 hr 56 min,-5.3191,100.0,2,0.1034,2,0.1035-0.1049,0.10419999999999999,,,,,,,,,,,0.1023
2026-04-08 03:14:40,PnLTactics,,"BloFin Futures, HyperLiquid Futures, ByBit USDT, Bitget Futures, BingX Futures, KuCoin Futures, Binance Futures, OKX Futures",ARB/USDT,Partial Targets Achieved,Isolated (5.0X),Long,1,2 hr 48 min,6.028,100.0,2,0.1023,2,0.1024-0.1037,0.10305,0.1045,,,,,,,,,,0.10305
2026-04-08 01:50:06,PnLTactics,,"KuCoin Futures, OKX Futures, ByBit USDT, BingX Futures, Bitget Futures, BloFin Futures, Binance Futures",ESP/USDT,Stopped Out,Isolated (5.0X),Long,0,28 min,-8.6102,100.0,2,0.09001,2,0.08994-0.09194,0.09094,,,,,,,,,,,0.08846
2026-04-08 01:43:50,PnLTactics,,"KuCoin Futures, OKX Futures, ByBit USDT, BingX Futures, Bitget Futures, BloFin Futures, Binance Futures",ESP/USDT,Stopped Out,Isolated (5.0X),Long,0,34 min,-8.3269,100.0,2,0.09007,2,0.09006-0.09008,0.09007,,,,,,,,,,,0.08857
2026-04-08 01:42:04,PnLTactics,,"BloFin Futures, ByBit USDT, Binance Futures, Bitget Futures",RED/USDT,Stopped Out,Isolated (5.0X),Long,0,27 min,-15.0412,100.0,1,0.2061,1,0.2061-0.2061,0.2061,,,,,,,,,,,0.1999
2026-04-08 01:38:03,PnLTactics,,"KuCoin Futures, OKX Futures, ByBit USDT, BingX Futures, BloFin Futures, Bitget Futures, Binance Futures",ESP/USDT,Stopped Out,Isolated (5.0X),Long,0,44 min,-9.5222,100.0,2,0.08979000000000001,2,0.08952-0.09006,0.08979000000000001,,,,,,,,,,,0.08808
2026-04-08 01:36:25,PnLTactics,,"BloFin Futures, ByBit USDT, Binance Futures, Bitget Futures",RED/USDT,Stopped Out,Isolated (5.0X),Long,0,34 min,-17.4348,100.0,2,0.20505,2,0.204-0.2061,0.20505,,,,,,,,,,,0.1979
2026-04-08 00:26:31,PnLTactics,,"Binance Futures, Bitget Futures, BloFin Futures, ByBit USDT",RED/USDT,Partial Targets Achieved,Isolated (6.0X),Long,1,1 hr 24 min,8.5672,100.0,2,0.2031,2,0.2012-0.205,0.2031,0.2118,,,,,,,,,,0.2031
2026-04-07 23:34:22,PnLTactics,,"Binance Futures, BloFin Futures, KuCoin Futures, BingX Futures, ByBit USDT",TRU/USDT,Partial Targets Achieved,Isolated (5.0X),Long,1,45 min,14.6919,100.0,2,0.008769,2,0.00877-0.00908,0.008924999999999999,0.00923,,,,,,,,,,0.008924999999999999
2026-04-07 23:29:23,PnLTactics,,"BloFin Futures, BingX Futures, HyperLiquid Futures, Binance Futures, KuCoin Futures, ByBit USDT, Bitget Futures, OKX Futures",BNB/USDT,Stopped Out,Isolated (5.0X),Long,0,53 min,-3.5467,100.0,2,623.825,2,623.8-625.9,624.8499999999999,,,,,,,,,,,619.4
2026-04-07 23:27:44,PnLTactics,,"KuCoin Futures, BingX Futures, HyperLiquid Futures, OKX Futures, Binance Futures, BloFin Futures, Bitget Futures, ByBit USDT",ETH/USDT,Stopped Out,Isolated (5.0X),Long,0,14 hr 41 min,-6.3736,100.0,2,2254.235,2,2253.9-2287.5,2270.7,,,,,,,,,,,2225.5
2026-04-07 23:25:55,PnLTactics,,"HyperLiquid Futures, OKX Futures, KuCoin Futures, BloFin Futures, ByBit USDT, Bitget Futures, BingX Futures, Binance Futures",SOL/USDT,Stopped Out,Isolated (5.0X),Long,0,58 min,-6.6492,100.0,2,86.176,2,86.17-88.02,87.095,,,,,,,,,,,85.03
2026-04-07 22:59:35,PnLTactics,,"HyperLiquid Futures, Binance Futures",1000SHIB/USDT,Stopped Out,Isolated (5.0X),Long,0,1 hr 32 min,-4.6014,100.0,2,0.0061395,2,0.006139-0.006191,0.006165,,,,,,,,,,,0.006083
2026-04-07 08:54:15,PnLTactics,,"ByBit USDT, BloFin Futures, Bitget Futures, BingX Futures, Binance Futures, KuCoin Futures",SUPER/USDT,Cancelled,Isolated (6.0X),Long,0,9 min,-21.8651,100.0,2,0.12568000000000001,2,0.1248-0.1297,0.12725,,,,,,,,,,,0.1211
2026-04-07 08:48:13,PnLTactics,,"ByBit USDT, BingX Futures, Bitget Futures, Binance Futures, BloFin Futures, KuCoin Futures",SUPER/USDT,Cancelled,Isolated (6.0X),Long,0,15 min,-23.1366,100.0,2,0.125645,2,0.1245-0.1297,0.1271,,,,,,,,,,,0.1208
2026-04-07 06:25:47,PnLTactics,,"Binance Futures, Bitget Futures, BingX Futures, ByBit USDT, KuCoin Futures, BloFin Futures",SUPER/USDT,Stopped Out,Isolated (6.0X),Short,0,1 hr 2 min,-15.7241,100.0,2,0.10875,2,0.108-0.1088,0.1084,,,,,,,,,,,0.1116
2026-04-07 06:15:36,PnLTactics,,"Bitget Futures, BloFin Futures, KuCoin Futures, Binance Futures, ByBit USDT, BingX Futures",SUPER/USDT,Stopped Out,Isolated (6.0X),Short,0,1 hr 13 min,-13.0909,100.0,2,0.11,2,0.1078-0.1097,0.10875000000000001,,,,,,,,,,,0.1124
2026-04-07 06:13:47,PnLTactics,,"BloFin Futures, BingX Futures, Bitget Futures, Binance Futures, ByBit USDT, KuCoin Futures",TREE/USDT,Stopped Out,Isolated (6.0X),Short,0,1 hr 15 min,-11.7726,100.0,2,0.05963,2,0.0593-0.0596,0.05945,,,,,,,,,,,0.0608
2026-04-07 06:08:20,PnLTactics,,"BloFin Futures, Bitget Futures, BingX Futures, Binance Futures, KuCoin Futures, ByBit USDT",TREE/USDT,Stopped Out,Isolated (6.0X),Short,0,1 hr 23 min,-12.3473,100.0,2,0.059770000000000004,2,0.0593-0.0598,0.05955,,,,,,,,,,,0.061
2026-04-07 05:37:06,PnLTactics,,"Bitget Futures, BloFin Futures, BingX Futures, ByBit USDT, Binance Futures, KuCoin Futures",TREE/USDT,Stopped Out,Isolated (6.0X),Short,0,1 hr 51 min,-10.5263,100.0,2,0.05985,2,0.0583-0.0596,0.05895,,,,,,,,,,,0.0609
2026-04-07 04:59:29,PnLTactics,,"Bitget Futures, Binance Futures, BloFin Futures, KuCoin Futures, BingX Futures, ByBit USDT",TREE/USDT,Stopped Out,Isolated (6.0X),Short,0,2 hr 42 min,-13.0586,100.0,2,0.060189999999999994,2,0.0585-0.0602,0.05935,,,,,,,,,,,0.0615
2026-04-07 03:11:48,PnLTactics,,"Bitget Futures, Binance Futures, OKX Futures, BloFin Futures, ByBit USDT, HyperLiquid Futures, KuCoin Futures",CL/USDT,Stopped Out,Isolated (5.0X),Long,0,4 hr 50 min,-4.1959,100.0,2,114.8135,2,114.78-115.67,115.225,,,,,,,,,,,113.85
2026-04-07 03:10:01,PnLTactics,,"KuCoin Futures, BloFin Futures, Binance Futures, Bitget Futures, OKX Futures",BZ/USDT,Stopped Out,Isolated (5.0X),Long,0,4 hr 52 min,-3.6647,100.0,2,111.195,2,111.14-111.82,111.47999999999999,,,,,,,,,,,110.38
2026-04-07 03:06:02,PnLTactics,,"Bitget Futures, Binance Futures, HyperLiquid Futures, ByBit USDT, KuCoin Futures, BloFin Futures, OKX Futures",CL/USDT,Stopped Out,Isolated (5.0X),Long,0,4 hr 56 min,-3.9149,100.0,2,114.819,2,114.84-115.67,115.255,,,,,,,,,,,113.92
2026-04-07 02:51:40,PnLTactics,,"KuCoin Futures, Bitget Futures, BloFin Futures, Binance Futures, OKX Futures",BZ/USDT,Stopped Out,Isolated (5.0X),Long,0,5 hr 24 min,-2.6608,100.0,2,110.87,2,111.03-111.87,111.45,,,,,,,,,,,110.28
2026-04-07 01:37:35,PnLTactics,,"BloFin Futures, Bitget Futures, Binance Futures, BingX Futures, KuCoin Futures, ByBit USDT",TREE/USDT,Stopped Out,Isolated (5.0X),Short,0,6 hr 4 min,-15.2069,100.0,2,0.06017,2,0.0581-0.0602,0.059149999999999994,,,,,,,,,,,0.062
2026-04-07 01:28:05,PnLTactics,,"BloFin Futures, Binance Futures, Bitget Futures, BingX Futures, ByBit USDT, KuCoin Futures",SUPER/USDT,Stopped Out,Isolated (5.0X),Short,0,6 hr 9 min,-15.5335,100.0,2,0.11105,2,0.1081-0.1112,0.10965,,,,,,,,,,,0.1145
2026-04-07 01:19:31,PnLTactics,,"BingX Futures, Binance Futures, KuCoin Futures",KOMA/USDT,Stopped Out,Isolated (5.0X),Short,0,1 min,-15.1149,100.0,2,0.00827,2,0.00791-0.00827,0.00809,,,,,,,,,,,0.00852
2026-04-07 01:08:07,PnLTactics,,"BloFin Futures, Bitget Futures, BingX Futures, Binance Futures, KuCoin Futures, ByBit USDT",TREE/USDT,Stopped Out,Isolated (5.0X),Short,0,6 hr 46 min,-14.7721,100.0,2,0.061095,2,0.0594-0.0611,0.06025,,,,,,,,,,,0.0629
2026-04-07 00:55:21,PnLTactics,,"Binance Futures, BingX Futures, KuCoin Futures",KOMA/USDT,Partial Targets Achieved,Isolated (5.0X),Short,1,1 hr 17 min,14.3475,100.0,2,0.008782,2,0.0086-0.00872,0.008660000000000001,0.00827,,,,,,,,,,0.008660000000000001
2026-04-07 00:49:33,PnLTactics,,"BingX Futures, KuCoin Futures, Binance Futures",KOMA/USDT,Partial Targets Achieved,Isolated (5.0X),Short,2,1 hr 11 min,33.8191,100.0,2,0.00892,2,0.0086-0.00892,0.00876,0.00845,0.00805,,,,,,,,,0.00845
2026-04-07 00:43:59,PnLTactics,,"BingX Futures, KuCoin Futures, Binance Futures",KOMA/USDT,Partial Targets Achieved,Isolated (5.0X),Short,2,6 hr 15 min,34.6405,100.0,2,0.008924999999999999,2,0.0089-0.00895,0.008924999999999999,0.00844,0.00804,,,,,,,,,0.00844
2026-04-06 19:56:11,PnLTactics,,Binance Futures,币安人生/USDT,Stopped Out,Isolated (5.0X),Long,0,8 min,-14.8229,100.0,2,0.07792,2,0.07795-0.07952,0.078735,,,,,,,,,,,0.07561
2026-04-06 16:48:37,PnLTactics,,"KuCoin Futures, Binance Futures, BingX Futures, HyperLiquid Futures, OKX Futures, ByBit USDT, Bitget Futures, BloFin Futures",BTC/USDT,Stopped Out,Isolated (7.0X),Long,0,8 min,-4.9478,100.0,2,70264.25,2,70224.1-70434.5,70329.3,,,,,,,,,,,69767.6
2026-04-06 15:44:40,PnLTactics,,Binance Futures,币安人生/USDT,Stopped Out,Isolated (6.0X),Long,0,3 min,-18.7367,100.0,2,0.077335,2,0.07724-0.0775,0.07737,,,,,,,,,,,0.07492
2026-04-06 15:35:32,PnLTactics,,Binance Futures,币安人生/USDT,Stopped Out,Isolated (6.0X),Long,0,26 min,-18.6871,100.0,2,0.07449,2,0.0744-0.0775,0.07594999999999999,,,,,,,,,,,0.07217
2026-04-06 14:11:27,PnLTactics,,Binance Futures,币安人生/USDT,Stopped Out,Isolated (6.0X),Long,0,26 min,-13.648,100.0,2,0.07034,2,0.07033-0.07208,0.071205,,,,,,,,,,,0.06874
2026-04-06 13:50:09,PnLTactics,,Binance Futures,币安人生/USDT,Stopped Out,Isolated (6.0X),Long,0,47 min,-13.9833,100.0,2,0.070155,2,0.07014-0.07208,0.07111,,,,,,,,,,,0.06852
2026-04-06 09:25:00,PnLTactics,,"HyperLiquid Futures, BingX Futures, ByBit USDT, OKX Futures, BloFin Futures, Binance Futures, Bitget Futures, KuCoin Futures",ETH/USDT,Stopped Out,Isolated (5.0X),Long,0,15 min,-2.9355,100.0,2,2163.2,2,2161.7-2165.7,2163.7,,,,,,,,,,,2150.5
2026-04-06 09:14:32,PnLTactics,,"HyperLiquid Futures, ByBit USDT, Bitget Futures, Binance Futures, BloFin Futures, BingX Futures, KuCoin Futures, OKX Futures",SOL/USDT,Stopped Out,Isolated (6.0X),Long,0,5 hr 24 min,-4.3605,100.0,2,82.56,2,82.55-82.57,82.56,,,,,,,,,,,81.96
2026-04-06 08:41:49,PnLTactics,,"KuCoin Futures, BingX Futures, ByBit USDT, BloFin Futures, HyperLiquid Futures, Bitget Futures, OKX Futures, Binance Futures",ETH/USDT,Partial Targets Achieved,Isolated (6.0X),Long,1,4 hr 17 min,2.6123,100.0,2,2139.8500000000004,2,2139.8-2144.4,2142.1000000000004,2163.3,,,,,,,,,,2142.1000000000004
2026-04-06 07:53:04,PnLTactics,,"Bitget Futures, BingX Futures, OKX Futures, HyperLiquid Futures, Binance Futures, KuCoin Futures, ByBit USDT, BloFin Futures",ETH/USDT,Partial Targets Achieved,Isolated (6.0X),Long,1,5 hr 25 min,2.3623,100.0,2,2137.75,2,2137.8-2139.4,2138.6000000000004,2161.3,,,,,,,,,,2138.6000000000004
2026-04-06 02:11:48,PnLTactics,,"KuCoin Futures, BingX Futures, HyperLiquid Futures, BloFin Futures, Bitget Futures, ByBit USDT, Binance Futures, OKX Futures",ETH/USDT,Partial Targets Achieved,Isolated (6.0X),Long,1,10 hr 44 min,3.9533,100.0,2,2137.45,2,2137.3-2150.0,2143.65,2167.3,,,,,,,,,,2143.65
2026-04-06 00:09:32,PnLTactics,,"BingX Futures, Binance Futures, BloFin Futures, ByBit USDT, OKX Futures, HyperLiquid Futures, Bitget Futures, KuCoin Futures",BTC/USDT,Stopped Out,Isolated (6.0X),Long,0,59 min,-3.7921,100.0,2,69302.0,2,69314.5-69653.9,69484.2,,,,,,,,,,,68864.0
2026-04-06 00:05:38,PnLTactics,,"BingX Futures, KuCoin Futures, BloFin Futures, ByBit USDT, Bitget Futures, Binance Futures, OKX Futures, HyperLiquid Futures",SOL/USDT,Stopped Out,Isolated (6.0X),Long,0,1 hr 54 min,-4.9683,100.0,2,82.362,2,82.38-82.96,82.66999999999999,,,,,,,,,,,81.68
2026-04-06 00:02:23,PnLTactics,,"Binance Futures, BloFin Futures, Bitget Futures, HyperLiquid Futures, OKX Futures, BingX Futures, ByBit USDT, KuCoin Futures",BTC/USDT,Stopped Out,Isolated (6.0X),Long,0,1 hr 1 min,-3.7158,100.0,2,69401.1,2,69422.5-69653.9,69538.2,,,,,,,,,,,68971.3
2026-04-06 00:00:30,PnLTactics,,"BloFin Futures, Binance Futures, KuCoin Futures, HyperLiquid Futures, BingX Futures, ByBit USDT, Bitget Futures, OKX Futures",BNB/USDT,Stopped Out,Isolated (6.0X),Long,0,1 hr 14 min,-4.0784,100.0,2,606.12,2,605.9-607.2,606.55,,,,,,,,,,,602.0
2026-04-05 23:58:12,PnLTactics,,"BingX Futures, HyperLiquid Futures, OKX Futures, Binance Futures, KuCoin Futures, ByBit USDT, Bitget Futures, BloFin Futures",SOL/USDT,Partial Targets Achieved,Isolated (6.0X),Long,1,1 hr,4.9051,100.0,2,81.874,2,81.86-82.81,82.33500000000001,82.96,,,,,,,,,,82.33500000000001
2026-04-05 23:29:34,PnLTactics,,"KuCoin Futures, OKX Futures, BingX Futures, BloFin Futures, ByBit USDT, HyperLiquid Futures, Bitget Futures, Binance Futures",SOL/USDT,Partial Targets Achieved,Isolated (5.0X),Long,1,2 hr 27 min,2.5105,100.0,2,81.6235,2,81.61-81.79,81.7,82.7,,,,,,,,,,81.7
2026-04-05 23:12:58,PnLTactics,,"OKX Futures, HyperLiquid Futures, KuCoin Futures, Binance Futures, BloFin Futures, BingX Futures, Bitget Futures, ByBit USDT",BTC/USDT,Partial Targets Achieved,Isolated (5.0X),Long,2,14 hr 51 min,7.0481,100.0,2,68403.6,2,68410.1-68691.7,68550.9,69162.6,69778.3,,,,,,,,,69162.6
2026-04-05 23:08:59,PnLTactics,,"BingX Futures, Bitget Futures, KuCoin Futures, BloFin Futures, OKX Futures, Binance Futures, HyperLiquid Futures, ByBit USDT",ETH/USDT,All Targets Achieved,Isolated (5.0X),Long,3,10 hr 9 min,10.8448,100.0,2,2090.1,2,2092.2-2099.1,2095.6499999999996,2115.2,2134.0,2157.1,,,,,,,,
2026-04-05 23:07:25,PnLTactics,,"KuCoin Futures, BloFin Futures, OKX Futures, ByBit USDT, BingX Futures, HyperLiquid Futures, Bitget Futures, Binance Futures",SOL/USDT,Partial Targets Achieved,Isolated (5.0X),Long,2,2 hr 50 min,7.4568,100.0,2,80.7655,2,80.75-81.12,80.935,81.71,82.49,,,,,,,,,81.71
2026-04-05 23:05:16,PnLTactics,,"KuCoin Futures, OKX Futures, BingX Futures, HyperLiquid Futures, Binance Futures, BloFin Futures, ByBit USDT, Bitget Futures",BTC/USDT,Partial Targets Achieved,Isolated (5.0X),Long,2,23 hr 47 min,7.0382,100.0,2,68318.0,2,68323.1-68691.7,68507.4,69074.7,69689.6,,,,,,,,,69074.7
2026-04-05 23:01:40,PnLTactics,,"BloFin Futures, Binance Futures, KuCoin Futures, BingX Futures, HyperLiquid Futures, Bitget Futures, ByBit USDT, OKX Futures",BNB/USDT,Partial Targets Achieved,Isolated (5.0X),Long,2,18 hr 12 min,6.3524,100.0,2,598.2,2,597.4-599.9,598.65,604.0,609.4,,,,,,,,,604.0
2026-04-05 22:59:50,PnLTactics,,"Bitget Futures, BingX Futures, HyperLiquid Futures, ByBit USDT, BloFin Futures, OKX Futures, KuCoin Futures, Binance Futures",SOL/USDT,Partial Targets Achieved,Isolated (5.0X),Long,2,7 hr 21 min,7.6927,100.0,2,80.531,2,80.56-80.59,80.575,81.51,82.29,,,,,,,,,81.51
2026-04-05 22:58:07,PnLTactics,,"KuCoin Futures, BingX Futures, OKX Futures, HyperLiquid Futures, BloFin Futures, Bitget Futures, Binance Futures, ByBit USDT",BTC/USDT,Partial Targets Achieved,Isolated (5.0X),Long,2,23 hr 55 min,7.0003,50.0,1,68287.9,2,68188.6-68287.9,68238.25,69039.1,69653.7,,,,,,,,,69039.1
2026-04-05 19:24:54,PnLTactics,,"HyperLiquid Futures, KuCoin Futures, BingX Futures, OKX Futures, ByBit USDT, BloFin Futures, Bitget Futures, Binance Futures",ETH/USDT,Stopped Out,Isolated (5.0X),Long,0,2 hr 46 min,-3.3239,100.0,2,2068.35,2,2068.0-2076.6,2072.3,,,,,,,,,,,2054.6
2026-04-05 12:42:38,PnLTactics,,"BingX Futures, HyperLiquid Futures, ByBit USDT, BloFin Futures, Binance Futures, OKX Futures, Bitget Futures, KuCoin Futures",ETH/USDT,Stopped Out,Isolated (5.0X),Short,0,1 hr 19 min,-2.7874,100.0,2,2027.0,2,2025.1-2028.9,2027.0,,,,,,,,,,,2038.3
2026-04-05 11:24:17,PnLTactics,,"Bitget Futures, Binance Futures, KuCoin Futures",CTSI/USDT,Partial Targets Achieved,Isolated (5.0X),Short,1,2 hr 25 min,13.504,100.0,2,0.03789,2,0.0366-0.0379,0.037250000000000005,0.0361,,,,,,,,,,0.037250000000000005
2026-04-05 11:12:33,PnLTactics,,"Bitget Futures, KuCoin Futures, Binance Futures",CTSI/USDT,Partial Targets Achieved,Isolated (5.0X),Short,1,2 hr 37 min,9.7002,100.0,2,0.0378,2,0.0376-0.0379,0.037750000000000006,0.0357,,,,,,,,,,0.037750000000000006
2026-04-05 11:07:27,PnLTactics,,"Bitget Futures, KuCoin Futures, Binance Futures",CTSI/USDT,Partial Targets Achieved,Isolated (5.0X),Short,2,17 hr 50 min,28.3101,100.0,2,0.03809,2,0.0379-0.0381,0.038000000000000006,0.0364,0.035,,,,,,,,,0.0364
2026-04-05 06:28:43,PnLTactics,,"Bitget Futures, KuCoin Futures, Binance Futures",CTSI/USDT,Stopped Out,Isolated (5.0X),Short,0,23 min,-14.5239,100.0,2,0.038385,2,0.0367-0.0384,0.03755,,,,,,,,,,,0.0395
2026-04-05 06:17:57,PnLTactics,,"BloFin Futures, ByBit USDT, HyperLiquid Futures, Binance Futures, BingX Futures, OKX Futures, Bitget Futures, KuCoin Futures",ETH/USDT,Stopped Out,Isolated (5.0X),Short,0,3 hr 6 min,-3.4265,100.0,2,2028.3,2,2021.4-2029.0,2025.2,,,,,,,,,,,2042.2
2026-04-05 06:10:11,PnLTactics,,"HyperLiquid Futures, BingX Futures, OKX Futures, ByBit USDT, Binance Futures, BloFin Futures, KuCoin Futures, Bitget Futures",BTC/USDT,Stopped Out,Isolated (5.0X),Short,0,4 hr 26 min,-2.8848,100.0,2,66703.45,2,66655.0-66751.9,66703.45,,,,,,,,,,,67088.3
2026-04-05 06:08:25,PnLTactics,,"Bitget Futures, KuCoin Futures, Binance Futures",CTSI/USDT,Stopped Out,Isolated (6.0X),Short,0,1 hr 5 min,-18.621,100.0,2,0.038505,2,0.037-0.0386,0.0378,,,,,,,,,,,0.0397
2026-04-05 05:23:59,PnLTactics,,"ByBit USDT, BingX Futures, Bitget Futures, Binance Futures, KuCoin Futures",PUFFER/USDT,Stopped Out,Isolated (5.0X),Short,0,7 min,-15.6987,100.0,2,0.030735,2,0.0297-0.03078,0.03024,,,,,,,,,,,0.0317
2026-04-05 05:16:11,PnLTactics,,"BingX Futures, Binance Futures, Bitget Futures, ByBit USDT, KuCoin Futures",PUFFER/USDT,Stopped Out,Isolated (5.0X),Short,0,24 min,-15.1079,100.0,2,0.031275,2,0.03061-0.03128,0.030945,,,,,,,,,,,0.03222
2026-04-05 05:11:06,PnLTactics,,"BingX Futures, ByBit USDT, Bitget Futures, Binance Futures, KuCoin Futures",PUFFER/USDT,Stopped Out,Isolated (5.0X),Short,0,28 min,-12.2846,100.0,2,0.03134,2,0.03061-0.03117,0.03089,,,,,,,,,,,0.03211
2026-04-05 05:05:55,PnLTactics,,"BingX Futures, Bitget Futures, ByBit USDT, KuCoin Futures, Binance Futures",PUFFER/USDT,Stopped Out,Isolated (5.0X),Short,0,33 min,-14.574,100.0,2,0.03122,2,0.03061-0.03119,0.030899999999999997,,,,,,,,,,,0.03213
2026-04-05 04:59:45,PnLTactics,,"BingX Futures, ByBit USDT, Bitget Futures, Binance Futures, KuCoin Futures",PUFFER/USDT,Stopped Out,Isolated (6.0X),Short,0,1 hr 38 min,-18.8917,100.0,2,0.03176,2,0.03154-0.03181,0.031674999999999995,,,,,,,,,,,0.03276
2026-04-05 04:49:25,PnLTactics,,"BingX Futures, Binance Futures, ByBit USDT, Bitget Futures, KuCoin Futures",PUFFER/USDT,Partial Targets Achieved,Isolated (6.0X),Short,1,47 min,14.8171,100.0,2,0.03226,2,0.03154-0.03227,0.031905,0.03058,,,,,,,,,,0.031905
2026-04-05 04:27:10,PnLTactics,,"BingX Futures, Bitget Futures, ByBit USDT, KuCoin Futures, Binance Futures",PUFFER/USDT,Partial Targets Achieved,Isolated (6.0X),Short,1,1 hr 12 min,13.5928,100.0,2,0.03237,2,0.03187-0.03237,0.03212,0.03067,,,,,,,,,,0.03212
2026-04-05 04:23:30,PnLTactics,,"Bitget Futures, KuCoin Futures, Binance Futures",CTSI/USDT,Stopped Out,Isolated (6.0X),Short,0,2 hr 50 min,-19.9089,100.0,2,0.038425,2,0.037-0.0385,0.03775,,,,,,,,,,,0.0397
2026-04-05 04:08:23,PnLTactics,,"Bitget Futures, ByBit USDT, BingX Futures, KuCoin Futures, Binance Futures",PUFFER/USDT,Partial Targets Achieved,Isolated (6.0X),Short,1,1 hr 31 min,15.5876,100.0,2,0.03259,2,0.0317-0.03262,0.03216,0.03091,,,,,,,,,,0.03216
2026-04-05 04:05:25,PnLTactics,,"Bitget Futures, KuCoin Futures, Binance Futures",CTSI/USDT,Stopped Out,Isolated (6.0X),Short,0,2 hr 47 min,-19.3952,100.0,2,0.03836,2,0.0367-0.0384,0.03755,,,,,,,,,,,0.0396
2026-04-05 03:48:47,PnLTactics,,"Bitget Futures, KuCoin Futures, Binance Futures",CTSI/USDT,Stopped Out,Isolated (6.0X),Short,0,3 hr 24 min,-19.5059,100.0,2,0.03845,2,0.0371-0.0385,0.0378,,,,,,,,,,,0.0397
2026-04-05 03:30:48,PnLTactics,,"Bitget Futures, Binance Futures, KuCoin Futures",CTSI/USDT,Stopped Out,Isolated (6.0X),Short,0,3 hr 48 min,-19.5147,100.0,2,0.03874,2,0.0371-0.0388,0.03795,,,,,,,,,,,0.04
2026-04-05 03:27:58,PnLTactics,,"Bitget Futures, ByBit USDT, BingX Futures, Binance Futures, KuCoin Futures",PUFFER/USDT,Partial Targets Achieved,Isolated (6.0X),Short,1,2 hr 12 min,18.7681,100.0,2,0.032875,2,0.03143-0.03292,0.032174999999999995,0.03119,,,,,,,,,,0.032174999999999995
2026-04-05 03:25:44,PnLTactics,,"Bitget Futures, Binance Futures, KuCoin Futures",CTSI/USDT,Stopped Out,Isolated (6.0X),Short,0,3 hr 53 min,-19.195,100.0,2,0.03876,2,0.0371-0.0388,0.03795,,,,,,,,,,,0.04
2026-04-05 03:13:17,PnLTactics,,"Bitget Futures, KuCoin Futures, Binance Futures",CTSI/USDT,Stopped Out,Isolated (6.0X),Short,0,4 hr 5 min,-19.6964,100.0,2,0.038535,2,0.0376-0.0386,0.0381,,,,,,,,,,,0.0398
2026-04-05 03:08:05,PnLTactics,,"Bitget Futures, Binance Futures, KuCoin Futures",CTSI/USDT,Stopped Out,Isolated (6.0X),Short,0,4 hr 11 min,-19.195,100.0,2,0.03876,2,0.0376-0.0388,0.0382,,,,,,,,,,,0.04
2026-04-05 02:58:14,PnLTactics,,"KuCoin Futures, Binance Futures, Bitget Futures",CTSI/USDT,Partial Targets Achieved,Isolated (6.0X),Short,2,1 day 5 hr,40.6413,100.0,2,0.039295,2,0.0378-0.0393,0.03855,0.0372,0.0355,,,,,,,,,0.0372
2026-04-05 02:21:55,PnLTactics,,"Bitget Futures, BloFin Futures, KuCoin Futures, Binance Futures, ByBit USDT, BingX Futures, OKX Futures",BERA/USDT,Stopped Out,Isolated (6.0X),Short,0,2 hr 40 min,-8.7724,100.0,2,0.3967,2,0.3881-0.3964,0.39225,,,,,,,,,,,0.4025
2026-04-05 02:18:16,PnLTactics,,"Bitget Futures, ByBit USDT, BingX Futures, Binance Futures, KuCoin Futures",PUFFER/USDT,Partial Targets Achieved,Isolated (6.0X),Short,1,3 hr 21 min,17.8326,100.0,2,0.032805,2,0.03153-0.03284,0.032185000000000005,0.03112,,,,,,,,,,0.032185000000000005
2026-04-05 02:12:18,PnLTactics,,"BloFin Futures, Binance Futures, Bitget Futures, BingX Futures, ByBit USDT, KuCoin Futures, OKX Futures",BERA/USDT,Stopped Out,Isolated (6.0X),Short,0,2 hr 46 min,-10.1669,100.0,2,0.3954,2,0.3897-0.3959,0.3928,,,,,,,,,,,0.4021
2026-04-05 02:07:54,PnLTactics,,"KuCoin Futures, Bitget Futures, Binance Futures",CTSI/USDT,Partial Targets Achieved,Isolated (6.0X),Short,2,17 hr 30 min,43.2938,100.0,2,0.03959,2,0.0383-0.0394,0.038849999999999996,0.0373,0.0356,,,,,,,,,0.0373
2026-04-05 02:06:19,PnLTactics,,"KuCoin Futures, BloFin Futures, Bitget Futures, Binance Futures, BingX Futures, ByBit USDT, OKX Futures",BERA/USDT,Stopped Out,Isolated (6.0X),Short,0,2 hr 52 min,-7.8589,100.0,2,0.397,2,0.3897-0.3962,0.39295,,,,,,,,,,,0.4022
2026-04-05 02:00:23,PnLTactics,,"BloFin Futures, Binance Futures, Bitget Futures, BingX Futures, ByBit USDT, KuCoin Futures, OKX Futures",BERA/USDT,Stopped Out,Isolated (6.0X),Short,0,3 hr 9 min,-9.2191,100.0,2,0.397,2,0.3897-0.3969,0.3933,,,,,,,,,,,0.4031
2026-04-05 01:44:30,PnLTactics,,"Bitget Futures, Binance Futures, KuCoin Futures",CTSI/USDT,Partial Targets Achieved,Isolated (6.0X),Short,1,5 hr 34 min,16.1736,100.0,2,0.04056,2,0.0393-0.0406,0.03995,0.0385,,,,,,,,,,0.03995
2026-04-05 01:20:35,PnLTactics,,"Binance Futures, BingX Futures, Bitget Futures, KuCoin Futures",SKYAI/USDT,Stopped Out,Isolated (7.0X),Long,0,12 min,-19.958,100.0,2,0.08102,2,0.08109-0.08277,0.08193,,,,,,,,,,,0.07871
2026-04-05 01:15:19,PnLTactics,,"Bitget Futures, Binance Futures, KuCoin Futures",CTSI/USDT,All Targets Achieved,Isolated (6.0X),Short,3,23 hr 39 min,58.8808,100.0,2,0.0411,2,0.041-0.0412,0.0411,0.039,0.0372,0.035,,,,,,,,
2026-04-05 01:07:50,PnLTactics,,"BingX Futures, Binance Futures, Bitget Futures, KuCoin Futures",SKYAI/USDT,Stopped Out,Isolated (7.0X),Long,0,32 min,-20.623,100.0,2,0.079935,2,0.07992-0.0825,0.08121,,,,,,,,,,,0.07758
2026-04-05 00:59:40,PnLTactics,,"Binance Futures, BloFin Futures, OKX Futures, Bitget Futures, BingX Futures, ByBit USDT, KuCoin Futures",BERA/USDT,Stopped Out,Isolated (6.0X),Short,0,8 min,-8.2213,100.0,2,0.3941,2,0.3875-0.3936,0.39055,,,,,,,,,,,0.3995
2026-04-05 00:43:58,PnLTactics,,"BloFin Futures, Binance Futures, BingX Futures, Bitget Futures, OKX Futures, KuCoin Futures, ByBit USDT",BERA/USDT,Stopped Out,Isolated (6.0X),Short,0,23 min,-7.7685,100.0,2,0.3939,2,0.3892-0.393,0.3911,,,,,,,,,,,0.399
2026-04-05 00:20:15,PnLTactics,,"Bitget Futures, KuCoin Futures, Binance Futures",CTSI/USDT,Partial Targets Achieved,Isolated (6.0X),Short,2,6 hr 58 min,41.309,100.0,2,0.04217,2,0.0407-0.0421,0.0414,0.0399,0.038,,,,,,,,,0.0399
2026-04-05 00:14:32,PnLTactics,,"BloFin Futures, Bitget Futures, Binance Futures, BingX Futures, OKX Futures, ByBit USDT, KuCoin Futures",BERA/USDT,Stopped Out,Isolated (7.0X),Short,0,54 min,-7.9646,100.0,2,0.39549999999999996,2,0.3943-0.3967,0.39549999999999996,,,,,,,,,,,0.4
2026-04-05 00:12:54,PnLTactics,,"Bitget Futures, KuCoin Futures, Binance Futures",CTSI/USDT,Partial Targets Achieved,Isolated (6.0X),Short,2,7 hr,39.9044,100.0,2,0.04185,2,0.0407-0.0419,0.0413,0.0397,0.0378,,,,,,,,,0.0397
2026-04-05 00:07:48,PnLTactics,,"Bitget Futures, KuCoin Futures, Binance Futures",CTSI/USDT,All Targets Achieved,Isolated (7.0X),Short,3,1 day,68.9904,100.0,2,0.0416,2,0.0407-0.0417,0.0412,0.0395,0.0376,0.0354,,,,,,,,
2026-04-05 00:06:02,PnLTactics,,"BloFin Futures, Bitget Futures, Binance Futures, BingX Futures, OKX Futures, ByBit USDT, KuCoin Futures",BERA/USDT,Stopped Out,Isolated (7.0X),Short,0,1 hr 16 min,-10.4688,100.0,2,0.39785000000000004,2,0.3967-0.3986,0.39765,,,,,,,,,,,0.4038
2026-04-04 23:58:47,PnLTactics,,"BingX Futures, KuCoin Futures, Bitget Futures, Binance Futures",SKYAI/USDT,Stopped Out,Isolated (7.0X),Long,0,1 hr 42 min,-21.1398,100.0,2,0.07913999999999999,2,0.07912-0.08266,0.08088999999999999,,,,,,,,,,,0.07675
2026-04-04 23:56:21,PnLTactics,,"BloFin Futures, Binance Futures, Bitget Futures, BingX Futures, OKX Futures, KuCoin Futures, ByBit USDT",BERA/USDT,Partial Targets Achieved,Isolated (6.0X),Short,1,1 hr 8 min,7.0735,100.0,2,0.40149999999999997,2,0.3955-0.4016,0.39855,0.3932,,,,,,,,,,0.39855
2026-04-04 23:43:16,PnLTactics,,"Bitget Futures, KuCoin Futures, Binance Futures",CTSI/USDT,Partial Targets Achieved,Isolated (6.0X),Short,2,7 hr 35 min,39.1811,100.0,2,0.04201,2,0.0405-0.0421,0.0413,0.0399,0.038,,,,,,,,,0.0399
2026-04-04 23:14:34,PnLTactics,,"Bitget Futures, KuCoin Futures, Binance Futures",CTSI/USDT,Stopped Out,Isolated (7.0X),Short,0,1 hr 11 min,-20.762,100.0,2,0.04147,2,0.0404-0.0415,0.04095,,,,,,,,,,,0.0427
2026-04-04 23:07:23,PnLTactics,,"Bitget Futures, KuCoin Futures, Binance Futures",CTSI/USDT,All Targets Achieved,Isolated (7.0X),Short,3,1 day 1 hr,69.6722,100.0,2,0.041645,2,0.0404-0.0417,0.04105,0.0395,0.0376,0.0354,,,,,,,,
2026-04-04 20:58:54,PnLTactics,,"BloFin Futures, Bitget Futures, OKX Futures, Binance Futures, ByBit USDT",EDGE/USDT,Stopped Out,Isolated (7.0X),Short,0,21 min,-19.8906,100.0,2,0.8411,2,0.8065-0.8398,0.82315,,,,,,,,,,,0.865
2026-04-04 20:14:06,PnLTactics,,"BloFin Futures, Binance Futures, Bitget Futures, OKX Futures, ByBit USDT",EDGE/USDT,Stopped Out,Isolated (7.0X),Short,0,1 hr 6 min,-18.5974,100.0,2,0.8356,2,0.8214-0.8328,0.8271,,,,,,,,,,,0.8578
2026-04-04 19:56:24,PnLTactics,,"Bitget Futures, BloFin Futures, BingX Futures, Binance Futures, OKX Futures, KuCoin Futures, ByBit USDT",BERA/USDT,Stopped Out,Isolated (7.0X),Short,0,15 hr 50 min,-15.2534,100.0,2,0.40154999999999996,2,0.3874-0.4017,0.39455,,,,,,,,,,,0.4103
2026-04-04 18:55:30,PnLTactics,,"KuCoin Futures, BloFin Futures, BingX Futures, Binance Futures, Bitget Futures, ByBit USDT, OKX Futures",ETC/USDT,Stopped Out,Isolated (6.0X),Long,0,1 hr 46 min,-8.2819,100.0,2,8.911,2,8.918-9.042,8.98,,,,,,,,,,,8.788
2026-04-04 18:41:34,PnLTactics,,"BloFin Futures, Bitget Futures, BingX Futures, Binance Futures, OKX Futures, ByBit USDT, KuCoin Futures",BERA/USDT,Stopped Out,Isolated (6.0X),Short,0,16 hr 50 min,-15.3304,100.0,2,0.39725,2,0.381-0.3974,0.3892,,,,,,,,,,,0.4074
2026-04-04 16:37:12,PnLTactics,,"BloFin Futures, Binance Futures, KuCoin Futures, BingX Futures, Bitget Futures, HyperLiquid Futures, ByBit USDT, OKX Futures",BNB/USDT,Stopped Out,Isolated (6.0X),Long,0,13 hr 37 min,-4.0084,100.0,2,592.76,2,592.7-594.2,593.45,,,,,,,,,,,588.8
2026-04-04 16:26:24,PnLTactics,,"BloFin Futures, Binance Futures, KuCoin Futures, BingX Futures, HyperLiquid Futures, Bitget Futures, OKX Futures, ByBit USDT",BNB/USDT,Stopped Out,Isolated (6.0X),Long,0,13 hr 50 min,-3.9118,100.0,2,592.06,2,592.0-592.6,592.3,,,,,,,,,,,588.2
2026-04-04 14:57:55,PnLTactics,,"Bitget Futures, BloFin Futures, OKX Futures, Binance Futures, ByBit USDT",EDGE/USDT,Partial Targets Achieved,Isolated (6.0X),Short,1,6 hr 22 min,17.0319,100.0,2,0.8807,2,0.8424-0.8856,0.8640000000000001,0.8391,,,,,,,,,,0.8640000000000001
2026-04-04 14:52:13,PnLTactics,,"BloFin Futures, Bitget Futures, OKX Futures, Binance Futures, ByBit USDT",EDGE/USDT,Partial Targets Achieved,Isolated (6.0X),Short,1,6 hr 28 min,19.3724,100.0,2,0.8827,2,0.8424-0.8833,0.86285,0.8369,,,,,,,,,,0.86285
2026-04-04 13:42:47,PnLTactics,,"KuCoin Futures, HyperLiquid Futures, BingX Futures, ByBit USDT, BloFin Futures, Binance Futures, Bitget Futures, OKX Futures",BTC/USDT,Stopped Out,Isolated (6.0X),Long,0,16 hr 24 min,-3.9399,100.0,2,67220.4,2,67215.9-67242.2,67229.04999999999,,,,,,,,,,,66779.0
2026-04-04 13:37:36,PnLTactics,,"Binance Futures, Bitget Futures, OKX Futures, BingX Futures, KuCoin Futures, HyperLiquid Futures, ByBit USDT, BloFin Futures",BTC/USDT,Stopped Out,Isolated (6.0X),Long,0,16 hr 32 min,-3.8622,100.0,2,67174.1,2,67178.4-67242.2,67210.29999999999,,,,,,,,,,,66741.7
2026-04-04 13:02:57,PnLTactics,,"BloFin Futures, OKX Futures, ByBit USDT, Binance Futures, Bitget Futures",EDGE/USDT,Partial Targets Achieved,Isolated (6.0X),Short,1,3 hr 5 min,17.4949,100.0,2,0.91055,2,0.8763-0.9118,0.89405,0.8639,,,,,,,,,,0.89405
2026-04-04 12:56:39,PnLTactics,,"OKX Futures, ByBit USDT, BloFin Futures, Binance Futures, Bitget Futures",EDGE/USDT,Partial Targets Achieved,Isolated (6.0X),Short,1,34 min,19.2462,100.0,2,0.93265,2,0.8916-0.9328,0.9121999999999999,0.8838,,,,,,,,,,0.9121999999999999
2026-04-04 11:02:10,PnLTactics,,"Binance Futures, Bitget Futures, BingX Futures, OKX Futures, KuCoin Futures, HyperLiquid Futures, ByBit USDT, BloFin Futures",BTC/USDT,Stopped Out,Isolated (5.0X),Long,0,19 hr 7 min,-3.0683,100.0,2,67154.2,2,67178.8-67235.9,67207.35,,,,,,,,,,,66742.1
2026-04-04 10:56:47,PnLTactics,,"HyperLiquid Futures, KuCoin Futures, Binance Futures, BingX Futures, OKX Futures, Bitget Futures, ByBit USDT, BloFin Futures",BTC/USDT,Stopped Out,Isolated (5.0X),Long,0,19 hr 13 min,-3.0666,100.0,2,67102.75,2,67078.0-67127.5,67102.75,,,,,,,,,,,66691.2
2026-04-04 08:25:14,PnLTactics,,"Bitget Futures, BingX Futures, BloFin Futures, KuCoin Futures, OKX Futures, ByBit USDT, Binance Futures, HyperLiquid Futures",BTC/USDT,All Targets Achieved,Isolated (5.0X),Long,3,1 day 15 hr,10.4256,100.0,2,66984.3,2,66996.4-67079.7,67038.04999999999,67733.4,68336.3,69073.3,,,,,,,,
2026-04-04 07:58:32,PnLTactics,,"BingX Futures, Bitget Futures, BloFin Futures, OKX Futures, HyperLiquid Futures, Binance Futures, ByBit USDT, KuCoin Futures",BTC/USDT,All Targets Achieved,Isolated (5.0X),Long,3,1 day 15 hr,10.3622,100.0,2,66996.9,2,67000.7-67056.8,67028.75,67737.7,68340.7,69077.7,,,,,,,,
2026-04-04 06:58:39,PnLTactics,,"Bitget Futures, BloFin Futures, BingX Futures, KuCoin Futures, Binance Futures, OKX Futures, ByBit USDT, HyperLiquid Futures",BTC/USDT,All Targets Achieved,Isolated (5.0X),Long,3,1 day 16 hr,10.4042,100.0,2,66986.0,2,66994.8-66995.3,66995.05,67732.2,68335.2,69072.2,,,,,,,,
2026-04-04 06:51:06,PnLTactics,,"BloFin Futures, BingX Futures, Bitget Futures, KuCoin Futures, OKX Futures, Binance Futures, HyperLiquid Futures, ByBit USDT",BTC/USDT,All Targets Achieved,Isolated (5.0X),Long,3,1 day 16 hr,10.3331,100.0,2,66963.65,2,66963.6-66994.8,66979.20000000001,67700.2,68302.9,69039.5,,,,,,,,
2026-04-04 06:04:54,PnLTactics,,"Bitget Futures, HyperLiquid Futures, BingX Futures, OKX Futures, KuCoin Futures, Binance Futures, BloFin Futures, ByBit USDT",BNB/USDT,All Targets Achieved,Isolated (5.0X),Long,3,2 days 3 hr,10.739,100.0,2,589.44,2,589.9-590.6,590.25,596.4,601.7,608.2,,,,,,,,
2026-04-04 05:59:06,PnLTactics,,"BloFin Futures, HyperLiquid Futures, KuCoin Futures, BingX Futures, Binance Futures, ByBit USDT, Bitget Futures, OKX Futures",BNB/USDT,Partial Targets Achieved,Isolated (5.0X),Long,1,1 day,1.9161,100.0,2,589.74,2,589.8-590.0,589.9,596.2,,,,,,,,,,589.9
2026-04-04 05:52:07,PnLTactics,,"BloFin Futures, Binance Futures, HyperLiquid Futures, ByBit USDT, BingX Futures, KuCoin Futures, Bitget Futures, OKX Futures",BNB/USDT,Partial Targets Achieved,Isolated (5.0X),Long,1,1 day,1.9079,100.0,2,589.6500000000001,2,589.6-590.0,589.8,596.1,,,,,,,,,,589.8
2026-04-04 05:35:40,PnLTactics,,"BloFin Futures, HyperLiquid Futures, KuCoin Futures, Binance Futures, Bitget Futures, BingX Futures, ByBit USDT, OKX Futures",BNB/USDT,Partial Targets Achieved,Isolated (5.0X),Long,1,1 day,1.9563,100.0,2,589.56,2,589.6-589.9,589.75,596.1,,,,,,,,,,589.75
2026-04-04 01:07:39,PnLTactics,,"BloFin Futures, KuCoin Futures, ByBit USDT, BingX Futures, Binance Futures, OKX Futures, Bitget Futures",YB/USDT,Stopped Out,Isolated (5.0X),Long,0,27 min,-13.4752,100.0,2,0.141,2,0.141-0.1439,0.14245,,,,,,,,,,,0.1372
2026-04-04 00:34:15,PnLTactics,,"ByBit USDT, BingX Futures, BloFin Futures, Bitget Futures, OKX Futures, Binance Futures, KuCoin Futures",YB/USDT,Partial Targets Achieved,Isolated (6.0X),Long,1,1 hr 3 min,9.938,100.0,2,0.134735,2,0.1346-0.1363,0.13545000000000001,0.14,,,,,,,,,,0.13545000000000001
2026-04-04 00:26:52,PnLTactics,,"ByBit USDT, BloFin Futures, KuCoin Futures, Binance Futures, BingX Futures, OKX Futures, Bitget Futures",YB/USDT,Partial Targets Achieved,Isolated (6.0X),Long,1,1 hr 11 min,9.7579,100.0,2,0.13425,2,0.1343-0.1353,0.1348,0.1397,,,,,,,,,,0.1348
2026-04-04 00:22:55,PnLTactics,,"BloFin Futures, KuCoin Futures, Binance Futures, Bitget Futures, ByBit USDT, OKX Futures",MON/USDT,Stopped Out,Isolated (6.0X),Long,0,30 min,-8.7591,100.0,2,0.0274,2,0.02742-0.02784,0.027630000000000002,,,,,,,,,,,0.027
2026-04-04 00:20:35,PnLTactics,,"KuCoin Futures, ByBit USDT, OKX Futures, BingX Futures, BloFin Futures, Bitget Futures, Binance Futures",YB/USDT,Partial Targets Achieved,Isolated (5.0X),Long,1,1 hr 29 min,10.181,100.0,2,0.1326,2,0.1327-0.1353,0.134,0.1379,,,,,,,,,,0.134
2026-04-03 19:09:29,PnLTactics,,"KuCoin Futures, BingX Futures, Binance Futures, ByBit USDT",SOLV/USDT,Stopped Out,Isolated (6.0X),Short,0,56 min,-17.9104,100.0,2,0.00402,2,0.00388-0.00402,0.00395,,,,,,,,,,,0.00414
2026-04-03 19:00:36,PnLTactics,,"BingX Futures, KuCoin Futures, ByBit USDT, Binance Futures",SOLV/USDT,Stopped Out,Isolated (6.0X),Short,0,5 hr 6 min,-18.3599,100.0,2,0.004085,2,0.00395-0.00409,0.00402,,,,,,,,,,,0.00421
2026-04-03 18:55:24,PnLTactics,,"BingX Futures, KuCoin Futures, ByBit USDT, Binance Futures",SOLV/USDT,Stopped Out,Isolated (6.0X),Short,0,5 hr 11 min,-19.0709,100.0,2,0.00409,2,0.00395-0.00409,0.00402,,,,,,,,,,,0.00422
2026-04-03 12:44:36,PnLTactics,,"BloFin Futures, BingX Futures, Bitget Futures, ByBit USDT, Binance Futures",FIDA/USDT,Stopped Out,Isolated (6.0X),Short,0,32 min,-17.9517,100.0,2,0.01738,2,0.01666-0.01738,0.01702,,,,,,,,,,,0.0179
2026-04-03 12:12:19,PnLTactics,,"Bitget Futures, BloFin Futures, Binance Futures, BingX Futures, ByBit USDT",FIDA/USDT,Stopped Out,Isolated (7.0X),Short,0,1 hr 1 min,-19.4896,100.0,2,0.01724,2,0.01674-0.0172,0.01697,,,,,,,,,,,0.01772
2026-04-03 11:54:28,PnLTactics,,"KuCoin Futures, ByBit USDT, Binance Futures, OKX Futures, BloFin Futures, Bitget Futures",LIT/USDT,Stopped Out,Isolated (7.0X),Long,0,1 hr 4 min,-16.2476,100.0,2,1.034,2,1.037-1.058,1.0474999999999999,,,,,,,,,,,1.01
2026-04-03 11:25:22,PnLTactics,,"BloFin Futures, Bitget Futures, Binance Futures, BingX Futures, ByBit USDT",FIDA/USDT,Stopped Out,Isolated (7.0X),Short,0,1 hr 48 min,-21.8177,100.0,2,0.017165,2,0.0169-0.01718,0.01704,,,,,,,,,,,0.0177
2026-04-03 11:09:45,PnLTactics,,"BloFin Futures, Bitget Futures, BingX Futures, Binance Futures, ByBit USDT",FIDA/USDT,Stopped Out,Isolated (7.0X),Short,0,2 hr 8 min,-20.0,100.0,2,0.0175,2,0.01681-0.01748,0.017145,,,,,,,,,,,0.018
2026-04-03 10:57:16,PnLTactics,,"Bitget Futures, BingX Futures, Binance Futures, BloFin Futures, ByBit USDT",FIDA/USDT,Stopped Out,Isolated (7.0X),Short,0,2 hr 20 min,-21.0904,100.0,2,0.017425000000000003,2,0.01705-0.01743,0.01724,,,,,,,,,,,0.01795
2026-04-03 10:43:41,PnLTactics,,"BloFin Futures, BingX Futures, Binance Futures, Bitget Futures, ByBit USDT",FIDA/USDT,Stopped Out,Isolated (7.0X),Short,0,2 hr 34 min,-16.2147,100.0,2,0.0177,2,0.01706-0.01758,0.01732,,,,,,,,,,,0.01811
2026-04-03 10:38:36,PnLTactics,,"BloFin Futures, Bitget Futures, BingX Futures, Binance Futures, ByBit USDT",FIDA/USDT,Stopped Out,Isolated (7.0X),Short,0,2 hr 39 min,-20.4233,100.0,2,0.01748,2,0.01706-0.01747,0.017265,,,,,,,,,,,0.01799
2026-04-03 09:41:56,PnLTactics,,"KuCoin Futures, ByBit USDT, Binance Futures, Bitget Futures, BloFin Futures, OKX Futures",LIT/USDT,Stopped Out,Isolated (7.0X),Long,0,3 hr 59 min,-19.1033,100.0,2,1.026,2,1.026-1.063,1.0445,,,,,,,,,,,0.998
2026-04-03 08:57:29,PnLTactics,,"BloFin Futures, Bitget Futures, ByBit USDT, Binance Futures, OKX Futures",EDGE/USDT,Partial Targets Achieved,Isolated (6.0X),Long,1,30 min,19.1838,100.0,2,0.9164,2,0.9161-0.9568,0.93645,0.9642,,,,,,,,,,0.93645
2026-04-03 08:52:14,PnLTactics,,"BloFin Futures, OKX Futures, ByBit USDT, Binance Futures, Bitget Futures",EDGE/USDT,Partial Targets Achieved,Isolated (6.0X),Long,1,35 min,17.8321,100.0,2,0.9253,2,0.9265-0.9568,0.94165,0.9751,,,,,,,,,,0.94165
2026-04-03 08:37:38,PnLTactics,,"BloFin Futures, Binance Futures, ByBit USDT, Bitget Futures, OKX Futures",EDGE/USDT,Partial Targets Achieved,Isolated (6.0X),Long,1,55 min,17.2181,100.0,2,0.9037,2,0.904-0.9334,0.9187000000000001,0.9515,,,,,,,,,,0.9187000000000001
2026-04-03 08:22:26,PnLTactics,,"BloFin Futures, ByBit USDT, OKX Futures, Binance Futures, Bitget Futures",EDGE/USDT,Partial Targets Achieved,Isolated (6.0X),Long,2,1 hr 6 min,40.4289,100.0,2,0.886,2,0.8859-0.8994,0.8926499999999999,0.9324,0.9723,,,,,,,,,0.9324
2026-04-03 08:14:28,PnLTactics,,"KuCoin Futures, BingX Futures, ByBit USDT, Bitget Futures, OKX Futures, Binance Futures, BloFin Futures, HyperLiquid Futures",SOL/USDT,Partial Targets Achieved,Isolated (7.0X),Long,1,4 hr 16 min,3.6732,100.0,2,80.04,2,80.06-80.38,80.22,80.94,,,,,,,,,,80.22
2026-04-03 07:35:43,PnLTactics,,"BloFin Futures, Binance Futures, KuCoin Futures, BingX Futures, HyperLiquid Futures, Bitget Futures, ByBit USDT, OKX Futures",BNB/USDT,Stopped Out,Isolated (6.0X),Long,0,1 hr 7 min,-3.4974,100.0,2,588.43,2,588.8-589.8,589.3,,,,,,,,,,,585.0
2026-04-03 05:00:29,PnLTactics,,"BloFin Futures, BingX Futures, Binance Futures, ByBit USDT, KuCoin Futures",HEMI/USDT,Stopped Out,Isolated (7.0X),Short,0,1 hr 13 min,-20.8955,100.0,2,0.0067670000000000004,2,0.006454-0.006773,0.0066135,,,,,,,,,,,0.006969
2026-04-03 04:58:08,PnLTactics,,"BloFin Futures, Bitget Futures, Binance Futures, OKX Futures, ByBit USDT",EDGE/USDT,Stopped Out,Isolated (7.0X),Long,0,24 min,-21.2268,100.0,2,0.86565,2,0.8654-0.89,0.8776999999999999,,,,,,,,,,,0.8394
2026-04-03 04:54:34,PnLTactics,,"KuCoin Futures, BingX Futures, BloFin Futures, ByBit USDT, Binance Futures",HEMI/USDT,Stopped Out,Isolated (7.0X),Short,0,44 min,-17.2917,100.0,2,0.00672,2,0.006454-0.006708,0.006581,,,,,,,,,,,0.006886
2026-04-03 04:44:07,PnLTactics,,"BloFin Futures, Binance Futures, Bitget Futures, ByBit USDT, OKX Futures",EDGE/USDT,Stopped Out,Isolated (7.0X),Long,0,40 min,-22.3838,100.0,2,0.8490500000000001,2,0.8473-0.8593,0.8533,,,,,,,,,,,0.8219
2026-04-03 04:42:11,PnLTactics,,"BloFin Futures, BingX Futures, KuCoin Futures, ByBit USDT, Binance Futures",HEMI/USDT,Stopped Out,Isolated (7.0X),Short,0,56 min,-19.2862,100.0,2,0.0066965,2,0.006574-0.0067,0.0066370000000000005,,,,,,,,,,,0.006881
2026-04-03 04:37:42,PnLTactics,,"BloFin Futures, Binance Futures, Bitget Futures, ByBit USDT, OKX Futures",EDGE/USDT,Stopped Out,Isolated (7.0X),Long,0,45 min,-21.2096,100.0,2,0.8531500000000001,2,0.8529-0.8593,0.8561,,,,,,,,,,,0.8273
2026-04-03 04:30:47,PnLTactics,,"BloFin Futures, Binance Futures, BingX Futures, ByBit USDT, KuCoin Futures",HEMI/USDT,Stopped Out,Isolated (7.0X),Short,0,1 hr 43 min,-20.9581,100.0,2,0.0067635,2,0.00663-0.006782,0.006706,,,,,,,,,,,0.006966
2026-04-03 04:14:54,PnLTactics,,"BloFin Futures, Bitget Futures, Binance Futures, ByBit USDT, OKX Futures",EDGE/USDT,Partial Targets Achieved,Isolated (7.0X),Long,1,1 hr 7 min,14.1699,100.0,2,0.83075,2,0.83-0.8391,0.8345499999999999,0.8736,,,,,,,,,,0.8345499999999999
2026-04-03 04:09:10,PnLTactics,,"BingX Futures, KuCoin Futures, BloFin Futures, Binance Futures, ByBit USDT",HEMI/USDT,Stopped Out,Isolated (7.0X),Short,0,2 hr 6 min,-18.8497,100.0,2,0.006833,2,0.00659-0.006833,0.0067115000000000005,,,,,,,,,,,0.007017
2026-04-03 03:59:55,PnLTactics,,"BloFin Futures, Binance Futures, BingX Futures, ByBit USDT, KuCoin Futures",HEMI/USDT,Stopped Out,Isolated (7.0X),Short,0,2 hr 14 min,-18.9134,100.0,2,0.00681,2,0.006696-0.006802,0.006749,,,,,,,,,,,0.006994
2026-04-03 03:54:07,PnLTactics,,"BloFin Futures, Binance Futures, BingX Futures, ByBit USDT, KuCoin Futures",HEMI/USDT,Stopped Out,Isolated (7.0X),Short,0,2 hr 19 min,-18.2447,100.0,2,0.006791,2,0.006696-0.006776,0.006736,,,,,,,,,,,0.006968
2026-04-03 02:40:07,PnLTactics,,"BloFin Futures, Binance Futures, BingX Futures, KuCoin Futures, ByBit USDT",HEMI/USDT,Stopped Out,Isolated (7.0X),Short,0,4 hr 3 min,-19.3849,100.0,2,0.006861,2,0.006688-0.006846,0.0067670000000000004,,,,,,,,,,,0.007051
2026-04-03 01:38:17,PnLTactics,,"BloFin Futures, Binance Futures, BingX Futures, ByBit USDT, KuCoin Futures",HEMI/USDT,Stopped Out,Isolated (8.0X),Short,0,5 hr 30 min,-25.6399,100.0,2,0.0069735000000000005,2,0.006665-0.006987,0.0068260000000000005,,,,,,,,,,,0.007197
2026-04-03 01:30:07,PnLTactics,,"BloFin Futures, Binance Futures, BingX Futures, Bitget Futures, ByBit USDT, KuCoin Futures",DRIFT/USDT,Stopped Out,Isolated (8.0X),Short,0,12 min,-23.7624,100.0,2,0.0404,2,0.0385-0.0403,0.039400000000000004,,,,,,,,,,,0.0416
2026-04-03 01:28:29,PnLTactics,,"BloFin Futures, KuCoin Futures, Binance Futures, BingX Futures, ByBit USDT",HEMI/USDT,Stopped Out,Isolated (8.0X),Short,0,5 hr 17 min,-24.0324,100.0,2,0.006924,2,0.006629-0.006924,0.0067764999999999995,,,,,,,,,,,0.007132
2026-04-03 01:12:43,PnLTactics,,"BloFin Futures, Binance Futures, BingX Futures, Bitget Futures, ByBit USDT, KuCoin Futures",DRIFT/USDT,Stopped Out,Isolated (8.0X),Short,0,30 min,-24.8447,100.0,2,0.04025,2,0.0384-0.0403,0.039349999999999996,,,,,,,,,,,0.0415
2026-04-03 01:10:26,PnLTactics,,"BloFin Futures, Binance Futures, ByBit USDT, Bitget Futures, OKX Futures",EDGE/USDT,Stopped Out,Isolated (8.0X),Long,0,44 min,-20.5314,100.0,3,0.7715,3,0.7749-0.7978,0.7862333333333333,,,,,,,,,,,0.7517
2026-04-03 00:40:55,PnLTactics,,KuCoin Futures,DADI/USDT,All Targets Achieved,Isolated (8.0X),Long,3,7 hr 40 min,78.3685,100.0,3,0.7731,3,0.7717-0.7913,0.7829999999999999,0.8122,0.8469,0.8874,,,,,,,,
2026-04-03 00:28:11,PnLTactics,,"BloFin Futures, Binance Futures, ByBit USDT, BingX Futures, KuCoin Futures, Bitget Futures",BANK/USDT,Partial Targets Achieved,Isolated (8.0X),Short,2,5 hr 48 min,53.1904,100.0,2,0.029855,2,0.02894-0.02988,0.02941,0.02831,0.02699,,,,,,,,,0.02831
2026-04-03 00:23:05,PnLTactics,,"BloFin Futures, Binance Futures, Bitget Futures, ByBit USDT, OKX Futures",EDGE/USDT,Stopped Out,Isolated (8.0X),Long,0,1 hr 31 min,-24.3664,100.0,3,0.7759333333333331,3,0.7756-0.802,0.7878666666666666,,,,,,,,,,,0.7523
2026-04-03 00:14:43,PnLTactics,,"BloFin Futures, Binance Futures, Bitget Futures, ByBit USDT, OKX Futures",EDGE/USDT,Stopped Out,Isolated (8.0X),Long,0,1 hr 37 min,-23.5385,100.0,3,0.7782999999999999,3,0.7788-0.8044,0.7897333333333334,,,,,,,,,,,0.7554
2026-04-03 00:11:36,PnLTactics,,"BloFin Futures, BingX Futures, Binance Futures, ByBit USDT, KuCoin Futures",HEMI/USDT,Stopped Out,Isolated (8.0X),Short,0,6 hr 52 min,-22.5182,100.0,2,0.0069455,2,0.006933-0.006958,0.0069455,,,,,,,,,,,0.007141
2026-04-03 00:09:55,PnLTactics,,"BloFin Futures, Binance Futures, Bitget Futures, BingX Futures, KuCoin Futures, ByBit USDT",DRIFT/USDT,Stopped Out,Isolated (8.0X),Short,0,1 hr 33 min,-24.9066,100.0,2,0.04015,2,0.0386-0.0402,0.039400000000000004,,,,,,,,,,,0.0414
2026-04-03 00:07:51,PnLTactics,,"Bitget Futures, BloFin Futures, ByBit USDT, Binance Futures, OKX Futures",EDGE/USDT,All Targets Achieved,Isolated (8.0X),Long,3,8 hr 13 min,76.1281,100.0,3,0.7734333333333334,3,0.7729-0.8044,0.7877666666666667,0.8124,0.8446,0.8841,,,,,,,,
2026-04-02 23:42:02,PnLTactics,,"BloFin Futures, Binance Futures, ByBit USDT, Bitget Futures, OKX Futures",EDGE/USDT,Stopped Out,Isolated (7.0X),Long,0,1 hr 34 min,-20.2457,100.0,2,0.7814,2,0.7822-0.7907,0.78645,,,,,,,,,,,0.7588
2026-04-02 23:40:17,PnLTactics,,"BloFin Futures, BingX Futures, Binance Futures, Bitget Futures, ByBit USDT, KuCoin Futures",DRIFT/USDT,Stopped Out,Isolated (7.0X),Short,0,2 hr 3 min,-20.5379,100.0,2,0.0409,2,0.0399-0.0409,0.0404,,,,,,,,,,,0.0421
2026-04-02 23:36:51,PnLTactics,,"BloFin Futures, Binance Futures, ByBit USDT, Bitget Futures, OKX Futures",EDGE/USDT,All Targets Achieved,Isolated (7.0X),Long,3,8 hr 44 min,63.9217,100.0,3,0.7731333333333332,3,0.7726-0.7907,0.7830999999999999,0.8105,0.8414,0.8793,,,,,,,,
2026-04-02 23:27:56,PnLTactics,,"BloFin Futures, Binance Futures, BingX Futures, Bitget Futures, KuCoin Futures, ByBit USDT",DRIFT/USDT,Partial Targets Achieved,Isolated (7.0X),Short,2,5 hr 50 min,47.0044,100.0,2,0.04145,2,0.0404-0.0415,0.04095,0.0393,0.0374,,,,,,,,,0.0393
2026-04-02 23:26:07,PnLTactics,,"BloFin Futures, BingX Futures, KuCoin Futures, Binance Futures, Bitget Futures, ByBit USDT",BANK/USDT,Partial Targets Achieved,Isolated (7.0X),Short,2,6 hr 50 min,47.5743,100.0,2,0.02982,2,0.02885-0.02981,0.029330000000000002,0.02824,0.0269,,,,,,,,,0.02824
2026-04-02 23:22:48,PnLTactics,,KuCoin Futures,DADI/USDT,All Targets Achieved,Isolated (7.0X),Long,3,5 hr 35 min,65.1586,100.0,3,0.7691999999999999,3,0.7698-0.8025,0.7860999999999999,0.8076,0.8385,0.8763,,,,,,,,
2026-04-02 23:14:03,PnLTactics,,"BloFin Futures, Binance Futures, BingX Futures, Bitget Futures, KuCoin Futures, ByBit USDT",DRIFT/USDT,Partial Targets Achieved,Isolated (7.0X),Short,2,6 hr 19 min,49.1228,100.0,2,0.0418,2,0.0406-0.0417,0.04115,0.0395,0.0376,,,,,,,,,0.0395
2026-04-02 23:11:32,PnLTactics,,"BloFin Futures, ByBit USDT, Binance Futures, Bitget Futures, OKX Futures",EDGE/USDT,Stopped Out,Isolated (7.0X),Long,0,2 hr 40 min,-19.1843,100.0,2,0.7772,2,0.7786-0.8052,0.7919,,,,,,,,,,,0.7559
2026-04-02 23:08:46,PnLTactics,,"BloFin Futures, BingX Futures, KuCoin Futures, Bitget Futures, ByBit USDT, Binance Futures",BANK/USDT,Partial Targets Achieved,Isolated (7.0X),Short,2,7 hr 7 min,50.9077,100.0,2,0.02993,2,0.02896-0.02976,0.02936,0.0282,0.02686,,,,,,,,,0.0282
2026-04-02 23:07:07,PnLTactics,,"BloFin Futures, Bitget Futures, Binance Futures, BingX Futures, ByBit USDT, KuCoin Futures",DRIFT/USDT,Partial Targets Achieved,Isolated (7.0X),Short,1,2 hr 35 min,21.1111,100.0,2,0.042,2,0.0406-0.0419,0.041249999999999995,0.0397,,,,,,,,,,0.041249999999999995
2026-04-02 22:39:37,PnLTactics,,"BloFin Futures, ByBit USDT, Binance Futures, Bitget Futures, OKX Futures",EDGE/USDT,Stopped Out,Isolated (8.0X),Long,0,3 hr 11 min,-23.4176,100.0,2,0.7789,2,0.7795-0.8002,0.7898499999999999,,,,,,,,,,,0.7561
2026-04-02 22:27:38,PnLTactics,,"Bitget Futures, BloFin Futures, ByBit USDT, Binance Futures, OKX Futures",EDGE/USDT,All Targets Achieved,Isolated (7.0X),Long,3,9 hr 53 min,69.0166,100.0,3,0.7687999999999999,3,0.7696-0.8044,0.7866666666666666,0.8095,0.8422,0.8821,,,,,,,,
2026-04-02 22:10:43,PnLTactics,,"Bitget Futures, BloFin Futures, ByBit USDT, Binance Futures, OKX Futures",EDGE/USDT,All Targets Achieved,Isolated (8.0X),Long,3,10 hr 10 min,78.5457,100.0,3,0.7683,3,0.7675-0.7996,0.7843666666666667,0.8078,0.8414,0.882,,,,,,,,
2026-04-02 22:08:43,PnLTactics,,"Bitget Futures, Binance Futures, BloFin Futures, BingX Futures, ByBit USDT, KuCoin Futures, OKX Futures",BLUR/USDT,Stopped Out,Isolated (7.0X),Short,0,47 min,-7.9137,100.0,2,0.019459999999999998,2,0.01928-0.01947,0.019375,,,,,,,,,,,0.01968
2026-04-02 20:59:54,PnLTactics,,"BloFin Futures, ByBit USDT, Binance Futures, Bitget Futures, OKX Futures",EDGE/USDT,Stopped Out,Isolated (7.0X),Long,0,4 hr 16 min,-20.2743,100.0,2,0.7803,2,0.7811-0.818,0.79955,,,,,,,,,,,0.7577
2026-04-02 20:54:12,PnLTactics,,"BloFin Futures, Binance Futures, OKX Futures, Bitget Futures, ByBit USDT",EDGE/USDT,Stopped Out,Isolated (7.0X),Long,0,4 hr 57 min,-21.7881,100.0,2,0.7807,2,0.7798-0.818,0.7988999999999999,,,,,,,,,,,0.7564
2026-04-02 20:41:25,PnLTactics,,"BloFin Futures, Binance Futures, ByBit USDT, Bitget Futures, OKX Futures",EDGE/USDT,Stopped Out,Isolated (7.0X),Long,0,5 hr 11 min,-20.7894,100.0,2,0.7778,2,0.778-0.7951,0.7865500000000001,,,,,,,,,,,0.7547
2026-04-02 20:25:02,PnLTactics,,"Binance Futures, ByBit USDT, OKX Futures, BloFin Futures, Bitget Futures",EDGE/USDT,All Targets Achieved,Isolated (7.0X),Long,3,8 hr 33 min,66.5118,100.0,3,0.7605666666666666,3,0.7597-0.7976,0.7810999999999999,0.7986,0.8305,0.8694,,,,,,,,
2026-04-02 20:12:31,PnLTactics,,"Binance Futures, ByBit USDT, OKX Futures, BloFin Futures, Bitget Futures",EDGE/USDT,All Targets Achieved,Isolated (8.0X),Long,3,8 hr 45 min,79.2393,100.0,3,0.7571999999999999,3,0.7578-0.7947,0.7794999999999999,0.7974,0.8298,0.8694,,,,,,,,
2026-04-02 19:52:41,PnLTactics,,"BloFin Futures, ByBit USDT, Bitget Futures, Binance Futures, OKX Futures",EDGE/USDT,All Targets Achieved,Isolated (7.0X),Long,3,9 hr 5 min,65.8766,100.0,2,0.7679,2,0.7676-0.8032,0.7854,0.8062,0.8378,0.8765,,,,,,,,
2026-04-02 19:43:24,PnLTactics,,"Bitget Futures, Binance Futures, BingX Futures, KuCoin Futures, OKX Futures, ByBit USDT, BloFin Futures",BLUR/USDT,Partial Targets Achieved,Isolated (7.0X),Short,1,4 hr 34 min,6.1076,100.0,2,0.019675,2,0.01947-0.01972,0.019595,0.01932,,,,,,,,,,0.019595
2026-04-02 19:28:54,PnLTactics,,"BloFin Futures, ByBit USDT, Bitget Futures, Binance Futures, OKX Futures",EDGE/USDT,All Targets Achieved,Isolated (7.0X),Long,3,12 hr 52 min,68.8764,100.0,2,0.7663,2,0.7673-0.7786,0.77295,0.8069,0.8393,0.8789,,,,,,,,
2026-04-02 19:23:10,PnLTactics,,"ByBit USDT, Binance Futures, OKX Futures, BloFin Futures, Bitget Futures",EDGE/USDT,All Targets Achieved,Isolated (7.0X),Long,3,9 hr 35 min,66.006,100.0,2,0.7618,2,0.7617-0.7786,0.77015,0.8,0.8313,0.8696,,,,,,,,
2026-04-02 18:53:01,PnLTactics,,"BloFin Futures, ByBit USDT, Bitget Futures, Binance Futures, OKX Futures",EDGE/USDT,Partial Targets Achieved,Isolated (7.0X),Long,1,5 hr 37 min,15.3552,100.0,2,0.75295,2,0.7525-0.7664,0.75945,0.7895,,,,,,,,,,0.75945
2026-04-02 18:38:40,PnLTactics,,KuCoin Futures,DADI/USDT,Partial Targets Achieved,Isolated (7.0X),Long,1,7 hr 12 min,17.1913,100.0,2,0.7464999999999999,2,0.7464-0.7655,0.7559499999999999,0.7826,,,,,,,,,,0.7559499999999999
2026-04-02 18:24:37,PnLTactics,,"ByBit USDT, BloFin Futures, Bitget Futures, Binance Futures, OKX Futures",EDGE/USDT,All Targets Achieved,Isolated (7.0X),Long,3,9 hr 47 min,64.3317,100.0,2,0.7352000000000001,2,0.7348-0.7556,0.7452000000000001,0.771,0.8006,0.8367,,,,,,,,
2026-04-02 18:13:40,PnLTactics,,"BloFin Futures, Bitget Futures, BingX Futures, Binance Futures, KuCoin Futures, ByBit USDT, OKX Futures",BLUR/USDT,Stopped Out,Isolated (7.0X),Short,0,6 hr 14 min,-9.2574,100.0,2,0.01966,2,0.01933-0.01964,0.019485000000000002,,,,,,,,,,,0.01992
2026-04-02 17:55:31,PnLTactics,,"BloFin Futures, Bitget Futures, Binance Futures, BingX Futures, KuCoin Futures, OKX Futures, ByBit USDT",BLUR/USDT,Stopped Out,Isolated (7.0X),Short,0,6 hr 32 min,-11.5688,100.0,2,0.019665000000000002,2,0.01936-0.0197,0.01953,,,,,,,,,,,0.01999
2026-04-02 16:11:34,PnLTactics,,"BingX Futures, Bitget Futures, Binance Futures, BloFin Futures, OKX Futures, KuCoin Futures, ByBit USDT",BLUR/USDT,Partial Targets Achieved,Isolated (7.0X),Short,1,10 hr 48 min,10.5819,100.0,2,0.019735000000000003,2,0.0194-0.01974,0.01957,0.01917,,,,,,,,,,0.01957
2026-04-02 15:56:30,PnLTactics,,"BloFin Futures, Bitget Futures, KuCoin Futures, BingX Futures, ByBit USDT, Binance Futures, OKX Futures",BLUR/USDT,Partial Targets Achieved,Isolated (7.0X),Short,1,11 hr 43 min,10.4161,100.0,2,0.019825000000000002,2,0.01946-0.01985,0.019655,0.01928,,,,,,,,,,0.019655
2026-04-02 15:54:14,PnLTactics,,"ByBit USDT, OKX Futures, BingX Futures, HyperLiquid Futures, Bitget Futures, BloFin Futures, KuCoin Futures, Binance Futures",BNB/USDT,Stopped Out,Isolated (7.0X),Short,0,35 min,-5.7447,100.0,2,572.7,2,569.0-573.0,571.0,,,,,,,,,,,577.4
2026-04-02 13:44:35,PnLTactics,,"Bitget Futures, BloFin Futures, Binance Futures, ByBit USDT, OKX Futures, BingX Futures, KuCoin Futures",BLUR/USDT,Stopped Out,Isolated (8.0X),Short,0,1 hr,-16.343,100.0,2,0.019825000000000002,2,0.0195-0.01984,0.01967,,,,,,,,,,,0.02023
2026-04-02 13:20:14,PnLTactics,,"BingX Futures, ByBit USDT, HyperLiquid Futures, OKX Futures, Bitget Futures, Binance Futures, BloFin Futures, KuCoin Futures",SOL/USDT,Stopped Out,Isolated (7.0X),Short,0,46 min,-4.5991,100.0,2,77.471,2,76.93-77.41,77.17,,,,,,,,,,,77.98
2026-04-02 13:14:02,PnLTactics,,"BloFin Futures, Binance Futures, Bitget Futures, BingX Futures, ByBit USDT, OKX Futures, KuCoin Futures",BLUR/USDT,Partial Targets Achieved,Isolated (7.0X),Short,1,16 hr 15 min,8.2899,100.0,2,0.020125,2,0.02008-0.02017,0.020125,0.01941,,,,,,,,,,0.020125
2026-04-02 13:11:53,PnLTactics,,"HyperLiquid Futures, BingX Futures, BloFin Futures, Binance Futures, KuCoin Futures, OKX Futures, Bitget Futures, ByBit USDT",SOL/USDT,Partial Targets Achieved,Isolated (7.0X),Short,1,37 min,1.3636,50.0,1,77.344,2,77.31-77.87,77.59,76.96,,,,,,,,,,77.31
2026-04-02 13:09:15,PnLTactics,,"HyperLiquid Futures, ByBit USDT, KuCoin Futures, BingX Futures, OKX Futures, Bitget Futures, BloFin Futures, Binance Futures",BNB/USDT,Stopped Out,Isolated (7.0X),Short,0,1 hr 27 min,-5.1088,100.0,2,574.11,2,570.0-574.5,572.25,,,,,,,,,,,578.3
2026-04-02 13:05:38,PnLTactics,,"BingX Futures, OKX Futures, Bitget Futures, HyperLiquid Futures, BloFin Futures, KuCoin Futures, ByBit USDT, Binance Futures",SOL/USDT,Partial Targets Achieved,Isolated (7.0X),Short,1,52 min,4.7724,100.0,2,78.03200000000001,2,77.31-78.04,77.67500000000001,77.15,,,,,,,,,,77.67500000000001
2026-04-02 12:59:37,PnLTactics,,"ByBit USDT, BingX Futures, Bitget Futures, KuCoin Futures, HyperLiquid Futures, OKX Futures, Binance Futures, BloFin Futures",BNB/USDT,Stopped Out,Isolated (7.0X),Short,0,3 hr 37 min,-4.6841,100.0,2,575.35,2,572.3-575.5,573.9,,,,,,,,,,,579.2
2026-04-02 12:58:02,PnLTactics,,"HyperLiquid Futures, BingX Futures, BloFin Futures, Binance Futures, ByBit USDT, Bitget Futures, OKX Futures, KuCoin Futures",SOL/USDT,Partial Targets Achieved,Isolated (7.0X),Short,1,1 hr,3.1812,100.0,2,77.894,2,77.6-77.96,77.78,77.06,,,,,,,,,,77.78
2026-04-02 12:53:48,PnLTactics,,"HyperLiquid Futures, BloFin Futures, KuCoin Futures, BingX Futures, Binance Futures, Bitget Futures, ByBit USDT, OKX Futures",BNB/USDT,Partial Targets Achieved,Isolated (7.0X),Short,1,3 hr 46 min,-4.9661,100.0,2,576.51,2,572.3-576.9,574.5999999999999,,,,,,,,,,,580.6
2026-04-02 12:51:11,PnLTactics,,"BloFin Futures, HyperLiquid Futures, BingX Futures, ByBit USDT, Binance Futures, OKX Futures, Bitget Futures, KuCoin Futures",SOL/USDT,Partial Targets Achieved,Isolated (7.0X),Short,1,1 hr 15 min,4.2435,100.0,2,78.08,2,77.6-78.06,77.83,77.16,,,,,,,,,,77.83
2026-04-02 12:43:49,PnLTactics,,"HyperLiquid Futures, KuCoin Futures, ByBit USDT, BingX Futures, Bitget Futures, OKX Futures, BloFin Futures, Binance Futures",BNB/USDT,Partial Targets Achieved,Isolated (7.0X),Short,1,44 min,5.6334,50.0,1,578.22,2,574.0-579.1,576.55,572.7,,,,,,,,,,574.0
2026-04-02 12:19:50,PnLTactics,,"HyperLiquid Futures, BingX Futures, ByBit USDT, OKX Futures, KuCoin Futures, Bitget Futures, BloFin Futures, Binance Futures",BNB/USDT,Partial Targets Achieved,Isolated (7.0X),Short,1,2 hr 16 min,4.4452,100.0,2,579.245,2,574.3-579.4,576.8499999999999,573.0,,,,,,,,,,576.8499999999999
2026-04-02 12:13:30,PnLTactics,,"BingX Futures, HyperLiquid Futures, ByBit USDT, OKX Futures, BloFin Futures, KuCoin Futures, Bitget Futures, Binance Futures",BNB/USDT,Partial Targets Achieved,Isolated (7.0X),Short,1,2 hr 23 min,4.9962,100.0,2,580.51,2,575.0-580.2,577.6,573.9,,,,,,,,,,577.6
2026-04-02 12:10:59,PnLTactics,,"BloFin Futures, Bitget Futures, Binance Futures, BingX Futures, ByBit USDT, OKX Futures, KuCoin Futures",BLUR/USDT,Partial Targets Achieved,Isolated (7.0X),Short,1,2 hr 33 min,10.0654,100.0,2,0.0204,2,0.02013-0.02038,0.020255,0.01981,,,,,,,,,,0.020255
2026-04-02 12:08:40,PnLTactics,,"OKX Futures, Bitget Futures, HyperLiquid Futures, BingX Futures, BloFin Futures, KuCoin Futures, ByBit USDT, Binance Futures",CRV/USDT,Stopped Out,Isolated (7.0X),Short,0,2 hr 27 min,-10.4172,100.0,2,0.20495,2,0.204-0.205,0.2045,,,,,,,,,,,0.208
2026-04-02 12:04:52,PnLTactics,,"ByBit USDT, BingX Futures, BloFin Futures, Bitget Futures, KuCoin Futures, HyperLiquid Futures, OKX Futures, Binance Futures",SOL/USDT,Partial Targets Achieved,Isolated (7.0X),Short,2,1 hr 45 min,10.1574,100.0,2,78.242,2,77.71-78.2,77.955,77.34,76.64,,,,,,,,,77.34
2026-04-02 11:53:44,PnLTactics,,"BingX Futures, BloFin Futures, ByBit USDT, HyperLiquid Futures, OKX Futures, Binance Futures, KuCoin Futures, Bitget Futures",SOL/USDT,Partial Targets Achieved,Isolated (7.0X),Short,2,2 hr 1 min,9.7024,100.0,2,78.4,2,77.96-78.41,78.185,77.55,76.84,,,,,,,,,77.55
2026-04-02 11:44:50,PnLTactics,,"OKX Futures, HyperLiquid Futures, BingX Futures, ByBit USDT, Bitget Futures, BloFin Futures, KuCoin Futures, Binance Futures",BNB/USDT,Partial Targets Achieved,Isolated (7.0X),Short,1,2 hr 51 min,4.6209,100.0,2,580.7,2,575.2-580.9,578.05,574.5,,,,,,,,,,578.05
2026-04-02 11:43:14,PnLTactics,,"BloFin Futures, ByBit USDT, BingX Futures, OKX Futures, HyperLiquid Futures, Bitget Futures, Binance Futures, KuCoin Futures",SOL/USDT,Partial Targets Achieved,Isolated (7.0X),Short,2,2 hr 14 min,10.0429,100.0,2,78.53,2,78.09-78.5,78.295,77.64,76.93,,,,,,,,,77.64
2026-04-02 11:10:03,PnLTactics,,"ByBit USDT, KuCoin Futures, HyperLiquid Futures, OKX Futures, Binance Futures, BingX Futures, BloFin Futures, Bitget Futures",BNB/USDT,Partial Targets Achieved,Isolated (6.0X),Short,1,5 hr 27 min,2.7921,100.0,2,580.2,2,577.8-580.5,579.15,574.2,,,,,,,,,,579.15
2026-04-02 11:08:25,PnLTactics,,"ByBit USDT, Bitget Futures, Binance Futures, BloFin Futures, BingX Futures, OKX Futures, KuCoin Futures",BLUR/USDT,Partial Targets Achieved,Isolated (6.0X),Short,2,16 hr 53 min,24.6387,100.0,2,0.020415000000000003,2,0.02029-0.02043,0.02036,0.01976,0.01921,,,,,,,,,0.01976
2026-04-02 10:55:23,PnLTactics,,"OKX Futures, HyperLiquid Futures, Bitget Futures, BloFin Futures, KuCoin Futures, BingX Futures, ByBit USDT, Binance Futures",BNB/USDT,Partial Targets Achieved,Isolated (5.0X),Short,1,5 hr 45 min,2.4362,100.0,2,581.5,2,579.2-581.6,580.4000000000001,575.2,,,,,,,,,,580.4000000000001
2026-04-02 10:51:35,PnLTactics,,"BloFin Futures, ByBit USDT, HyperLiquid Futures, Bitget Futures, OKX Futures, KuCoin Futures, BingX Futures, Binance Futures",CRV/USDT,Partial Targets Achieved,Isolated (6.0X),Short,1,3 hr 41 min,9.5055,100.0,2,0.2083,2,0.206-0.207,0.2065,0.202,,,,,,,,,,0.2065
2026-04-02 10:50:02,PnLTactics,,"OKX Futures, BloFin Futures, KuCoin Futures, BingX Futures, Binance Futures, HyperLiquid Futures, Bitget Futures, ByBit USDT",BNB/USDT,Partial Targets Achieved,Isolated (5.0X),Short,2,5 hr 50 min,2.4072,100.0,2,581.5999999999999,2,579.2-581.8,580.5,575.4,,,,,,,,,,580.5
2026-04-02 10:44:37,PnLTactics,,"Bitget Futures, OKX Futures, HyperLiquid Futures, BingX Futures, BloFin Futures, KuCoin Futures, ByBit USDT, Binance Futures",CRV/USDT,Partial Targets Achieved,Isolated (6.0X),Short,1,3 hr 51 min,4.8077,100.0,1,0.208,1,0.208-0.208,0.208,0.203,,,,,,,,,,0.208
2026-04-02 10:42:52,PnLTactics,,"HyperLiquid Futures, OKX Futures, Bitget Futures, ByBit USDT, BloFin Futures, BingX Futures, KuCoin Futures, Binance Futures",BNB/USDT,Partial Targets Achieved,Isolated (5.0X),Short,2,3 hr 53 min,6.8859,100.0,2,582.59,2,580.8-582.7,581.75,576.3,571.1,,,,,,,,,576.3
2026-04-02 10:14:57,PnLTactics,,"BloFin Futures, BingX Futures, Bitget Futures, KuCoin Futures, Binance Futures, ByBit USDT, OKX Futures",BLUR/USDT,Partial Targets Achieved,Isolated (6.0X),Short,1,19 hr 21 min,8.9684,100.0,2,0.020405,2,0.02021-0.02041,0.02031,0.01968,,,,,,,,,,0.02031
2026-04-02 10:11:23,PnLTactics,,"HyperLiquid Futures, BloFin Futures, BingX Futures, Binance Futures, OKX Futures, Bitget Futures, ByBit USDT, KuCoin Futures",ETH/USDT,Stopped Out,Isolated (6.0X),Short,0,4 hr 12 min,-3.6256,100.0,2,2035.5,2,2034.6-2034.8,2034.6999999999998,,,,,,,,,,,2047.8
2026-04-02 10:09:44,PnLTactics,,"BingX Futures, KuCoin Futures, BloFin Futures, Binance Futures, HyperLiquid Futures, OKX Futures, Bitget Futures, ByBit USDT",CRV/USDT,Partial Targets Achieved,Isolated (6.0X),Short,1,4 hr 26 min,8.8953,100.0,2,0.2091,2,0.207-0.208,0.2075,0.203,,,,,,,,,,0.2075
2026-04-02 10:07:54,PnLTactics,,"BingX Futures, HyperLiquid Futures, KuCoin Futures, OKX Futures, BloFin Futures, ByBit USDT, Bitget Futures, Binance Futures",BNB/USDT,Partial Targets Achieved,Isolated (5.0X),Short,2,4 hr 28 min,7.0944,100.0,2,585.44,2,583.2-585.3,584.25,578.9,573.6,,,,,,,,,578.9
2026-04-02 09:55:43,PnLTactics,,"KuCoin Futures, BingX Futures, OKX Futures, ByBit USDT, Bitget Futures, BloFin Futures, Binance Futures",BLUR/USDT,Partial Targets Achieved,Isolated (6.0X),Short,2,18 hr 6 min,26.787,100.0,2,0.020495,2,0.02026-0.02053,0.020395,0.01978,0.01918,,,,,,,,,0.01978
2026-04-02 09:44:19,PnLTactics,,"KuCoin Futures, ByBit USDT, BloFin Futures, Bitget Futures, BingX Futures, Binance Futures, OKX Futures",BLUR/USDT,Partial Targets Achieved,Isolated (6.0X),Short,2,18 hr 22 min,26.5952,100.0,2,0.02053,2,0.0202-0.02056,0.02038,0.01982,0.01922,,,,,,,,,0.01982
2026-04-02 09:42:10,PnLTactics,,"Bitget Futures, HyperLiquid Futures, KuCoin Futures, BingX Futures, OKX Futures, ByBit USDT, BloFin Futures, Binance Futures",BNB/USDT,Partial Targets Achieved,Isolated (5.0X),Short,2,6 hr 58 min,6.991,100.0,2,586.23,2,583.9-586.3,585.0999999999999,579.8,574.5,,,,,,,,,579.8
2026-04-02 09:29:23,PnLTactics,,"HyperLiquid Futures, OKX Futures, Bitget Futures, BloFin Futures, KuCoin Futures, BingX Futures, ByBit USDT, Binance Futures",BNB/USDT,Partial Targets Achieved,Isolated (6.0X),Short,2,7 hr 11 min,8.1697,100.0,2,586.925,2,585.0-587.1,586.05,580.7,575.4,,,,,,,,,580.7
2026-04-02 09:21:58,PnLTactics,,"HyperLiquid Futures, ByBit USDT, OKX Futures, Bitget Futures, BingX Futures, KuCoin Futures, BloFin Futures, Binance Futures",BNB/USDT,Partial Targets Achieved,Isolated (5.0X),Short,2,7 hr 18 min,6.9198,100.0,2,585.875,2,585.0-586.0,585.5,579.5,574.3,,,,,,,,,579.5
2026-04-02 08:58:54,PnLTactics,,"BingX Futures, HyperLiquid Futures, Bitget Futures, KuCoin Futures, OKX Futures, BloFin Futures, Binance Futures, ByBit USDT",BNB/USDT,All Targets Achieved,Isolated (6.0X),Short,3,8 hr 17 min,8.2335,100.0,2,588.2049999999999,2,586.5-588.3,587.4,581.9,576.6,,,,,,,,,581.9
2026-04-02 08:43:25,PnLTactics,,"Binance Futures, HyperLiquid Futures, BloFin Futures, BingX Futures, KuCoin Futures, OKX Futures, Bitget Futures, ByBit USDT",BNB/USDT,All Targets Achieved,Isolated (6.0X),Short,3,4 hr 51 min,12.4075,100.0,2,589.32,2,586.4-589.3,587.8499999999999,582.8,577.5,571.1,,,,,,,,
2026-04-02 07:38:34,PnLTactics,,"KuCoin Futures, Bitget Futures, HyperLiquid Futures, ByBit USDT, OKX Futures, BloFin Futures, Binance Futures, BingX Futures",XPL/USDT,Stopped Out,Isolated (6.0X),Long,0,1 hr 7 min,-14.308,100.0,2,0.112175,2,0.1121-0.1141,0.1131,,,,,,,,,,,0.1095
2026-04-02 07:33:29,PnLTactics,,"BloFin Futures, HyperLiquid Futures, Bitget Futures, KuCoin Futures, BingX Futures, OKX Futures, ByBit USDT, Binance Futures",XPL/USDT,Stopped Out,Isolated (6.0X),Long,0,1 hr,-13.8914,100.0,2,0.1123,2,0.1123-0.1141,0.1132,,,,,,,,,,,0.1097
2026-04-02 07:26:19,PnLTactics,,"HyperLiquid Futures, KuCoin Futures, OKX Futures, BloFin Futures, Bitget Futures, ByBit USDT, BingX Futures, Binance Futures",XPL/USDT,Stopped Out,Isolated (6.0X),Long,0,1 hr 36 min,-14.4627,100.0,2,0.11097499999999999,2,0.1109-0.1133,0.1121,,,,,,,,,,,0.1083
2026-04-02 06:58:45,PnLTactics,,"HyperLiquid Futures, Bitget Futures, KuCoin Futures, OKX Futures, ByBit USDT, BloFin Futures, Binance Futures, BingX Futures",XPL/USDT,Stopped Out,Isolated (6.0X),Long,0,2 hr 35 min,-14.7924,100.0,2,0.110935,2,0.1108-0.1127,0.11174999999999999,,,,,,,,,,,0.1082
2026-04-02 06:53:07,PnLTactics,,"KuCoin Futures, HyperLiquid Futures, BloFin Futures, BingX Futures, ByBit USDT, Bitget Futures, OKX Futures, Binance Futures",XPL/USDT,Stopped Out,Isolated (6.0X),Long,0,2 hr 9 min,-13.5257,100.0,2,0.1109,2,0.1109-0.1127,0.1118,,,,,,,,,,,0.1084
2026-04-02 06:42:37,PnLTactics,,"HyperLiquid Futures, KuCoin Futures, OKX Futures, BloFin Futures, Bitget Futures, ByBit USDT, BingX Futures, Binance Futures",XPL/USDT,Partial Targets Achieved,Isolated (6.0X),Long,1,9 hr 26 min,12.8944,100.0,2,0.10997,2,0.1099-0.1129,0.1114,0.1142,,,,,,,,,,0.1114
2026-04-02 05:54:53,PnLTactics,,"Bitget Futures, BloFin Futures, Binance Futures, BingX Futures, ByBit USDT, OKX Futures, KuCoin Futures",BLUR/USDT,Partial Targets Achieved,Isolated (6.0X),Short,1,22 hr 37 min,15.2791,100.0,2,0.02042,2,0.01972-0.02044,0.02008,0.01954,,,,,,,,,,0.02008
2026-04-02 04:57:22,PnLTactics,,"BloFin Futures, BingX Futures, Binance Futures, Bitget Futures, ByBit USDT, OKX Futures, KuCoin Futures",BLUR/USDT,Partial Targets Achieved,Isolated (6.0X),Short,1,1 day,12.878,100.0,2,0.0205,2,0.02013-0.0205,0.020315,0.01955,,,,,,,,,,0.020315
2026-04-02 04:45:29,PnLTactics,,"BingX Futures, KuCoin Futures, OKX Futures, ByBit USDT, BloFin Futures, Bitget Futures, Binance Futures",BLUR/USDT,Partial Targets Achieved,Isolated (6.0X),Short,2,23 hr 28 min,33.2213,100.0,2,0.02083,2,0.02015-0.02086,0.020505000000000002,0.01993,0.01917,,,,,,,,,0.01993
2026-04-02 04:27:31,PnLTactics,,"HyperLiquid Futures, ByBit USDT, BingX Futures, Bitget Futures, OKX Futures, Binance Futures, BloFin Futures, KuCoin Futures",BTC/USDT,Stopped Out,Isolated (5.0X),Short,0,3 hr 14 min,-3.153,100.0,2,66382.0,2,65758.4-66356.4,66057.4,,,,,,,,,,,66800.6
2026-04-02 04:24:38,PnLTactics,,"KuCoin Futures, HyperLiquid Futures, BingX Futures, Binance Futures, BloFin Futures, Bitget Futures, OKX Futures, ByBit USDT",BNB/USDT,All Targets Achieved,Isolated (6.0X),Short,3,9 hr 10 min,12.4083,100.0,2,590.4100000000001,2,584.6-590.6,587.6,584.0,578.6,572.0,,,,,,,,
2026-04-02 03:56:46,PnLTactics,,"BingX Futures, Binance Futures, OKX Futures, ByBit USDT, Bitget Futures, HyperLiquid Futures, BloFin Futures, KuCoin Futures",BTC/USDT,Partial Targets Achieved,Isolated (5.0X),Short,1,10 hr 1 min,3.9503,100.0,2,66564.3,2,65805.2-66551.0,66178.1,65759.0,,,,,,,,,,66178.1
2026-04-02 03:44:41,PnLTactics,,"ByBit USDT, BloFin Futures, Bitget Futures, Binance Futures, OKX Futures",EDGE/USDT,Stopped Out,Isolated (5.0X),Long,0,29 min,-15.1936,100.0,2,0.75525,2,0.7537-0.7632,0.7584500000000001,,,,,,,,,,,0.7323
2026-04-02 03:43:00,PnLTactics,,"OKX Futures, HyperLiquid Futures, KuCoin Futures, Bitget Futures, ByBit USDT, BloFin Futures, BingX Futures, Binance Futures",ETH/USDT,Stopped Out,Isolated (5.0X),Short,0,12 hr 57 min,-4.2272,100.0,2,2054.53,2,2037.4-2049.5,2043.45,,,,,,,,,,,2071.9
2026-04-02 03:23:41,PnLTactics,,"Bitget Futures, OKX Futures, HyperLiquid Futures, BingX Futures, BloFin Futures, KuCoin Futures, ByBit USDT, Binance Futures",CRV/USDT,Partial Targets Achieved,Isolated (5.0X),Short,1,11 hr 12 min,8.872,100.0,2,0.2104,2,0.206-0.21,0.208,0.204,,,,,,,,,,0.208
2026-04-02 03:21:28,PnLTactics,,"BloFin Futures, HyperLiquid Futures, BingX Futures, ByBit USDT, KuCoin Futures, Binance Futures, OKX Futures, Bitget Futures",BNB/USDT,All Targets Achieved,Isolated (5.0X),Short,3,9 hr 22 min,11.0083,100.0,2,596.67,2,589.8-595.8,592.8,589.3,583.9,577.4,,,,,,,,
2026-04-02 02:44:59,PnLTactics,,"BloFin Futures, KuCoin Futures, Binance Futures, HyperLiquid Futures, BingX Futures, Bitget Futures, ByBit USDT, OKX Futures",BNB/USDT,All Targets Achieved,Isolated (5.0X),Short,3,8 hr 20 min,7.9179,50.0,1,596.75,2,594.1-599.7,596.9000000000001,593.1,587.7,581.1,,,,,,,,
2026-04-02 02:38:20,PnLTactics,,"Bitget Futures, OKX Futures, HyperLiquid Futures, BingX Futures, BloFin Futures, KuCoin Futures, ByBit USDT, Binance Futures",CRV/USDT,Partial Targets Achieved,Isolated (5.0X),Short,1,11 hr 57 min,8.4047,100.0,2,0.2102,2,0.206-0.21,0.208,0.204,,,,,,,,,,0.208
2026-04-02 02:27:00,PnLTactics,,"KuCoin Futures, BloFin Futures, Binance Futures, HyperLiquid Futures, BingX Futures, Bitget Futures, ByBit USDT, OKX Futures",BNB/USDT,All Targets Achieved,Isolated (5.0X),Short,3,8 hr 38 min,10.2347,100.0,2,599.675,2,596.2-599.8,598.0,593.2,587.8,581.2,,,,,,,,
2026-04-02 02:25:27,PnLTactics,,"BingX Futures, HyperLiquid Futures, Bitget Futures, BloFin Futures, KuCoin Futures, Binance Futures, ByBit USDT, OKX Futures",CRV/USDT,Partial Targets Achieved,Isolated (5.0X),Short,1,12 hr 11 min,5.7909,100.0,2,0.2101,2,0.209-0.21,0.2095,0.204,,,,,,,,,,0.2095
2026-04-02 02:21:00,PnLTactics,,"KuCoin Futures, BloFin Futures, Binance Futures, HyperLiquid Futures, BingX Futures, Bitget Futures, OKX Futures, ByBit USDT",BNB/USDT,All Targets Achieved,Isolated (5.0X),Short,3,8 hr 28 min,10.3644,100.0,2,600.855,2,596.2-600.9,598.55,594.2,588.8,582.2,,,,,,,,
2026-04-02 01:44:35,PnLTactics,,"Bitget Futures, OKX Futures, HyperLiquid Futures, BingX Futures, BloFin Futures, KuCoin Futures, ByBit USDT, Binance Futures",CRV/USDT,Partial Targets Achieved,Isolated (5.0X),Short,2,12 hr 51 min,18.5876,100.0,2,0.2143,2,0.213-0.214,0.2135,0.208,0.203,,,,,,,,,0.208
2026-04-02 01:31:23,PnLTactics,,"HyperLiquid Futures, Bitget Futures, BloFin Futures, ByBit USDT, KuCoin Futures, OKX Futures, BingX Futures, Binance Futures",CRV/USDT,Partial Targets Achieved,Isolated (5.0X),Short,2,13 hr 5 min,17.8295,50.0,1,0.215,2,0.215-0.217,0.216,0.209,0.204,,,,,,,,,0.209
2026-04-02 01:26:20,PnLTactics,,"HyperLiquid Futures, Bitget Futures, BloFin Futures, ByBit USDT, OKX Futures, KuCoin Futures, BingX Futures, Binance Futures",CRV/USDT,Partial Targets Achieved,Isolated (10.0X),Short,2,13 hr 9 min,40.1235,100.0,2,0.216,2,0.215-0.217,0.216,0.209,0.204,,,,,,,,,0.209
2026-04-02 01:24:41,PnLTactics,,"HyperLiquid Futures, BingX Futures, Bitget Futures, Binance Futures, ByBit USDT, BloFin Futures, OKX Futures, KuCoin Futures",SOL/USDT,Partial Targets Achieved,Isolated (10.0X),Short,2,12 hr 58 min,25.5087,100.0,2,79.816,2,79.54-79.74,79.64,78.2,76.94,,,,,,,,,78.2
2026-04-02 00:20:20,PnLTactics,,"BloFin Futures, KuCoin Futures, BingX Futures, Binance Futures, Bitget Futures, ByBit USDT",XAUT/USDT,Stopped Out,Isolated (6.0X),Long,0,43 min,-4.099,100.0,2,4757.200000000001,2,4755.6-4769.7,4762.65,,,,,,,,,,,4724.7
2026-04-01 23:41:17,PnLTactics,,"OKX Futures, HyperLiquid Futures, Bitget Futures, BloFin Futures, ByBit USDT, KuCoin Futures, BingX Futures, Binance Futures",CRV/USDT,Stopped Out,Isolated (6.0X),Short,0,1 hr 4 min,-6.0606,100.0,2,0.2178,2,0.216-0.217,0.2165,,,,,,,,,,,0.22
2026-04-01 23:27:21,PnLTactics,,"OKX Futures, HyperLiquid Futures, BingX Futures, Bitget Futures, KuCoin Futures, Binance Futures, BloFin Futures, ByBit USDT",SOL/USDT,All Targets Achieved,Isolated (5.0X),Short,3,13 hr 48 min,16.3182,100.0,2,81.3,2,79.92-81.3,80.61,79.89,78.73,77.32,,,,,,,,
2026-04-01 23:25:38,PnLTactics,,"BloFin Futures, KuCoin Futures, BingX Futures, Bitget Futures, ByBit USDT, Binance Futures",XAUT/USDT,Stopped Out,Isolated (6.0X),Long,0,1 hr 38 min,-4.1197,100.0,2,4755.25,2,4753.5-4765.7,4759.6,,,,,,,,,,,4722.6
2026-04-01 23:20:12,PnLTactics,,"KuCoin Futures, BloFin Futures, Bitget Futures, BingX Futures, ByBit USDT, Binance Futures",XAUT/USDT,Stopped Out,Isolated (6.0X),Long,0,1 hr 43 min,-3.9675,100.0,2,4756.955,2,4756.4-4765.7,4761.049999999999,,,,,,,,,,,4725.5
2026-04-01 22:00:05,PnLTactics,,"HyperLiquid Futures, BingX Futures, BloFin Futures, OKX Futures, ByBit USDT, Binance Futures, Bitget Futures, KuCoin Futures",SOL/USDT,Partial Targets Achieved,Isolated (6.0X),Short,1,3 hr 8 min,7.0136,100.0,2,81.81299999999999,2,80.51-81.82,81.16499999999999,80.24,,,,,,,,,,81.16499999999999
2026-04-01 21:45:03,PnLTactics,,"ByBit USDT, Bitget Futures, Binance Futures, OKX Futures",EDGE/USDT,Stopped Out,Isolated (6.0X),Long,0,1 hr 7 min,-17.0614,100.0,2,0.69455,2,0.6939-0.7106,0.70225,,,,,,,,,,,0.6748
2026-04-01 21:09:05,PnLTactics,,"KuCoin Futures, BloFin Futures, ByBit USDT, HyperLiquid Futures, OKX Futures, Bitget Futures, BingX Futures, Binance Futures",XPL/USDT,Stopped Out,Isolated (5.0X),Long,0,1 hr 7 min,-11.0158,100.0,2,0.10961499999999999,2,0.1095-0.1111,0.11030000000000001,,,,,,,,,,,0.1072
2026-04-01 20:57:01,PnLTactics,,"HyperLiquid Futures, BingX Futures, Bitget Futures, ByBit USDT, BloFin Futures, KuCoin Futures, Binance Futures, OKX Futures",XPL/USDT,Stopped Out,Isolated (6.0X),Long,0,1 hr 48 min,-11.6022,100.0,2,0.1086,2,0.1087-0.1101,0.1094,,,,,,,,,,,0.1065
2026-04-01 19:43:42,PnLTactics,,"Bitget Futures, BloFin Futures, BingX Futures, Binance Futures, ByBit USDT, KuCoin Futures, OKX Futures",STABLE/USDT,Stopped Out,Isolated (6.0X),Short,0,1 hr 19 min,-17.8218,100.0,2,0.02626,2,0.02555-0.02628,0.025915,,,,,,,,,,,0.02704
2026-04-01 19:11:37,PnLTactics,,"BloFin Futures, Binance Futures, Bitget Futures, BingX Futures, OKX Futures, ByBit USDT, KuCoin Futures",STABLE/USDT,Stopped Out,Isolated (6.0X),Short,0,2 hr 55 min,-17.7204,100.0,2,0.026478,2,0.02544-0.02647,0.025955,,,,,,,,,,,0.02726
2026-04-01 19:04:39,PnLTactics,,"BloFin Futures, Bitget Futures, Binance Futures, BingX Futures, ByBit USDT, OKX Futures, KuCoin Futures",STABLE/USDT,Stopped Out,Isolated (6.0X),Short,0,3 hr 1 min,-18.7443,100.0,2,0.026376,2,0.02544-0.02641,0.025925,,,,,,,,,,,0.0272
2026-04-01 18:58:43,PnLTactics,,"BloFin Futures, Bitget Futures, Binance Futures, BingX Futures, OKX Futures, ByBit USDT, KuCoin Futures",STABLE/USDT,Stopped Out,Isolated (6.0X),Short,0,2 hr 1 min,-17.893,100.0,2,0.026189,2,0.02577-0.02618,0.025974999999999998,,,,,,,,,,,0.02697
2026-04-01 16:59:46,PnLTactics,,"Binance Futures, KuCoin Futures, BingX Futures, HyperLiquid Futures, OKX Futures, ByBit USDT, Bitget Futures, BloFin Futures",SOL/USDT,Partial Targets Achieved,Isolated (6.0X),Long,1,13 min,5.6586,100.0,2,85.18,2,85.18-86.2,85.69,86.57,,,,,,,,,,85.69
2026-04-01 15:28:49,PnLTactics,,"KuCoin Futures, HyperLiquid Futures, ByBit USDT, BloFin Futures, BingX Futures, OKX Futures, Bitget Futures, Binance Futures",XPL/USDT,Partial Targets Achieved,Isolated (6.0X),Long,1,3 hr 26 min,15.0852,100.0,2,0.10275,2,0.1032-0.1058,0.10450000000000001,0.107,,,,,,,,,,0.10450000000000001
2026-04-01 15:23:35,PnLTactics,,"HyperLiquid Futures, BingX Futures, BloFin Futures, KuCoin Futures, Bitget Futures, Binance Futures, OKX Futures, ByBit USDT",XPL/USDT,Partial Targets Achieved,Isolated (6.0X),Long,2,7 hr 49 min,26.8876,100.0,2,0.102315,2,0.1023-0.1058,0.10405,0.1059,0.1089,,,,,,,,,0.1059
2026-04-01 15:12:54,PnLTactics,,"BingX Futures, OKX Futures, BloFin Futures, KuCoin Futures, ByBit USDT, Binance Futures, HyperLiquid Futures, Bitget Futures",XPL/USDT,Partial Targets Achieved,Isolated (6.0X),Long,2,7 hr 41 min,25.561,100.0,2,0.1025,2,0.1025-0.1039,0.1032,0.1059,0.1088,,,,,,,,,0.1059
2026-04-01 15:07:49,PnLTactics,,"BingX Futures, OKX Futures, BloFin Futures, KuCoin Futures, HyperLiquid Futures, Bitget Futures, ByBit USDT, Binance Futures",XPL/USDT,Partial Targets Achieved,Isolated (6.0X),Long,2,8 hr 5 min,26.8102,100.0,2,0.1022,2,0.1024-0.1039,0.10315,0.1058,0.1087,,,,,,,,,0.1058
2026-04-01 14:59:01,PnLTactics,,"HyperLiquid Futures, OKX Futures, BingX Futures, KuCoin Futures, ByBit USDT, BloFin Futures, Bitget Futures, Binance Futures",XPL/USDT,Partial Targets Achieved,Isolated (6.0X),Long,2,3 hr 54 min,24.2365,100.0,2,0.1015,2,0.1014-0.1021,0.10175000000000001,0.1047,0.1074,,,,,,,,,0.1047
2026-04-01 13:42:08,PnLTactics,,"KuCoin Futures, OKX Futures, ByBit USDT, BingX Futures, BloFin Futures, Bitget Futures, Binance Futures",BLUR/USDT,Stopped Out,Isolated (6.0X),Long,0,21 min,-17.499,100.0,2,0.02503,2,0.02501-0.02505,0.02503,,,,,,,,,,,0.0243
2026-04-01 13:06:34,PnLTactics,,"KuCoin Futures, BloFin Futures, ByBit USDT, BingX Futures, Binance Futures, Bitget Futures",KERNEL/USDT,Partial Targets Achieved,Isolated (6.0X),Long,2,17 min,40.4396,100.0,2,0.10919999999999999,2,0.10919-0.11135,0.11027,0.11492,0.11984,,,,,,,,,0.11492
2026-04-01 12:41:38,PnLTactics,,"KuCoin Futures, ByBit USDT, OKX Futures, BloFin Futures, Binance Futures, BingX Futures, Bitget Futures",BLUR/USDT,Partial Targets Achieved,Isolated (6.0X),Long,1,1 hr 13 min,7.7796,100.0,2,0.02468,2,0.02436-0.025,0.02468,0.02564,,,,,,,,,,0.02468
2026-04-01 12:27:23,PnLTactics,,"BloFin Futures, KuCoin Futures, Bitget Futures, OKX Futures, Binance Futures, ByBit USDT, BingX Futures",ALGO/USDT,Stopped Out,Isolated (6.0X),Long,0,40 min,-7.8212,100.0,2,0.1074,2,0.1083-0.11,0.10915,,,,,,,,,,,0.106
2026-04-01 12:12:56,PnLTactics,,"KuCoin Futures, BloFin Futures, OKX Futures, Binance Futures, BingX Futures, ByBit USDT, Bitget Futures",ALGO/USDT,Stopped Out,Isolated (6.0X),Long,0,1 hr 32 min,-10.4889,100.0,2,0.10697,2,0.1073-0.1091,0.1082,,,,,,,,,,,0.1051
2026-04-01 12:10:33,PnLTactics,,"OKX Futures, KuCoin Futures, ByBit USDT, Binance Futures, BingX Futures, Bitget Futures, BloFin Futures",BLUR/USDT,Partial Targets Achieved,Isolated (6.0X),Long,2,1 hr 6 min,14.4548,50.0,1,0.02366,2,0.0227-0.02374,0.02322,0.02389,0.02491,,,,,,,,,0.02389
2026-04-01 11:44:33,PnLTactics,,"BingX Futures, BloFin Futures, Bitget Futures, KuCoin Futures, Binance Futures, OKX Futures, ByBit USDT",ALGO/USDT,Partial Targets Achieved,Isolated (7.0X),Long,1,1 hr 14 min,14.0401,100.0,2,0.1047,2,0.1046-0.1076,0.1061,0.1082,,,,,,,,,,0.1061
2026-04-01 11:40:49,PnLTactics,,"BingX Futures, BloFin Futures, KuCoin Futures, ByBit USDT, Bitget Futures, Binance Futures",XAUT/USDT,Stopped Out,Isolated (7.0X),Long,0,1 hr 19 min,-4.6516,100.0,2,4725.3,2,4724.6-4727.5,4726.05,,,,,,,,,,,4693.9
2026-04-01 11:34:28,PnLTactics,,"BloFin Futures, Bitget Futures, BingX Futures, Binance Futures, KuCoin Futures, ByBit USDT",XAUT/USDT,Stopped Out,Isolated (7.0X),Long,0,13 hr 45 min,-4.7928,100.0,2,4717.5,2,4715.8-4727.5,4721.65,,,,,,,,,,,4685.2
2026-04-01 11:28:48,PnLTactics,,"KuCoin Futures, BingX Futures, Bitget Futures, Binance Futures, BloFin Futures, ByBit USDT, OKX Futures",ALGO/USDT,Partial Targets Achieved,Isolated (6.0X),Long,1,1 hr 29 min,12.0583,100.0,2,0.10499,2,0.105-0.1078,0.1064,0.1085,,,,,,,,,,0.1064
2026-04-01 11:26:27,PnLTactics,,"BloFin Futures, KuCoin Futures, Bitget Futures, Binance Futures, ByBit USDT, BingX Futures",XAUT/USDT,Stopped Out,Isolated (7.0X),Long,0,13 hr 53 min,-4.5443,100.0,2,4713.6,2,4713.6-4725.9,4719.75,,,,,,,,,,,4683.0
2026-04-01 11:12:40,PnLTactics,,"BloFin Futures, KuCoin Futures, ByBit USDT, Bitget Futures, Binance Futures, OKX Futures, BingX Futures",ALGO/USDT,Partial Targets Achieved,Isolated (7.0X),Long,1,1 hr 54 min,11.9658,100.0,2,0.1053,2,0.1054-0.1068,0.1061,0.1091,,,,,,,,,,0.1061
2026-04-01 11:10:18,PnLTactics,,"BloFin Futures, Bitget Futures, BingX Futures, ByBit USDT, KuCoin Futures, Binance Futures",XAUT/USDT,Partial Targets Achieved,Isolated (7.0X),Long,1,7 hr 26 min,3.2933,100.0,2,4708.049999999999,2,4707.2-4724.4,4715.799999999999,4759.0,,,,,,,,,,4715.799999999999
2026-04-01 11:05:41,PnLTactics,,"KuCoin Futures, BingX Futures, Bitget Futures, BloFin Futures, ByBit USDT, Binance Futures",VVV/USDT,Stopped Out,Isolated (7.0X),Long,0,45 min,-17.2608,100.0,2,7.2795000000000005,2,7.279-7.448,7.3635,,,,,,,,,,,7.1
2026-04-01 10:42:00,PnLTactics,,"KuCoin Futures, OKX Futures, ByBit USDT, BloFin Futures, BingX Futures, Binance Futures, Bitget Futures",BLUR/USDT,Partial Targets Achieved,Isolated (7.0X),Long,2,2 hr 34 min,38.6026,100.0,2,0.02309,2,0.02282-0.02399,0.023405000000000002,0.02402,0.02505,,,,,,,,,0.02402
2026-04-01 10:13:08,PnLTactics,,"HyperLiquid Futures, BloFin Futures, Binance Futures, KuCoin Futures, ByBit USDT, OKX Futures, Bitget Futures, BingX Futures",SEI/USDT,Stopped Out,Isolated (7.0X),Long,0,22 min,-14.394,100.0,2,0.056461,2,0.0564-0.0578,0.0571,,,,,,,,,,,0.0553
2026-04-01 10:11:36,PnLTactics,,"KuCoin Futures, OKX Futures, ByBit USDT, BingX Futures, Binance Futures, Bitget Futures, BloFin Futures",BLUR/USDT,Partial Targets Achieved,Isolated (7.0X),Long,2,3 hr 4 min,38.1178,100.0,2,0.0232,2,0.02292-0.02386,0.02339,0.02412,0.02515,,,,,,,,,0.02412
2026-04-01 09:59:50,PnLTactics,,"OKX Futures, KuCoin Futures, ByBit USDT, BingX Futures, Binance Futures, Bitget Futures, BloFin Futures",BLUR/USDT,Partial Targets Achieved,Isolated (7.0X),Long,2,3 hr 16 min,37.7555,100.0,2,0.02299,2,0.0227-0.02363,0.023165,0.02389,0.02491,,,,,,,,,0.02389
2026-04-01 08:36:21,PnLTactics,,"BloFin Futures, BingX Futures, Binance Futures, Bitget Futures, ByBit USDT, KuCoin Futures, OKX Futures",BLUR/USDT,Partial Targets Achieved,Isolated (7.0X),Long,2,5 hr 27 min,51.2451,100.0,2,0.02222,2,0.02234-0.02342,0.022879999999999998,0.02351,0.02452,,,,,,,,,0.02351
2026-04-01 08:26:43,PnLTactics,,"Binance Futures, Bitget Futures, ByBit USDT",EDGE/USDT,Stopped Out,Isolated (7.0X),Long,0,12 min,-20.4787,100.0,2,0.6768,2,0.6773-0.6962,0.68675,,,,,,,,,,,0.657
2026-04-01 07:51:21,PnLTactics,,"Bitget Futures, Binance Futures, BingX Futures, BloFin Futures, OKX Futures, ByBit USDT, KuCoin Futures",BLUR/USDT,Partial Targets Achieved,Isolated (7.0X),Long,1,2 hr 28 min,26.0092,50.0,1,0.0218,2,0.02177-0.02246,0.022115000000000003,0.02291,,,,,,,,,,0.02246
2026-04-01 06:58:17,PnLTactics,,"HyperLiquid Futures, KuCoin Futures, BloFin Futures, BingX Futures, ByBit USDT, Bitget Futures, Binance Futures, OKX Futures",SOL/USDT,Stopped Out,Isolated (8.0X),Long,0,50 min,-5.2359,100.0,2,84.493,2,84.51-85.42,84.965,,,,,,,,,,,83.94
2026-04-01 06:45:22,PnLTactics,,"HyperLiquid Futures, BingX Futures, KuCoin Futures, ByBit USDT, Binance Futures, Bitget Futures, OKX Futures, BloFin Futures",SOL/USDT,Stopped Out,Isolated (7.0X),Long,0,1 hr 3 min,-5.4004,100.0,2,84.512,2,84.42-85.1,84.75999999999999,,,,,,,,,,,83.86
2026-04-01 06:34:49,PnLTactics,,"KuCoin Futures, HyperLiquid Futures, BloFin Futures, BingX Futures, ByBit USDT, Binance Futures, Bitget Futures, OKX Futures",SOL/USDT,Stopped Out,Isolated (7.0X),Long,0,1 hr 14 min,-4.633,100.0,2,84.459,2,84.45-85.1,84.775,,,,,,,,,,,83.9
2026-04-01 06:28:28,PnLTactics,,"HyperLiquid Futures, KuCoin Futures, Bitget Futures, OKX Futures, BingX Futures, ByBit USDT, BloFin Futures, Binance Futures",SOL/USDT,Stopped Out,Isolated (7.0X),Long,0,1 hr 21 min,-4.6445,100.0,2,84.4,2,84.4-84.98,84.69,,,,,,,,,,,83.84
2026-04-01 06:26:11,PnLTactics,,"KuCoin Futures, BloFin Futures, BingX Futures, Binance Futures, ByBit USDT, HyperLiquid Futures, OKX Futures, Bitget Futures",BTC/USDT,Stopped Out,Isolated (7.0X),Long,0,6 hr 10 min,-4.7547,100.0,2,68834.65,2,68814.4-69054.4,68934.4,,,,,,,,,,,68367.1
2026-04-01 06:11:48,PnLTactics,,"KuCoin Futures, BloFin Futures, OKX Futures, BingX Futures, Binance Futures, HyperLiquid Futures, Bitget Futures, ByBit USDT",ETH/USDT,Stopped Out,Isolated (7.0X),Long,0,6 hr 25 min,-5.2017,100.0,2,2137.685,2,2137.0-2144.4,2140.7,,,,,,,,,,,2121.8
2026-04-01 05:53:09,PnLTactics,,"KuCoin Futures, BingX Futures, BloFin Futures, Bitget Futures, OKX Futures, HyperLiquid Futures, Binance Futures, ByBit USDT",SOL/USDT,Stopped Out,Isolated (7.0X),Long,0,2 hr 17 min,-4.7628,100.0,2,84.1425,2,84.14-84.68,84.41,,,,,,,,,,,83.57
2026-04-01 05:49:56,PnLTactics,,"KuCoin Futures, BingX Futures, OKX Futures, BloFin Futures, ByBit USDT, Binance Futures, Bitget Futures",ALGO/USDT,Stopped Out,Isolated (6.0X),Long,0,1 hr 27 min,-12.6159,100.0,2,0.102965,2,0.1029-0.1056,0.10425000000000001,,,,,,,,,,,0.1008
2026-04-01 05:25:43,PnLTactics,,"KuCoin Futures, HyperLiquid Futures, BingX Futures, BloFin Futures, ByBit USDT, Binance Futures, OKX Futures, Bitget Futures",BTC/USDT,Partial Targets Achieved,Isolated (7.0X),Long,1,2 hr 41 min,2.2058,100.0,2,68594.25,2,68489.3-68699.2,68594.25,69242.7,,,,,,,,,,68594.25
2026-04-01 04:57:33,PnLTactics,,"KuCoin Futures, BloFin Futures, HyperLiquid Futures, BingX Futures, ByBit USDT, OKX Futures, Bitget Futures, Binance Futures",SOL/USDT,Partial Targets Achieved,Isolated (6.0X),Long,1,3 hr 9 min,2.8206,100.0,2,83.6335,2,83.59-83.98,83.785,84.51,,,,,,,,,,83.785
2026-04-01 04:33:55,PnLTactics,,"KuCoin Futures, BingX Futures, Binance Futures, OKX Futures, BloFin Futures, ByBit USDT, Bitget Futures",ALGO/USDT,Partial Targets Achieved,Isolated (6.0X),Long,1,2 hr 14 min,9.7295,100.0,2,0.10092999999999999,2,0.1008-0.1029,0.10185,0.104,,,,,,,,,,0.10185
2026-04-01 04:14:39,PnLTactics,,"KuCoin Futures, BingX Futures, BloFin Futures, Bitget Futures, OKX Futures, HyperLiquid Futures, Binance Futures, ByBit USDT",SOL/USDT,Partial Targets Achieved,Isolated (6.0X),Long,1,3 hr 55 min,3.4556,100.0,2,83.3135,2,83.3-83.84,83.57,84.24,,,,,,,,,,83.57
2026-04-01 03:57:30,PnLTactics,,"KuCoin Futures, BingX Futures, ByBit USDT, BloFin Futures, Bitget Futures, Binance Futures, OKX Futures, HyperLiquid Futures",SOL/USDT,Partial Targets Achieved,Isolated (6.0X),Long,1,4 hr 13 min,2.9569,100.0,2,83.399,2,83.38-83.72,83.55,84.33,,,,,,,,,,83.55
2026-04-01 03:51:36,PnLTactics,,"KuCoin Futures, HyperLiquid Futures, Bitget Futures, BingX Futures, Binance Futures, OKX Futures, ByBit USDT, BloFin Futures",SOL/USDT,Partial Targets Achieved,Isolated (6.0X),Long,1,4 hr 19 min,3.1933,100.0,2,83.3,2,83.28-83.72,83.5,84.23,,,,,,,,,,83.5
2026-04-01 00:58:32,PnLTactics,,"KuCoin Futures, HyperLiquid Futures, BingX Futures, ByBit USDT, Bitget Futures, Binance Futures, BloFin Futures, OKX Futures",SOL/USDT,Stopped Out,Isolated (6.0X),Long,0,1 hr 13 min,-4.8439,100.0,2,83.363,2,83.3-83.52,83.41,,,,,,,,,,,82.69
2026-04-01 00:55:26,PnLTactics,,"BloFin Futures, KuCoin Futures, Binance Futures, HyperLiquid Futures, Bitget Futures, BingX Futures, ByBit USDT, OKX Futures",BNB/USDT,Stopped Out,Isolated (6.0X),Long,0,1 hr 30 min,-3.9613,100.0,2,619.49,2,619.5-620.2,619.85,,,,,,,,,,,615.4
2026-03-31 23:57:47,PnLTactics,,"BloFin Futures, KuCoin Futures, Binance Futures, Bitget Futures, ByBit USDT, BingX Futures",XAUT/USDT,Partial Targets Achieved,Isolated (6.0X),Long,1,1 day 1 hr,2.2779,100.0,2,4670.9,2,4669.7-4675.2,4672.45,4721.0,,,,,,,,,,4672.45
2026-03-31 22:40:34,PnLTactics,,"BloFin Futures, Bitget Futures, BingX Futures, Binance Futures, ByBit USDT, KuCoin Futures, OKX Futures",BEAT/USDT,Partial Targets Achieved,Isolated (7.0X),Short,1,3 hr 46 min,12.9727,100.0,2,0.46495,2,0.4574-0.465,0.4612,0.4466,,,,,,,,,,0.4612
2026-03-31 21:56:17,PnLTactics,,"BloFin Futures, BingX Futures, Bitget Futures, ByBit USDT, KuCoin Futures, Binance Futures, OKX Futures",BEAT/USDT,Partial Targets Achieved,Isolated (7.0X),Short,1,4 hr 30 min,14.244,100.0,2,0.4685,2,0.4587-0.4687,0.4637,0.4495,,,,,,,,,,0.4637
2026-03-31 21:28:17,PnLTactics,,"BloFin Futures, Bitget Futures, BingX Futures, Binance Futures, KuCoin Futures, ByBit USDT, OKX Futures",BEAT/USDT,Partial Targets Achieved,Isolated (7.0X),Short,1,4 hr 58 min,18.1215,100.0,2,0.4674,2,0.4515-0.4671,0.45930000000000004,0.4473,,,,,,,,,,0.45930000000000004
2026-03-31 21:22:20,PnLTactics,,"BloFin Futures, ByBit USDT, BingX Futures, Binance Futures, KuCoin Futures, OKX Futures, Bitget Futures",BEAT/USDT,Partial Targets Achieved,Isolated (7.0X),Short,1,5 hr 4 min,16.0616,100.0,2,0.46414999999999995,2,0.4515-0.4644,0.45794999999999997,0.4446,,,,,,,,,,0.45794999999999997
2026-03-31 21:11:21,PnLTactics,,"BloFin Futures, Bitget Futures, Binance Futures, BingX Futures, ByBit USDT, KuCoin Futures, OKX Futures",BEAT/USDT,Partial Targets Achieved,Isolated (7.0X),Short,1,5 hr 15 min,14.7426,100.0,2,0.4669,2,0.4568-0.4668,0.4618,0.4476,,,,,,,,,,0.4618
2026-03-31 21:06:18,PnLTactics,,"Bitget Futures, BloFin Futures, Binance Futures, KuCoin Futures, BingX Futures, ByBit USDT, OKX Futures",BEAT/USDT,Partial Targets Achieved,Isolated (7.0X),Short,1,5 hr 20 min,15.8988,100.0,2,0.46861,2,0.4568-0.4681,0.46245,0.449,,,,,,,,,,0.46245
2026-03-31 20:55:13,PnLTactics,,"BloFin Futures, KuCoin Futures, BingX Futures, Binance Futures, Bitget Futures, ByBit USDT, OKX Futures",BEAT/USDT,Partial Targets Achieved,Isolated (7.0X),Short,1,5 hr 31 min,14.7856,100.0,2,0.4687,2,0.4593-0.4682,0.46375,0.4489,,,,,,,,,,0.46375
2026-03-31 20:43:06,PnLTactics,,"BloFin Futures, OKX Futures, Binance Futures, Bitget Futures, BingX Futures, KuCoin Futures, ByBit USDT",SKY/USDT,Stopped Out,Isolated (7.0X),Long,0,2 hr 9 min,-6.8177,100.0,2,0.075465,2,0.07546-0.07644,0.07594999999999999,,,,,,,,,,,0.07473
2026-03-31 20:41:24,PnLTactics,,"BloFin Futures, BingX Futures, OKX Futures, Binance Futures, ByBit USDT, KuCoin Futures, Bitget Futures",BEAT/USDT,Partial Targets Achieved,Isolated (7.0X),Short,1,5 hr 45 min,14.3941,100.0,2,0.47009999999999996,2,0.4609-0.4702,0.46555,0.4502,,,,,,,,,,0.46555
2026-03-31 20:29:47,PnLTactics,,"Binance Futures, BingX Futures, Bitget Futures, OKX Futures, BloFin Futures, ByBit USDT, KuCoin Futures",BEAT/USDT,Partial Targets Achieved,Isolated (7.0X),Short,1,5 hr 57 min,15.7962,100.0,2,0.47195,2,0.4605-0.472,0.46625,0.4514,,,,,,,,,,0.46625
2026-03-31 20:28:08,PnLTactics,,"KuCoin Futures, ByBit USDT, OKX Futures, BingX Futures, BloFin Futures, Binance Futures, Bitget Futures",SKY/USDT,Stopped Out,Isolated (7.0X),Long,0,3 hr 7 min,-7.7891,100.0,2,0.07549,2,0.07539-0.0765,0.075945,,,,,,,,,,,0.07465
2026-03-31 20:12:53,PnLTactics,,"BloFin Futures, OKX Futures, BingX Futures, Bitget Futures, Binance Futures, ByBit USDT, KuCoin Futures",BEAT/USDT,Partial Targets Achieved,Isolated (7.0X),Short,1,6 hr 13 min,15.1926,100.0,2,0.4715,2,0.4619-0.4715,0.4667,0.4504,,,,,,,,,,0.4667
2026-03-31 19:45:08,PnLTactics,,"BloFin Futures, ByBit USDT, BingX Futures, OKX Futures, KuCoin Futures, Bitget Futures, Binance Futures",BEAT/USDT,Partial Targets Achieved,Isolated (7.0X),Short,1,6 hr 42 min,15.1136,100.0,2,0.47165,2,0.4631-0.472,0.46755,0.4493,,,,,,,,,,0.46755
2026-03-31 19:39:13,PnLTactics,,"BingX Futures, BloFin Futures, ByBit USDT, Binance Futures, OKX Futures, KuCoin Futures, Bitget Futures",BEAT/USDT,Partial Targets Achieved,Isolated (7.0X),Short,1,6 hr 47 min,16.0817,100.0,2,0.473,2,0.4631-0.473,0.46804999999999997,0.4503,,,,,,,,,,0.46804999999999997
2026-03-31 19:13:48,PnLTactics,,"KuCoin Futures, OKX Futures, ByBit USDT, BingX Futures, Bitget Futures, BloFin Futures, Binance Futures",SKY/USDT,Stopped Out,Isolated (7.0X),Long,0,4 hr 25 min,-9.1343,100.0,2,0.075485,2,0.07539-0.07622,0.075805,,,,,,,,,,,0.0745
2026-03-31 18:45:01,PnLTactics,,"BingX Futures, ByBit USDT, BloFin Futures, OKX Futures, Binance Futures, Bitget Futures, KuCoin Futures",SKY/USDT,Stopped Out,Isolated (7.0X),Long,0,4 hr 35 min,-8.0598,100.0,2,0.07556,2,0.07555-0.07637,0.07596,,,,,,,,,,,0.07469
2026-03-31 18:39:54,PnLTactics,,"KuCoin Futures, ByBit USDT, BingX Futures, OKX Futures, BloFin Futures, Binance Futures, Bitget Futures",SKY/USDT,Stopped Out,Isolated (7.0X),Long,0,4 hr 59 min,-9.5333,100.0,2,0.07563,2,0.07546-0.07637,0.075915,,,,,,,,,,,0.0746
2026-03-31 18:29:13,PnLTactics,,"KuCoin Futures, OKX Futures, ByBit USDT, BloFin Futures, BingX Futures, Bitget Futures, Binance Futures",SKY/USDT,Stopped Out,Isolated (7.0X),Long,0,5 hr 10 min,-10.004,100.0,2,0.07557,2,0.07536-0.07642,0.07589,,,,,,,,,,,0.07449
2026-03-31 17:13:05,PnLTactics,,"KuCoin Futures, BingX Futures, OKX Futures, ByBit USDT, Binance Futures, Bitget Futures, BloFin Futures, HyperLiquid Futures",BTC/USDT,Partial Targets Achieved,Isolated (7.0X),Long,1,19 hr 54 min,4.1907,100.0,2,68059.05,2,68014.0-68287.3,68150.65,69098.2,,,,,,,,,,68150.65
2026-03-31 17:01:24,PnLTactics,,"KuCoin Futures, Bitget Futures, BloFin Futures, Binance Futures, ByBit USDT, BingX Futures, OKX Futures",ZBT/USDT,Stopped Out,Isolated (7.0X),Long,0,2 hr 1 min,-21.7164,100.0,2,0.09928000000000001,2,0.0992-0.1009,0.10005,,,,,,,,,,,0.0962
2026-03-31 16:56:04,PnLTactics,,"ByBit USDT, BingX Futures, BloFin Futures, KuCoin Futures, Bitget Futures, OKX Futures, Binance Futures",ZBT/USDT,Stopped Out,Isolated (7.0X),Long,0,2 hr 6 min,-22.0339,100.0,2,0.09912,2,0.099-0.1009,0.09995000000000001,,,,,,,,,,,0.096
2026-03-31 16:50:22,PnLTactics,,"Bitget Futures, KuCoin Futures, BingX Futures, OKX Futures, BloFin Futures, ByBit USDT, Binance Futures",ZBT/USDT,Stopped Out,Isolated (7.0X),Long,0,2 hr 12 min,-22.8434,100.0,2,0.098825,2,0.0986-0.1009,0.09975,,,,,,,,,,,0.0956
2026-03-31 16:41:43,PnLTactics,,"HyperLiquid Futures, ByBit USDT, BingX Futures, OKX Futures, Bitget Futures, Binance Futures, BloFin Futures, KuCoin Futures",ETH/USDT,Partial Targets Achieved,Isolated (7.0X),Long,1,1 day 8 hr,5.2598,100.0,2,2098.3,2,2093.2-2103.4,2098.3,2145.6,,,,,,,,,,2098.3
2026-03-31 15:14:19,PnLTactics,,"ByBit USDT, KuCoin Futures, BloFin Futures, BingX Futures, Binance Futures, Bitget Futures",KERNEL/USDT,Partial Targets Achieved,Isolated (6.0X),Long,2,23 min,37.6568,100.0,2,0.107205,2,0.10673-0.10893,0.10783000000000001,0.11233,0.11714,,,,,,,,,0.11233
2026-03-31 14:55:50,PnLTactics,,"BloFin Futures, Binance Futures, BingX Futures, Bitget Futures, ByBit USDT, KuCoin Futures",KERNEL/USDT,All Targets Achieved,Isolated (6.0X),Long,3,2 hr 12 min,41.3035,100.0,2,0.10372,2,0.10385-0.10531,0.10458,0.1093,0.11398,,,,,,,,,0.1093
2026-03-31 14:50:26,PnLTactics,,"BloFin Futures, BingX Futures, Binance Futures, Bitget Futures, KuCoin Futures, ByBit USDT",KERNEL/USDT,All Targets Achieved,Isolated (6.0X),Long,3,1 hr 18 min,59.6088,100.0,2,0.10277,2,0.10271-0.10531,0.10400999999999999,0.1081,0.11272,0.11812,,,,,,,,
2026-03-31 14:23:26,PnLTactics,,"BloFin Futures, BingX Futures, Binance Futures, Bitget Futures, KuCoin Futures, ByBit USDT",KERNEL/USDT,All Targets Achieved,Isolated (5.0X),Long,3,1 hr 1 min,51.9413,100.0,2,0.09976,2,0.10011-0.10504,0.102575,0.10537,0.10987,0.11513,,,,,,,,
2026-03-31 14:19:10,PnLTactics,,"KuCoin Futures, ByBit USDT, HyperLiquid Futures, Binance Futures, BingX Futures, Bitget Futures, BloFin Futures, OKX Futures",ETH/USDT,Stopped Out,Isolated (5.0X),Long,0,18 min,-4.2967,100.0,2,2089.96,2,2089.4-2105.9,2097.65,,,,,,,,,,,2072.0
2026-03-31 13:25:51,PnLTactics,,"BloFin Futures, BingX Futures, Binance Futures, Bitget Futures, ByBit USDT, KuCoin Futures",KERNEL/USDT,All Targets Achieved,Isolated (10.0X),Long,3,1 hr 58 min,102.6702,100.0,2,0.09912,2,0.09936-0.10218,0.10077,0.10458,0.10905,0.11426,,,,,,,,
2026-03-31 13:19:04,PnLTactics,,"BloFin Futures, BingX Futures, Binance Futures, Bitget Futures, ByBit USDT, KuCoin Futures",KERNEL/USDT,All Targets Achieved,Isolated (10.0X),Long,3,2 hr 5 min,99.7031,100.0,2,0.099345,2,0.09932-0.10218,0.10075,0.10453,0.109,0.11422,,,,,,,,
2026-03-31 13:13:32,PnLTactics,,"BloFin Futures, BingX Futures, Binance Futures, Bitget Futures, KuCoin Futures, ByBit USDT",KERNEL/USDT,All Targets Achieved,Isolated (10.0X),Long,3,2 hr 9 min,100.5706,100.0,2,0.09698,2,0.09703-0.10043,0.09873000000000001,0.10212,0.10649,0.11159,,,,,,,,
2026-03-31 12:54:25,PnLTactics,,"BloFin Futures, ByBit USDT, KuCoin Futures, Binance Futures, BingX Futures, Bitget Futures",KERNEL/USDT,All Targets Achieved,Isolated (10.0X),Long,3,2 hr 28 min,99.9966,100.0,2,0.09667,2,0.09667-0.10055,0.09861,0.10175,0.10609,0.11117,,,,,,,,
2026-03-31 12:41:26,PnLTactics,,"BloFin Futures, Binance Futures, BingX Futures, Bitget Futures, ByBit USDT, KuCoin Futures",KERNEL/USDT,All Targets Achieved,Isolated (5.0X),Long,3,2 hr 41 min,49.4471,100.0,2,0.095405,2,0.09531-0.0998,0.097555,0.10031,0.1046,0.10961,,,,,,,,
2026-03-31 11:59:33,PnLTactics,,"BloFin Futures, BingX Futures, Binance Futures, Bitget Futures, KuCoin Futures, ByBit USDT",KERNEL/USDT,All Targets Achieved,Isolated (10.0X),Long,3,3 hr 23 min,99.5486,100.0,2,0.096,2,0.09596-0.09802,0.09698999999999999,0.101,0.10532,0.11035,,,,,,,,
2026-03-31 11:54:13,PnLTactics,,"BloFin Futures, BingX Futures, Binance Futures, Bitget Futures, KuCoin Futures, ByBit USDT",KERNEL/USDT,All Targets Achieved,Isolated (10.0X),Long,3,3 hr 28 min,98.9339,100.0,2,0.09598999999999999,2,0.0959-0.09802,0.09695999999999999,0.10093,0.10525,0.11028,,,,,,,,
2026-03-31 11:41:45,PnLTactics,,"BloFin Futures, Bitget Futures, BingX Futures, Binance Futures, KuCoin Futures, ByBit USDT",KERNEL/USDT,All Targets Achieved,Isolated (10.0X),Long,3,3 hr 41 min,101.7443,100.0,2,0.09383,2,0.09398-0.09885,0.096415,0.09891,0.10314,0.10808,,,,,,,,
2026-03-31 09:41:03,PnLTactics,,"KuCoin Futures, BloFin Futures, ByBit USDT, BingX Futures, Binance Futures, Bitget Futures",KERNEL/USDT,Stopped Out,Isolated (10.0X),Long,0,18 min,-32.7834,100.0,2,0.09517,2,0.0949-0.09962,0.09726,,,,,,,,,,,0.09205
2026-03-31 01:38:30,PnLTactics,,"KuCoin Futures, OKX Futures, BingX Futures, ByBit USDT, Bitget Futures, Binance Futures, HyperLiquid Futures, BloFin Futures",BTC/USDT,Stopped Out,Isolated (6.0X),Long,0,1 hr 59 min,-3.8045,100.0,2,68177.0,2,68187.9-68269.6,68228.75,,,,,,,,,,,67744.7
2026-03-31 00:35:37,PnLTactics,,"KuCoin Futures, BloFin Futures, Binance Futures, BingX Futures",ON/USDT,Stopped Out,Isolated (5.0X),Short,0,33 min,-12.0951,100.0,2,0.09632,2,0.0952-0.09606,0.09563,,,,,,,,,,,0.09865
2026-03-31 00:24:52,PnLTactics,,"KuCoin Futures, Binance Futures, BingX Futures, BloFin Futures",ON/USDT,Stopped Out,Isolated (5.0X),Short,0,47 min,-14.4181,100.0,2,0.09709999999999999,2,0.09509-0.09737,0.09623,,,,,,,,,,,0.0999
2026-03-31 00:15:41,PnLTactics,,"KuCoin Futures, BloFin Futures, BingX Futures, Binance Futures",ON/USDT,Stopped Out,Isolated (5.0X),Short,0,54 min,-12.3489,100.0,2,0.09677,2,0.09578-0.09654,0.09616,,,,,,,,,,,0.09916
2026-03-31 00:10:38,PnLTactics,,"KuCoin Futures, BloFin Futures, Binance Futures, BingX Futures",ON/USDT,Stopped Out,Isolated (5.0X),Short,0,59 min,-14.4823,100.0,2,0.09667,2,0.09578-0.0969,0.09634000000000001,,,,,,,,,,,0.09947
2026-03-31 00:05:21,PnLTactics,,"KuCoin Futures, BloFin Futures, BingX Futures, Binance Futures",ON/USDT,Stopped Out,Isolated (5.0X),Short,0,1 hr 4 min,-12.9226,100.0,2,0.09673,2,0.09578-0.09666,0.09622,,,,,,,,,,,0.09923
2026-03-30 23:57:03,PnLTactics,,"KuCoin Futures, Binance Futures, BingX Futures, BloFin Futures",ON/USDT,Stopped Out,Isolated (5.0X),Short,0,1 hr 15 min,-13.6275,100.0,2,0.09723,2,0.09566-0.09727,0.096465,,,,,,,,,,,0.09988
2026-03-30 23:43:38,PnLTactics,,"BloFin Futures, BingX Futures, Binance Futures, KuCoin Futures",ON/USDT,Stopped Out,Isolated (5.0X),Short,0,1 hr 26 min,-10.7248,100.0,2,0.09837,2,0.09534-0.09786,0.09659999999999999,,,,,,,,,,,0.10048
2026-03-30 23:38:13,PnLTactics,,"Binance Futures, BingX Futures, KuCoin Futures, BloFin Futures",ON/USDT,Stopped Out,Isolated (5.0X),Short,0,1 hr 32 min,-13.3569,100.0,2,0.09751499999999999,2,0.09534-0.09752,0.09642999999999999,,,,,,,,,,,0.10012
2026-03-30 23:26:36,PnLTactics,,"BingX Futures, Binance Futures, KuCoin Futures, BloFin Futures",ON/USDT,Stopped Out,Isolated (5.0X),Short,0,1 hr 43 min,-13.4525,100.0,2,0.09738,2,0.09573-0.09732,0.096525,,,,,,,,,,,0.1
2026-03-30 23:21:21,PnLTactics,,"KuCoin Futures, BloFin Futures, Binance Futures, BingX Futures",ON/USDT,Stopped Out,Isolated (5.0X),Short,0,1 hr 54 min,-15.5738,100.0,2,0.09759999999999999,2,0.09573-0.09804,0.096885,,,,,,,,,,,0.10064
2026-03-30 23:11:10,PnLTactics,,"Binance Futures, BingX Futures, KuCoin Futures, BloFin Futures",ON/USDT,Stopped Out,Isolated (5.0X),Short,0,1 hr 59 min,-9.1504,100.0,2,0.09781,2,0.09593-0.09696,0.096445,,,,,,,,,,,0.0996
2026-03-30 23:08:56,PnLTactics,,"BloFin Futures, Binance Futures, BingX Futures, KuCoin Futures",ON/USDT,Stopped Out,Isolated (5.0X),Short,0,2 hr 1 min,-14.9483,100.0,2,0.09767,2,0.09593-0.098,0.096965,,,,,,,,,,,0.10059
2026-03-30 23:08:56,PnLTactics,,"BloFin Futures, Binance Futures, BingX Futures, KuCoin Futures",ON/USDT,Stopped Out,Isolated (5.0X),Short,0,2 hr 1 min,-15.0538,100.0,2,0.09765,2,0.09593-0.098,0.096965,,,,,,,,,,,0.10059
2026-03-30 22:59:21,PnLTactics,,Binance Futures,PLAY/USDT,Stopped Out,Isolated (5.0X),Short,0,20 min,-14.2016,100.0,2,0.052635,2,0.05255-0.05267,0.052610000000000004,,,,,,,,,,,0.05413
2026-03-30 21:07:46,PnLTactics,,"BloFin Futures, KuCoin Futures, Binance Futures, ByBit USDT, Bitget Futures",NOM/USDT,Stopped Out,Isolated (6.0X),Long,0,1 hr 12 min,-17.7948,100.0,2,0.0035234999999999997,2,0.003522-0.003525,0.0035234999999999997,,,,,,,,,,,0.003419
2026-03-30 19:44:43,PnLTactics,,"KuCoin Futures, BloFin Futures, HyperLiquid Futures, BingX Futures, Binance Futures, OKX Futures, ByBit USDT, Bitget Futures",LTC/USDT,Stopped Out,Isolated (6.0X),Short,0,1 hr 28 min,-3.4976,100.0,2,53.18,2,52.68-53.14,52.91,,,,,,,,,,,53.49
2026-03-30 19:14:12,PnLTactics,,"Bitget Futures, BloFin Futures, KuCoin Futures, BingX Futures, OKX Futures, HyperLiquid Futures, Binance Futures, ByBit USDT",LTC/USDT,Stopped Out,Isolated (6.0X),Short,0,2 hr 9 min,-3.6077,100.0,2,53.22,2,53.0-53.19,53.095,,,,,,,,,,,53.54
2026-03-30 19:12:20,PnLTactics,,"KuCoin Futures, BloFin Futures, BingX Futures, ByBit USDT, Binance Futures, Bitget Futures",VVV/USDT,Stopped Out,Isolated (6.0X),Short,0,5 hr 26 min,-12.6275,100.0,2,6.177,2,6.035-6.17,6.1025,,,,,,,,,,,6.307
2026-03-30 19:08:47,PnLTactics,,"OKX Futures, HyperLiquid Futures, Bitget Futures, BloFin Futures, BingX Futures, KuCoin Futures, Binance Futures, ByBit USDT",LTC/USDT,Stopped Out,Isolated (6.0X),Short,0,2 hr 55 min,-3.8317,100.0,2,53.24,2,53.0-53.23,53.114999999999995,,,,,,,,,,,53.58
2026-03-30 18:57:51,PnLTactics,,"HyperLiquid Futures, Binance Futures, BloFin Futures, BingX Futures, OKX Futures, ByBit USDT, Bitget Futures, KuCoin Futures",LTC/USDT,Stopped Out,Isolated (6.0X),Short,0,6 hr 25 min,-3.9959,100.0,2,53.305,2,53.16-53.31,53.235,,,,,,,,,,,53.66
2026-03-30 18:52:16,PnLTactics,,"HyperLiquid Futures, Binance Futures, BingX Futures, BloFin Futures, OKX Futures, ByBit USDT, Bitget Futures, KuCoin Futures",LTC/USDT,Stopped Out,Isolated (6.0X),Short,0,6 hr 31 min,-4.008,100.0,2,53.294,2,53.16-53.3,53.23,,,,,,,,,,,53.65
2026-03-30 18:43:35,PnLTactics,,"HyperLiquid Futures, Bitget Futures, OKX Futures, BingX Futures, Binance Futures, ByBit USDT, KuCoin Futures, BloFin Futures",LTC/USDT,Stopped Out,Isolated (6.0X),Short,0,6 hr 40 min,-3.965,100.0,2,53.417,2,53.2-53.42,53.31,,,,,,,,,,,53.77
2026-03-30 18:27:01,PnLTactics,,"OKX Futures, HyperLiquid Futures, BingX Futures, Bitget Futures, Binance Futures, ByBit USDT, KuCoin Futures, BloFin Futures",LTC/USDT,Stopped Out,Isolated (6.0X),Short,0,6 hr 57 min,-3.9304,100.0,2,53.43,2,53.24-53.43,53.335,,,,,,,,,,,53.78
2026-03-30 13:22:43,PnLTactics,,"KuCoin Futures, OKX Futures, BingX Futures, BloFin Futures, HyperLiquid Futures, ByBit USDT, Bitget Futures, Binance Futures",BTC/USDT,Stopped Out,Isolated (7.0X),Long,0,27 min,-4.6455,100.0,2,68079.4,2,68070.1-68134.6,68102.35,,,,,,,,,,,67627.6
2026-03-30 13:14:38,PnLTactics,,"KuCoin Futures, BingX Futures, BloFin Futures, Bitget Futures, ByBit USDT, OKX Futures, HyperLiquid Futures, Binance Futures",BTC/USDT,Stopped Out,Isolated (7.0X),Long,0,44 min,-4.6681,100.0,2,67914.1,2,67902.6-68127.1,68014.85,,,,,,,,,,,67461.2
2026-03-30 13:08:54,PnLTactics,,"HyperLiquid Futures, KuCoin Futures, OKX Futures, BloFin Futures, Bitget Futures, ByBit USDT, BingX Futures, Binance Futures",BTC/USDT,Stopped Out,Isolated (7.0X),Long,0,1 hr 10 min,-4.6147,100.0,2,67834.7,2,67828.4-68127.1,67977.75,,,,,,,,,,,67387.5
2026-03-30 12:12:35,PnLTactics,,"KuCoin Futures, HyperLiquid Futures, Binance Futures, BingX Futures, OKX Futures, BloFin Futures, ByBit USDT, Bitget Futures",ETH/USDT,Stopped Out,Isolated (7.0X),Long,0,1 hr 44 min,-4.5978,100.0,2,2075.13,2,2075.1-2091.4,2083.25,,,,,,,,,,,2061.5
2026-03-30 12:08:30,PnLTactics,,"KuCoin Futures, HyperLiquid Futures, Binance Futures, Bitget Futures, BingX Futures, OKX Futures, BloFin Futures, ByBit USDT",BTC/USDT,Stopped Out,Isolated (7.0X),Long,0,2 hr 19 min,-4.6913,100.0,2,67795.35,2,67781.6-68039.5,67910.55,,,,,,,,,,,67341.0
2026-03-30 11:21:43,PnLTactics,,"KuCoin Futures, Binance Futures",D/USDT,Partial Targets Achieved,Isolated (7.0X),Long,1,1 hr 52 min,19.1308,100.0,2,0.00744,2,0.00744-0.00766,0.00755,0.00783,,,,,,,,,,0.00755
2026-03-30 10:59:24,PnLTactics,,"KuCoin Futures, Binance Futures",D/USDT,Partial Targets Achieved,Isolated (7.0X),Long,2,2 hr 7 min,46.8579,100.0,2,0.00732,2,0.00732-0.00764,0.0074800000000000005,0.0077,0.00803,,,,,,,,,0.0077
2026-03-30 09:11:54,PnLTactics,,"KuCoin Futures, BingX Futures, ByBit USDT, Binance Futures, HyperLiquid Futures, Bitget Futures, OKX Futures, BloFin Futures",XRP/USDT,Stopped Out,Isolated (6.0X),Long,0,47 min,-3.9403,100.0,2,1.359025,2,1.3589-1.3692,1.36405,,,,,,,,,,,1.3501
2026-03-30 08:59:15,PnLTactics,,"KuCoin Futures, BingX Futures, ByBit USDT, BloFin Futures, Binance Futures, HyperLiquid Futures, OKX Futures, Bitget Futures",SOL/USDT,Stopped Out,Isolated (6.0X),Long,0,1 hr 38 min,-4.5761,100.0,2,84.50450000000001,2,84.48-85.32,84.9,,,,,,,,,,,83.86
2026-03-30 08:55:17,PnLTactics,,"BloFin Futures, Binance Futures, BingX Futures, KuCoin Futures, HyperLiquid Futures, Bitget Futures, ByBit USDT, OKX Futures",BNB/USDT,Stopped Out,Isolated (6.0X),Long,0,5 hr 24 min,-3.8775,100.0,2,620.51,2,620.5-623.2,621.85,,,,,,,,,,,616.5
2026-03-30 08:52:57,PnLTactics,,"KuCoin Futures, HyperLiquid Futures, BingX Futures, OKX Futures, Binance Futures, Bitget Futures, ByBit USDT, BloFin Futures",AAVE/USDT,Stopped Out,Isolated (6.0X),Long,0,11 min,-4.7425,100.0,2,99.315,2,99.28-99.91,99.595,,,,,,,,,,,98.53
2026-03-30 08:49:32,PnLTactics,,"BloFin Futures, BingX Futures, KuCoin Futures, HyperLiquid Futures, Binance Futures, OKX Futures, Bitget Futures, ByBit USDT",BNB/USDT,Stopped Out,Isolated (6.0X),Long,0,5 hr 30 min,-3.9338,100.0,2,620.77,2,620.7-623.2,621.95,,,,,,,,,,,616.7
2026-03-30 08:15:16,PnLTactics,,"KuCoin Futures, HyperLiquid Futures, BingX Futures, ByBit USDT, BloFin Futures, Bitget Futures, Binance Futures, OKX Futures",XRP/USDT,Stopped Out,Isolated (6.0X),Long,0,1 hr 30 min,-4.2806,100.0,2,1.36242,2,1.3616-1.3641,1.36285,,,,,,,,,,,1.3527
2026-03-30 08:13:35,PnLTactics,,"BingX Futures, KuCoin Futures, HyperLiquid Futures, ByBit USDT, Bitget Futures, BloFin Futures, OKX Futures, Binance Futures",ETH/USDT,Partial Targets Achieved,Isolated (6.0X),Long,1,5 hr 28 min,3.8996,100.0,2,2059.9449999999997,2,2059.9-2075.6,2067.75,2084.5,,,,,,,,,,2067.75
2026-03-30 08:09:40,PnLTactics,,"KuCoin Futures, HyperLiquid Futures, Binance Futures, BingX Futures, BloFin Futures, OKX Futures, Bitget Futures, ByBit USDT",BTC/USDT,Stopped Out,Isolated (6.0X),Long,0,6 hr 19 min,-4.0166,100.0,2,67721.55,2,67708.3-67937.0,67822.65,,,,,,,,,,,67268.2
2026-03-30 07:59:17,PnLTactics,,"KuCoin Futures, BingX Futures, ByBit USDT, BloFin Futures, Bitget Futures, OKX Futures, Binance Futures, HyperLiquid Futures",SOL/USDT,Partial Targets Achieved,Isolated (6.0X),Long,1,1 hr 35 min,3.0343,100.0,2,83.972,2,83.99-84.2,84.095,85.0,,,,,,,,,,84.095
2026-03-30 07:57:19,PnLTactics,,"KuCoin Futures, OKX Futures, BingX Futures, HyperLiquid Futures, Binance Futures, Bitget Futures, ByBit USDT, BloFin Futures",XRP/USDT,Stopped Out,Isolated (6.0X),Long,0,2 hr 3 min,-4.0585,100.0,2,1.357885,2,1.3575-1.3602,1.35885,,,,,,,,,,,1.3487
2026-03-30 07:55:23,PnLTactics,,"KuCoin Futures, OKX Futures, BingX Futures, ByBit USDT, Binance Futures, HyperLiquid Futures, BloFin Futures, Bitget Futures",BTC/USDT,Stopped Out,Isolated (6.0X),Long,0,6 hr 50 min,-3.9913,100.0,2,67527.6,2,67517.3-67728.9,67623.1,,,,,,,,,,,67078.4
2026-03-30 07:53:48,PnLTactics,,"KuCoin Futures, BingX Futures, BloFin Futures, Bitget Futures, OKX Futures, HyperLiquid Futures, ByBit USDT, Binance Futures",ETH/USDT,Partial Targets Achieved,Isolated (6.0X),Long,1,6 hr 4 min,2.5239,100.0,2,2060.3,2,2060.3-2061.5,2060.9,2085.1,,,,,,,,,,2060.9
2026-03-30 07:52:05,PnLTactics,,"KuCoin Futures, ByBit USDT, Binance Futures, BingX Futures, OKX Futures, HyperLiquid Futures, Bitget Futures, BloFin Futures",XRP/USDT,Stopped Out,Isolated (6.0X),Long,0,2 hr 8 min,-4.0006,100.0,2,1.3580549999999998,2,1.3578-1.3602,1.359,,,,,,,,,,,1.349
2026-03-30 07:50:25,PnLTactics,,"BingX Futures, OKX Futures, Bitget Futures, BloFin Futures, KuCoin Futures, ByBit USDT, Binance Futures, HyperLiquid Futures",SOL/USDT,Partial Targets Achieved,Isolated (6.0X),Long,1,6 hr 5 min,3.0051,100.0,2,83.923,2,83.93-84.2,84.065,84.9,,,,,,,,,,84.065
2026-03-30 07:48:14,PnLTactics,,"KuCoin Futures, HyperLiquid Futures, ByBit USDT, BingX Futures, BloFin Futures, Bitget Futures, OKX Futures, Binance Futures",ETH/USDT,Partial Targets Achieved,Isolated (6.0X),Long,1,1 hr 39 min,3.2503,100.0,2,2050.26,2,2050.0-2061.5,2055.75,2072.6,,,,,,,,,,2055.75
2026-03-30 07:09:06,PnLTactics,,"HyperLiquid Futures, KuCoin Futures, BingX Futures, Binance Futures, BloFin Futures, ByBit USDT, Bitget Futures, OKX Futures",AAVE/USDT,Partial Targets Achieved,Isolated (6.0X),Long,1,7 hr 26 min,4.0263,100.0,2,98.254,2,98.27-98.88,98.57499999999999,99.59,,,,,,,,,,98.57499999999999
2026-03-30 05:16:40,PnLTactics,,"BloFin Futures, BingX Futures, Binance Futures, KuCoin Futures",ON/USDT,Stopped Out,Isolated (6.0X),Long,0,37 min,-16.5485,100.0,2,0.11711,2,0.1174-0.12086,0.11913,,,,,,,,,,,0.11388
2026-03-30 05:14:24,PnLTactics,,"KuCoin Futures, ByBit USDT, Bitget Futures, BingX Futures, BloFin Futures, Binance Futures, OKX Futures, HyperLiquid Futures",SOL/USDT,Partial Targets Achieved,Isolated (6.0X),Long,1,3 hr 58 min,4.8097,100.0,2,83.914,2,83.89-84.74,84.315,85.13,,,,,,,,,,84.315
2026-03-30 05:12:41,PnLTactics,,"KuCoin Futures, HyperLiquid Futures, BingX Futures, Bitget Futures, ByBit USDT, BloFin Futures, OKX Futures, Binance Futures",ETH/USDT,Partial Targets Achieved,Isolated (6.0X),Long,1,8 hr 43 min,4.4672,100.0,2,2054.7349999999997,2,2054.1-2073.2,2063.6499999999996,2082.8,,,,,,,,,,2063.6499999999996
2026-03-30 05:06:48,PnLTactics,,"BloFin Futures, Binance Futures, KuCoin Futures, BingX Futures, HyperLiquid Futures, OKX Futures, ByBit USDT, Bitget Futures",BNB/USDT,Stopped Out,Isolated (6.0X),Long,0,12 hr 19 min,-4.0195,100.0,2,617.235,2,617.1-622.5,619.8,,,,,,,,,,,613.1
2026-03-30 04:22:40,PnLTactics,,"BingX Futures, KuCoin Futures, HyperLiquid Futures, OKX Futures, BloFin Futures, Bitget Futures, Binance Futures, ByBit USDT",SOL/USDT,Partial Targets Achieved,Isolated (6.0X),Long,1,9 hr 34 min,5.5512,100.0,2,83.514,2,83.52-84.52,84.02,84.82,,,,,,,,,,84.02
2026-03-30 04:16:46,PnLTactics,,"KuCoin Futures, OKX Futures, BloFin Futures, HyperLiquid Futures, BingX Futures, Bitget Futures, ByBit USDT, Binance Futures",XRP/USDT,Stopped Out,Isolated (5.0X),Long,0,6 hr 21 min,-3.6544,100.0,2,1.35591,2,1.3557-1.3687,1.3622,,,,,,,,,,,1.346
2026-03-30 04:15:12,PnLTactics,,"KuCoin Futures, HyperLiquid Futures, BingX Futures, ByBit USDT, Bitget Futures, OKX Futures, Binance Futures, BloFin Futures",SOL/USDT,Partial Targets Achieved,Isolated (6.0X),Long,1,6 hr 21 min,5.5784,100.0,2,83.44749999999999,2,83.41-84.5,83.955,84.76,,,,,,,,,,83.955
2026-03-30 04:13:37,PnLTactics,,"KuCoin Futures, BingX Futures, BloFin Futures, Binance Futures, HyperLiquid Futures, Bitget Futures, OKX Futures, ByBit USDT",BTC/USDT,Partial Targets Achieved,Isolated (6.0X),Long,1,9 hr 36 min,3.8709,100.0,2,67359.8,2,67369.6-67833.6,67601.6,68179.9,,,,,,,,,,67601.6
2026-03-30 02:48:48,PnLTactics,,"KuCoin Futures, BingX Futures, OKX Futures, Binance Futures, HyperLiquid Futures, BloFin Futures, Bitget Futures, ByBit USDT",ETH/USDT,Partial Targets Achieved,Isolated (6.0X),Long,1,14 hr 36 min,4.5723,100.0,2,2035.72,2,2035.5-2048.9,2042.2,2069.3,,,,,,,,,,2042.2
2026-03-30 00:19:56,PnLTactics,,"OKX Futures, Bitget Futures, HyperLiquid Futures, KuCoin Futures, Binance Futures, ByBit USDT, BingX Futures, BloFin Futures",XRP/USDT,Stopped Out,Isolated (6.0X),Long,0,18 min,-4.3365,100.0,2,1.3421,2,1.3402-1.3443,1.34225,,,,,,,,,,,1.3324
2026-03-29 22:13:11,PnLTactics,,"HyperLiquid Futures, BloFin Futures, OKX Futures, ByBit USDT, Bitget Futures, BingX Futures, Binance Futures, KuCoin Futures",XRP/USDT,Stopped Out,Isolated (6.0X),Short,0,8 min,-2.0079,100.0,2,1.3148,2,1.3107-1.3187,1.3147,,,,,,,,,,,1.3192
2026-03-29 22:09:07,PnLTactics,,"Binance Futures, ByBit USDT, BloFin Futures, Bitget Futures, KuCoin Futures",NOM/USDT,Stopped Out,Isolated (6.0X),Short,0,44 min,-17.003,100.0,2,0.002329,2,0.0023-0.002329,0.0023144999999999997,,,,,,,,,,,0.002395
2026-03-29 22:06:49,PnLTactics,,"Bitget Futures, Binance Futures, KuCoin Futures, BloFin Futures, BingX Futures, OKX Futures, HyperLiquid Futures, ByBit USDT",XRP/USDT,Partial Targets Achieved,Isolated (6.0X),Short,1,50 min,2.6742,100.0,2,1.3163,2,1.3135-1.3187,1.3161,1.2991,,,,,,,,,,1.3161
2026-03-29 21:40:08,PnLTactics,,"KuCoin Futures, Bitget Futures, Binance Futures, BingX Futures",SIREN/USDT,Stopped Out,Isolated (6.0X),Long,0,22 min,-17.8332,100.0,2,1.85082,2,1.85135-1.88982,1.8705850000000002,,,,,,,,,,,1.79581
2026-03-29 20:26:33,PnLTactics,,"Bitget Futures, BloFin Futures, Binance Futures, KuCoin Futures, ByBit USDT",NOM/USDT,Stopped Out,Isolated (6.0X),Short,0,2 hr 27 min,-18.923,100.0,2,0.0023305,2,0.002294-0.002334,0.002314,,,,,,,,,,,0.002404
2026-03-29 19:55:44,PnLTactics,,"Binance Futures, ByBit USDT, KuCoin Futures, BloFin Futures, Bitget Futures",NOM/USDT,Partial Targets Achieved,Isolated (6.0X),Short,1,2 hr 55 min,23.0576,100.0,2,0.002394,2,0.002281-0.002375,0.002328,0.00225,,,,,,,,,,0.002328
2026-03-29 19:43:41,PnLTactics,,"Bitget Futures, HyperLiquid Futures, BingX Futures, ByBit USDT, OKX Futures, BloFin Futures, Binance Futures, KuCoin Futures",XRP/USDT,Stopped Out,Isolated (6.0X),Short,0,40 min,-3.6905,100.0,2,1.3169,2,1.3117-1.3164,1.31405,,,,,,,,,,,1.325
2026-03-29 19:41:27,PnLTactics,,"Binance Futures, BloFin Futures, KuCoin Futures, ByBit USDT, Bitget Futures",NOM/USDT,Partial Targets Achieved,Isolated (6.0X),Short,1,3 hr 9 min,18.8966,100.0,2,0.0023655,2,0.002259-0.002369,0.002314,0.002245,,,,,,,,,,0.002314
2026-03-29 19:37:17,PnLTactics,,"ByBit USDT, HyperLiquid Futures, OKX Futures, BingX Futures, Binance Futures, KuCoin Futures, Bitget Futures, BloFin Futures",XRP/USDT,Stopped Out,Isolated (6.0X),Short,0,46 min,-3.9409,100.0,2,1.3169499999999998,2,1.3117-1.317,1.3143500000000001,,,,,,,,,,,1.3256
2026-03-29 19:27:54,PnLTactics,,"HyperLiquid Futures, BingX Futures, Binance Futures, OKX Futures, ByBit USDT, BloFin Futures, Bitget Futures, KuCoin Futures",XRP/USDT,Stopped Out,Isolated (6.0X),Short,0,2 hr 28 min,-3.9124,100.0,2,1.3189,2,1.3153-1.3189,1.3171,,,,,,,,,,,1.3275
2026-03-29 19:25:42,PnLTactics,,"Binance Futures, ByBit USDT, KuCoin Futures, BloFin Futures, Bitget Futures",NOM/USDT,Partial Targets Achieved,Isolated (6.0X),Short,1,3 hr 27 min,20.7241,100.0,2,0.002403,2,0.002335-0.002375,0.002355,0.00225,,,,,,,,,,0.002355
2026-03-29 19:20:48,PnLTactics,,"HyperLiquid Futures, Binance Futures, OKX Futures, BingX Futures, ByBit USDT, Bitget Futures, BloFin Futures, KuCoin Futures",XRP/USDT,Partial Targets Achieved,Isolated (6.0X),Short,1,3 hr 35 min,2.8199,100.0,2,1.3192,2,1.3153-1.3191,1.3172,1.3046,,,,,,,,,,1.3172
2026-03-29 19:15:02,PnLTactics,,"OKX Futures, ByBit USDT, BloFin Futures, Binance Futures, HyperLiquid Futures, BingX Futures, Bitget Futures, KuCoin Futures",XRP/USDT,Partial Targets Achieved,Isolated (6.0X),Short,1,3 hr 42 min,2.7731,100.0,2,1.3198,2,1.3164-1.3196,1.318,1.3051,,,,,,,,,,1.318
2026-03-29 19:05:51,PnLTactics,,"OKX Futures, HyperLiquid Futures, ByBit USDT, BloFin Futures, KuCoin Futures, Binance Futures, BingX Futures, Bitget Futures",XRP/USDT,Partial Targets Achieved,Isolated (6.0X),Short,1,3 hr 51 min,2.8632,100.0,2,1.3202,2,1.3164-1.3199,1.3181500000000002,1.3054,,,,,,,,,,1.3181500000000002
2026-03-29 17:56:23,PnLTactics,,"KuCoin Futures, ByBit USDT, BingX Futures, BloFin Futures, OKX Futures, Bitget Futures, Binance Futures",SENT/USDT,Stopped Out,Isolated (6.0X),Long,0,1 hr 31 min,-21.0105,100.0,2,0.01999,2,0.01989-0.02027,0.02008,,,,,,,,,,,0.01929
2026-03-29 17:36:55,PnLTactics,,"HyperLiquid Futures, Bitget Futures, Binance Futures, KuCoin Futures, BingX Futures, OKX Futures, ByBit USDT, BloFin Futures",XRP/USDT,Partial Targets Achieved,Isolated (6.0X),Short,2,5 hr 15 min,8.3696,100.0,2,1.3202500000000001,2,1.3129-1.3203,1.3166,1.3058,1.2939,,,,,,,,,1.3058
2026-03-29 17:31:02,PnLTactics,,"HyperLiquid Futures, BingX Futures, ByBit USDT, KuCoin Futures, Bitget Futures, Binance Futures, OKX Futures, BloFin Futures",SOL/USDT,Stopped Out,Isolated (6.0X),Short,0,1 hr 8 min,-3.5975,100.0,2,81.223,2,80.99-81.18,81.08500000000001,,,,,,,,,,,81.71
2026-03-29 17:29:15,PnLTactics,,"HyperLiquid Futures, BingX Futures, BloFin Futures, KuCoin Futures, Binance Futures, ByBit USDT, Bitget Futures, OKX Futures",BTC/USDT,Stopped Out,Isolated (6.0X),Short,0,2 hr 51 min,-3.7742,100.0,2,66212.0,2,66166.1-66198.2,66182.15,,,,,,,,,,,66628.5
2026-03-29 17:26:55,PnLTactics,,"HyperLiquid Futures, Binance Futures, OKX Futures, BingX Futures, ByBit USDT, Bitget Futures, BloFin Futures, KuCoin Futures",XRP/USDT,Partial Targets Achieved,Isolated (6.0X),Short,1,5 hr 29 min,2.8489,100.0,2,1.3198,2,1.3169-1.3191,1.318,1.3046,,,,,,,,,,1.318
2026-03-29 17:23:00,PnLTactics,,"KuCoin Futures, BingX Futures, Bitget Futures, ByBit USDT, BloFin Futures, OKX Futures, Binance Futures",SENT/USDT,Stopped Out,Isolated (6.0X),Long,0,2 hr 37 min,-21.3632,100.0,2,0.019659999999999997,2,0.01954-0.02009,0.019815,,,,,,,,,,,0.01896
2026-03-29 17:21:12,PnLTactics,,"Bitget Futures, BingX Futures, ByBit USDT, OKX Futures, Binance Futures, KuCoin Futures, HyperLiquid Futures, BloFin Futures",XRP/USDT,Partial Targets Achieved,Isolated (6.0X),Short,2,5 hr 32 min,8.4311,100.0,2,1.3213,2,1.3169-1.3212,1.3190499999999998,1.3067,1.2948,,,,,,,,,1.3067
2026-03-29 15:58:16,PnLTactics,,"KuCoin Futures, OKX Futures, ByBit USDT, BingX Futures, Bitget Futures, BloFin Futures, Binance Futures",SENT/USDT,Partial Targets Achieved,Isolated (5.0X),Long,1,2 hr 27 min,8.3539,100.0,2,0.0196615,2,0.01942-0.02014,0.01978,0.02041,,,,,,,,,,0.01978
2026-03-29 15:28:04,PnLTactics,,"HyperLiquid Futures, Bitget Futures, BingX Futures, ByBit USDT, OKX Futures, Binance Futures, BloFin Futures, KuCoin Futures",BNB/USDT,Stopped Out,Isolated (5.0X),Short,0,4 hr 55 min,-3.184,100.0,2,607.73,2,605.5-607.7,606.6,,,,,,,,,,,611.6
2026-03-29 15:14:15,PnLTactics,,"BingX Futures, OKX Futures, Bitget Futures, ByBit USDT, HyperLiquid Futures, Binance Futures, BloFin Futures, KuCoin Futures",BNB/USDT,Stopped Out,Isolated (5.0X),Short,0,5 hr 9 min,-3.1679,100.0,2,607.65,2,607.2-607.6,607.4000000000001,,,,,,,,,,,611.5
2026-03-29 15:10:55,PnLTactics,,"Binance Futures, Bitget Futures, KuCoin Futures, ByBit USDT, OKX Futures, HyperLiquid Futures, BloFin Futures, BingX Futures",XRP/USDT,Partial Targets Achieved,Isolated (6.0X),Short,2,7 hr 45 min,8.3833,100.0,2,1.32525,2,1.3187-1.3253,1.322,1.3107,1.2988,,,,,,,,,1.3107
2026-03-29 15:09:04,PnLTactics,,"OKX Futures, KuCoin Futures, BingX Futures, ByBit USDT, HyperLiquid Futures, Bitget Futures, Binance Futures, BloFin Futures",BNB/USDT,Partial Targets Achieved,Isolated (6.0X),Short,2,7 hr 47 min,8.3628,100.0,2,608.6500000000001,2,607.2-608.7,607.95,602.0,596.5,,,,,,,,,602.0
2026-03-29 15:04:54,PnLTactics,,"Binance Futures, ByBit USDT, Bitget Futures, OKX Futures, HyperLiquid Futures, BloFin Futures, BingX Futures, KuCoin Futures",XRP/USDT,Partial Targets Achieved,Isolated (6.0X),Short,2,7 hr 51 min,8.5854,100.0,2,1.3255,2,1.3187-1.3251,1.3218999999999999,1.3105,1.2986,,,,,,,,,1.3105
2026-03-29 14:44:22,PnLTactics,,"BloFin Futures, Binance Futures, Bitget Futures, BingX Futures, ByBit USDT, KuCoin Futures, OKX Futures",KAT/USDT,Stopped Out,Isolated (6.0X),Short,0,1 hr 43 min,-11.7035,100.0,2,0.011535,2,0.01125-0.01154,0.011394999999999999,,,,,,,,,,,0.01176
2026-03-29 14:38:26,PnLTactics,,"BloFin Futures, BingX Futures, KuCoin Futures, Bitget Futures, Binance Futures, ByBit USDT, OKX Futures",KAT/USDT,Stopped Out,Isolated (6.0X),Short,0,1 hr 45 min,-8.8388,100.0,2,0.01154,2,0.01125-0.01149,0.01137,,,,,,,,,,,0.01171
2026-03-29 14:30:05,PnLTactics,,"ByBit USDT, KuCoin Futures, Bitget Futures, BloFin Futures, OKX Futures, BingX Futures, HyperLiquid Futures, Binance Futures",XRP/USDT,Partial Targets Achieved,Isolated (6.0X),Short,2,8 hr 27 min,8.1178,100.0,2,1.3242500000000001,2,1.3215-1.3249,1.3232,1.3103,1.2984,,,,,,,,,1.3103
2026-03-29 14:05:08,PnLTactics,,"ByBit USDT, KuCoin Futures, BloFin Futures, BingX Futures, Binance Futures",PTB/USDT,Partial Targets Achieved,Isolated (5.0X),Short,2,15 hr 11 min,34.1959,100.0,2,0.001082,2,0.00105-0.001081,0.0010655,0.001024,0.000976,,,,,,,,,0.001024
2026-03-29 13:59:39,PnLTactics,,"KuCoin Futures, ByBit USDT, BloFin Futures, BingX Futures, Binance Futures",PTB/USDT,Partial Targets Achieved,Isolated (5.0X),Short,2,18 hr 59 min,27.7017,50.0,1,0.001095,2,0.001095-0.001109,0.0011020000000000001,0.001051,0.001001,,,,,,,,,0.001051
2026-03-29 13:58:05,PnLTactics,,"BloFin Futures, Binance Futures, Bitget Futures, BingX Futures, ByBit USDT, KuCoin Futures, OKX Futures",KAT/USDT,Stopped Out,Isolated (5.0X),Short,0,2 hr 25 min,-9.5819,100.0,2,0.01148,2,0.01122-0.01147,0.011345000000000001,,,,,,,,,,,0.0117
2026-03-29 13:53:29,PnLTactics,,"KuCoin Futures, ByBit USDT, BingX Futures, BloFin Futures, Binance Futures",PTB/USDT,Partial Targets Achieved,Isolated (5.0X),Short,2,19 hr 7 min,33.2139,100.0,2,0.0011165,2,0.001095-0.001118,0.0011065,0.001059,0.001009,,,,,,,,,0.001059
2026-03-29 13:51:08,PnLTactics,,"Bitget Futures, ByBit USDT, KuCoin Futures, HyperLiquid Futures, Binance Futures, BloFin Futures, OKX Futures, BingX Futures",XRP/USDT,Partial Targets Achieved,Isolated (5.0X),Short,2,9 hr 5 min,6.9957,100.0,2,1.327,2,1.3221-1.327,1.32455,1.3124,1.3005,,,,,,,,,1.3124
2026-03-29 13:43:37,PnLTactics,,"Bitget Futures, ByBit USDT, KuCoin Futures, HyperLiquid Futures, Binance Futures, BloFin Futures, OKX Futures, BingX Futures",XRP/USDT,Partial Targets Achieved,Isolated (5.0X),Short,2,9 hr 13 min,7.1061,100.0,2,1.3275,2,1.3225-1.3272,1.32485,1.3126,1.3007,,,,,,,,,1.3126
2026-03-29 13:38:05,PnLTactics,,"Bitget Futures, ByBit USDT, KuCoin Futures, HyperLiquid Futures, Binance Futures, BloFin Futures, OKX Futures, BingX Futures",XRP/USDT,Partial Targets Achieved,Isolated (5.0X),Short,2,9 hr 19 min,7.1432,100.0,2,1.3276,2,1.3225-1.3272,1.32485,1.3126,1.3007,,,,,,,,,1.3126
2026-03-29 13:29:28,PnLTactics,,"Binance Futures, BloFin Futures, Bitget Futures, BingX Futures, KuCoin Futures, ByBit USDT, OKX Futures",KAT/USDT,Stopped Out,Isolated (5.0X),Short,0,2 hr 55 min,-10.0087,100.0,2,0.01149,2,0.01123-0.01149,0.01136,,,,,,,,,,,0.01172
2026-03-29 12:59:59,PnLTactics,,"BloFin Futures, Binance Futures, OKX Futures, Bitget Futures, ByBit USDT",XAU/USDT,Stopped Out,Isolated (5.0X),Long,0,10 hr 6 min,-3.1332,100.0,2,4508.15,2,4507.1-4509.2,4508.15,,,,,,,,,,,4479.9
2026-03-29 12:55:36,PnLTactics,,"Bitget Futures, BloFin Futures, BingX Futures, Binance Futures, ByBit USDT, KuCoin Futures",C/USDT,Stopped Out,Isolated (5.0X),Short,0,3 hr 23 min,-10.048,100.0,2,0.07713,2,0.07491-0.07713,0.07602,,,,,,,,,,,0.07868
2026-03-29 12:42:33,PnLTactics,,"BloFin Futures, Binance Futures, BingX Futures, KuCoin Futures, Bitget Futures, OKX Futures, ByBit USDT",KAT/USDT,Partial Targets Achieved,Isolated (5.0X),Short,1,14 hr 3 min,7.732,100.0,2,0.01164,2,0.01151-0.01164,0.011574999999999998,0.01123,,,,,,,,,,0.011574999999999998
2026-03-29 12:39:59,PnLTactics,,"BloFin Futures, KuCoin Futures, Bitget Futures, BingX Futures, Binance Futures, ByBit USDT",C/USDT,Stopped Out,Isolated (5.0X),Short,0,23 min,-9.8205,100.0,2,0.07688,2,0.07501-0.07686,0.075935,,,,,,,,,,,0.07839
2026-03-29 12:37:46,PnLTactics,,"BloFin Futures, BingX Futures, Binance Futures, ByBit USDT, KuCoin Futures",PTB/USDT,All Targets Achieved,Isolated (5.0X),Short,3,12 hr 1 min,50.8772,100.0,2,0.00114,2,0.001102-0.001138,0.00112,0.001078,0.001027,0.000967,,,,,,,,
2026-03-29 11:59:31,PnLTactics,,"BloFin Futures, KuCoin Futures, Bitget Futures, BingX Futures, Binance Futures, ByBit USDT",C/USDT,Stopped Out,Isolated (5.0X),Short,0,1 hr 3 min,-10.0898,100.0,2,0.07681,2,0.07492-0.07678,0.07585,,,,,,,,,,,0.07836
2026-03-29 11:40:04,PnLTactics,,"BloFin Futures, ByBit USDT, Bitget Futures, Binance Futures, BingX Futures, OKX Futures, KuCoin Futures",KAT/USDT,Partial Targets Achieved,Isolated (5.0X),Short,2,11 hr 16 min,25.4022,100.0,2,0.01181,2,0.01156-0.01176,0.01166,0.01133,0.01097,,,,,,,,,0.01133
2026-03-29 11:34:48,PnLTactics,,"BloFin Futures, Bitget Futures, Binance Futures, ByBit USDT, BingX Futures, OKX Futures, KuCoin Futures",KAT/USDT,Partial Targets Achieved,Isolated (5.0X),Short,2,11 hr 21 min,24.6809,100.0,2,0.01175,2,0.01156-0.01172,0.011640000000000001,0.01129,0.01093,,,,,,,,,0.01129
2026-03-29 11:28:37,PnLTactics,,"BloFin Futures, Binance Futures, Bitget Futures, ByBit USDT, BingX Futures, OKX Futures, KuCoin Futures",KAT/USDT,All Targets Achieved,Isolated (5.0X),Short,3,1 day 19 hr,36.2196,100.0,2,0.01178,2,0.01171-0.01176,0.011734999999999999,0.01132,0.01095,0.01051,,,,,,,,
2026-03-29 11:26:29,PnLTactics,,"Bitget Futures, BloFin Futures, BingX Futures, Binance Futures, KuCoin Futures, ByBit USDT",C/USDT,Stopped Out,Isolated (5.0X),Short,0,4 hr 46 min,-11.114,100.0,2,0.07693,2,0.07519-0.07693,0.07606,,,,,,,,,,,0.07864
2026-03-29 10:55:21,PnLTactics,,"BloFin Futures, Bitget Futures, Binance Futures, BingX Futures, KuCoin Futures, ByBit USDT",C/USDT,Stopped Out,Isolated (10.0X),Short,0,5 hr 17 min,-21.5893,100.0,2,0.07689,2,0.07507-0.07685,0.07596,,,,,,,,,,,0.07855
2026-03-29 10:42:15,PnLTactics,,"BloFin Futures, Bitget Futures, BingX Futures, ByBit USDT, KuCoin Futures, Binance Futures",C/USDT,Stopped Out,Isolated (5.0X),Short,0,5 hr 30 min,-11.8023,100.0,2,0.07668,2,0.07607-0.07671,0.07639,,,,,,,,,,,0.07849
2026-03-29 10:35:01,PnLTactics,,"HyperLiquid Futures, OKX Futures, BloFin Futures, ByBit USDT, BingX Futures, Bitget Futures, KuCoin Futures, Binance Futures",ENA/USDT,Stopped Out,Isolated (10.0X),Short,0,29 min,-7.5399,100.0,2,0.089922,2,0.0896-0.09,0.08979999999999999,,,,,,,,,,,0.0906
2026-03-29 10:24:57,PnLTactics,,"KuCoin Futures, BloFin Futures, ByBit USDT, Binance Futures, BingX Futures",PTB/USDT,All Targets Achieved,Isolated (10.0X),Short,3,14 hr 12 min,99.9714,100.0,2,0.001167,2,0.001124-0.001167,0.0011455,0.001106,0.001053,0.000992,,,,,,,,
2026-03-29 09:42:08,PnLTactics,,"BingX Futures, BloFin Futures, ByBit USDT, Binance Futures, OKX Futures, Bitget Futures, KuCoin Futures",NIGHT/USDT,Stopped Out,Isolated (10.0X),Short,0,52 min,-15.683,100.0,2,0.04846,2,0.04779-0.04845,0.048119999999999996,,,,,,,,,,,0.04922
2026-03-29 09:37:02,PnLTactics,,"BloFin Futures, KuCoin Futures, BingX Futures, Binance Futures, Bitget Futures, ByBit USDT",C/USDT,Stopped Out,Isolated (10.0X),Short,0,6 hr 45 min,-23.6584,100.0,2,0.077985,2,0.0764-0.07803,0.077215,,,,,,,,,,,0.07983
2026-03-29 09:29:03,PnLTactics,,"OKX Futures, BloFin Futures, BingX Futures, Binance Futures, Bitget Futures, ByBit USDT, KuCoin Futures",NIGHT/USDT,Stopped Out,Isolated (10.0X),Short,0,1 hr 19 min,-16.7225,100.0,2,0.048617,2,0.048-0.04864,0.04832,,,,,,,,,,,0.04943
2026-03-29 09:24:43,PnLTactics,,"BloFin Futures, Bitget Futures, Binance Futures, BingX Futures, ByBit USDT, KuCoin Futures",C/USDT,Stopped Out,Isolated (10.0X),Short,0,6 hr 56 min,-21.8678,100.0,2,0.07774,2,0.07679-0.07764,0.077215,,,,,,,,,,,0.07944
2026-03-29 07:11:50,PnLTactics,,"HyperLiquid Futures, OKX Futures, KuCoin Futures, Bitget Futures, BloFin Futures, ByBit USDT, Binance Futures, BingX Futures",ENA/USDT,Stopped Out,Isolated (5.0X),Short,0,3 hr 53 min,-3.499,100.0,2,0.090169,2,0.0899-0.0901,0.09,,,,,,,,,,,0.0908
2026-03-29 06:24:54,PnLTactics,,"BingX Futures, BloFin Futures, HyperLiquid Futures, KuCoin Futures, OKX Futures, ByBit USDT, Bitget Futures, Binance Futures",ENA/USDT,Stopped Out,Isolated (5.0X),Short,0,4 hr 42 min,-4.4248,100.0,2,0.0904,2,0.0902-0.0904,0.09029999999999999,,,,,,,,,,,0.0912
2026-03-29 05:36:43,PnLTactics,,"BloFin Futures, BingX Futures, Binance Futures, KuCoin Futures, ByBit USDT",PTB/USDT,Stopped Out,Isolated (5.0X),Short,0,1 hr 37 min,-15.2401,100.0,2,0.0011975,2,0.001179-0.001198,0.0011884999999999999,,,,,,,,,,,0.001234
2026-03-29 05:13:01,PnLTactics,,"BingX Futures, BloFin Futures, Binance Futures, KuCoin Futures, ByBit USDT",PTB/USDT,Partial Targets Achieved,Isolated (5.0X),Short,1,6 hr 8 min,12.0133,100.0,2,0.0012070000000000002,2,0.001181-0.001208,0.0011945,0.001145,,,,,,,,,,0.0011945
2026-03-29 05:07:07,PnLTactics,,"KuCoin Futures, BingX Futures, BloFin Futures, Binance Futures, ByBit USDT",PTB/USDT,All Targets Achieved,Isolated (5.0X),Short,3,10 hr 19 min,50.8801,100.0,2,0.001212,2,0.001181-0.00121,0.0011955,0.001146,0.001092,0.001028,,,,,,,,
2026-03-29 05:05:11,PnLTactics,,"BloFin Futures, Binance Futures, BingX Futures, ByBit USDT, Bitget Futures, KuCoin Futures",C/USDT,Stopped Out,Isolated (5.0X),Short,0,2 hr 36 min,-15.3202,100.0,2,0.07816500000000001,2,0.07566-0.07824,0.07695,,,,,,,,,,,0.08056
2026-03-29 05:02:34,PnLTactics,,"Binance Futures, KuCoin Futures, Bitget Futures, BingX Futures, ByBit USDT",ARIA/USDT,Stopped Out,Isolated (5.0X),Short,0,29 min,-11.6986,100.0,2,0.32739,2,0.3209-0.32597,0.32343500000000003,,,,,,,,,,,0.33505
2026-03-29 05:00:05,PnLTactics,,"BloFin Futures, BingX Futures, KuCoin Futures, Bitget Futures, Binance Futures, ByBit USDT",C/USDT,Stopped Out,Isolated (5.0X),Short,0,11 hr 23 min,-15.1342,100.0,2,0.078795,2,0.07592-0.07882,0.07737,,,,,,,,,,,0.08118
2026-03-29 00:10:40,PnLTactics,,"BloFin Futures, Bitget Futures, Binance Futures, BingX Futures, KuCoin Futures, ByBit USDT",CFG/USDT,Stopped Out,Isolated (5.0X),Short,0,7 min,-5.0471,100.0,2,0.1486,2,0.1479-0.1493,0.1486,,,,,,,,,,,0.1501
2026-03-29 00:03:50,PnLTactics,,"BloFin Futures, Bitget Futures, Binance Futures, BingX Futures, KuCoin Futures, ByBit USDT",CFG/USDT,Stopped Out,Isolated (5.0X),Short,0,14 min,-5.8666,100.0,2,0.14915,2,0.1489-0.1493,0.1491,,,,,,,,,,,0.1509
2026-03-28 23:40:21,PnLTactics,,"BloFin Futures, KuCoin Futures, Binance Futures, BingX Futures, ByBit USDT, Bitget Futures",BSB/USDT,Stopped Out,Isolated (6.0X),Long,0,32 min,-14.8286,100.0,2,0.22578,2,0.227-0.2342,0.2306,,,,,,,,,,,0.2202
2026-03-28 23:31:04,PnLTactics,,"BloFin Futures, BingX Futures, Binance Futures, KuCoin Futures, ByBit USDT, Bitget Futures",BSB/USDT,Stopped Out,Isolated (6.0X),Long,0,56 min,-18.9061,100.0,2,0.226435,2,0.2261-0.2304,0.22825,,,,,,,,,,,0.2193
2026-03-28 23:11:44,PnLTactics,,"HyperLiquid Futures, BingX Futures, KuCoin Futures, BloFin Futures, Bitget Futures, Binance Futures, ByBit USDT, OKX Futures",AVAX/USDT,Stopped Out,Isolated (6.0X),Short,0,4 hr 4 min,-2.3959,100.0,2,8.765,2,8.74-8.79,8.765,,,,,,,,,,,8.8
2026-03-28 23:06:46,PnLTactics,,"BingX Futures, Binance Futures, BloFin Futures, KuCoin Futures, Bitget Futures, ByBit USDT",BSB/USDT,Stopped Out,Isolated (6.0X),Long,0,9 min,-17.764,100.0,2,0.2263,2,0.2264-0.2372,0.2318,,,,,,,,,,,0.2196
2026-03-28 22:42:07,PnLTactics,,"BloFin Futures, Bitget Futures, Binance Futures, BingX Futures, KuCoin Futures, ByBit USDT",BSB/USDT,Stopped Out,Isolated (7.0X),Long,0,30 min,-21.5307,100.0,2,0.229045,2,0.2288-0.2361,0.23245,,,,,,,,,,,0.222
2026-03-28 22:26:54,PnLTactics,,"BloFin Futures, BingX Futures, Binance Futures, KuCoin Futures, ByBit USDT, Bitget Futures",BSB/USDT,Stopped Out,Isolated (6.0X),Long,0,49 min,-18.6537,100.0,2,0.224995,2,0.2247-0.2364,0.23055,,,,,,,,,,,0.218
2026-03-28 21:42:31,PnLTactics,,"BloFin Futures, BingX Futures, KuCoin Futures, Binance Futures, ByBit USDT, Bitget Futures",BSB/USDT,Stopped Out,Isolated (7.0X),Long,0,21 min,-21.2383,100.0,2,0.22709000000000001,2,0.227-0.2381,0.23255,,,,,,,,,,,0.2202
2026-03-28 21:26:50,PnLTactics,,"BloFin Futures, KuCoin Futures, BingX Futures, Binance Futures, Bitget Futures, ByBit USDT",BSB/USDT,Stopped Out,Isolated (7.0X),Long,0,37 min,-20.0141,100.0,2,0.22699,2,0.2273-0.2357,0.23149999999999998,,,,,,,,,,,0.2205
2026-03-28 21:15:42,PnLTactics,,"KuCoin Futures, BloFin Futures, OKX Futures, BingX Futures, Binance Futures, Bitget Futures, ByBit USDT",CHZ/USDT,Stopped Out,Isolated (7.0X),Long,0,1 hr 3 min,-13.6692,100.0,2,0.04148,2,0.04143-0.0427,0.042065000000000005,,,,,,,,,,,0.04067
2026-03-28 21:12:23,PnLTactics,,"BloFin Futures, BingX Futures, Binance Futures, KuCoin Futures, ByBit USDT, Bitget Futures",BSB/USDT,Stopped Out,Isolated (7.0X),Long,0,3 hr 45 min,-20.6566,100.0,2,0.22298,2,0.2231-0.231,0.22705,,,,,,,,,,,0.2164
2026-03-28 21:05:32,PnLTactics,,"KuCoin Futures, BloFin Futures, Bitget Futures, Binance Futures, ByBit USDT, BingX Futures, OKX Futures",CHZ/USDT,Stopped Out,Isolated (7.0X),Long,0,1 hr 9 min,-12.7211,100.0,2,0.041545,2,0.04154-0.0427,0.042120000000000005,,,,,,,,,,,0.04079
2026-03-28 20:51:39,PnLTactics,,"KuCoin Futures, BingX Futures, BloFin Futures, Binance Futures, OKX Futures, ByBit USDT, Bitget Futures",CHZ/USDT,Stopped Out,Isolated (7.0X),Long,0,1 hr 2 min,-13.2044,100.0,2,0.04188,2,0.04186-0.04271,0.042285,,,,,,,,,,,0.04109
2026-03-28 20:40:08,PnLTactics,,"KuCoin Futures, Bitget Futures, Binance Futures, BloFin Futures, BingX Futures, OKX Futures, ByBit USDT",CHZ/USDT,Stopped Out,Isolated (7.0X),Long,0,1 hr 34 min,-13.544,100.0,2,0.041605,2,0.04159-0.04262,0.042105000000000004,,,,,,,,,,,0.0408
2026-03-28 20:36:13,PnLTactics,,"OKX Futures, KuCoin Futures, Bitget Futures, BloFin Futures, BingX Futures, ByBit USDT, Binance Futures",KAT/USDT,Stopped Out,Isolated (7.0X),Long,0,2 min,-13.3122,100.0,2,0.01262,2,0.01261-0.01265,0.012629999999999999,,,,,,,,,,,0.01238
2026-03-28 20:25:12,PnLTactics,,"BloFin Futures, BingX Futures, KuCoin Futures, ByBit USDT, Binance Futures, Bitget Futures",BSB/USDT,Partial Targets Achieved,Isolated (7.0X),Long,1,4 hr 32 min,-1.2916,100.0,2,0.22221,2,0.2223-0.2292,0.22575,0.234,,,,,,,,,,0.2157
2026-03-28 20:06:16,PnLTactics,,"HyperLiquid Futures, KuCoin Futures, Bitget Futures, OKX Futures, BingX Futures, BloFin Futures, Binance Futures, ByBit USDT",AAVE/USDT,Stopped Out,Isolated (7.0X),Long,0,1 hr 25 min,-4.6635,100.0,2,98.61699999999999,2,98.6-99.04,98.82,,,,,,,,,,,97.96
2026-03-28 19:06:00,PnLTactics,,"BloFin Futures, BingX Futures, KuCoin Futures, Binance Futures, ByBit USDT, Bitget Futures",BSB/USDT,All Targets Achieved,Isolated (7.0X),Long,3,8 hr 57 min,72.7448,100.0,2,0.21635,2,0.2171-0.2281,0.2226,0.2285,0.2383,0.2497,,,,,,,,
2026-03-28 18:39:23,PnLTactics,,"HyperLiquid Futures, BloFin Futures, KuCoin Futures, OKX Futures, BingX Futures, ByBit USDT, Binance Futures, Bitget Futures",ENA/USDT,Stopped Out,Isolated (6.0X),Long,0,33 min,-7.9617,100.0,2,0.09435199999999999,2,0.0943-0.0945,0.0944,,,,,,,,,,,0.0931
2026-03-28 15:09:59,PnLTactics,,"BloFin Futures, BingX Futures, Bitget Futures, KuCoin Futures, ByBit USDT, Binance Futures",C/USDT,Stopped Out,Isolated (6.0X),Short,0,3 hr 58 min,-17.8662,100.0,2,0.07892,2,0.07654-0.0789,0.07772,,,,,,,,,,,0.08127
2026-03-28 15:04:31,PnLTactics,,"BingX Futures, BloFin Futures, Bitget Futures, KuCoin Futures, ByBit USDT, Binance Futures",C/USDT,Stopped Out,Isolated (6.0X),Short,0,4 hr 4 min,-18.0258,100.0,2,0.07922,2,0.07654-0.07922,0.07788,,,,,,,,,,,0.0816
2026-03-28 14:58:30,PnLTactics,,"HyperLiquid Futures, KuCoin Futures, BingX Futures, BloFin Futures, OKX Futures, Bitget Futures, ByBit USDT, Binance Futures",WLD/USDT,Stopped Out,Isolated (5.0X),Long,0,8 hr 13 min,-8.428,100.0,2,0.2729,2,0.273-0.2774,0.2752,,,,,,,,,,,0.2683
2026-03-28 14:56:42,PnLTactics,,"BingX Futures, Binance Futures, Bitget Futures, BloFin Futures, ByBit USDT, KuCoin Futures",C/USDT,Stopped Out,Isolated (6.0X),Short,0,5 hr 4 min,-17.388,100.0,2,0.07971,2,0.07603-0.07963,0.07783000000000001,,,,,,,,,,,0.08202
2026-03-28 14:42:16,PnLTactics,,"BloFin Futures, BingX Futures, Bitget Futures, KuCoin Futures, ByBit USDT, Binance Futures",C/USDT,Stopped Out,Isolated (5.0X),Short,0,5 hr 18 min,-15.0714,100.0,2,0.079455,2,0.07556-0.07947,0.077515,,,,,,,,,,,0.08185
2026-03-28 14:13:25,PnLTactics,,"BingX Futures, Bitget Futures, BloFin Futures, ByBit USDT, KuCoin Futures, Binance Futures",C/USDT,Stopped Out,Isolated (6.0X),Short,0,5 hr 47 min,-13.4697,100.0,2,0.08018,2,0.07809-0.07959,0.07884,,,,,,,,,,,0.08198
2026-03-28 13:41:24,PnLTactics,,"KuCoin Futures, HyperLiquid Futures, Bitget Futures, BloFin Futures, OKX Futures, BingX Futures, Binance Futures, ByBit USDT",SOL/USDT,Stopped Out,Isolated (10.0X),Long,0,10 min,-3.4352,100.0,2,83.547,2,83.38-83.8,83.59,,,,,,,,,,,83.26
2026-03-28 13:25:38,PnLTactics,,"Bitget Futures, BloFin Futures, BingX Futures, KuCoin Futures, Binance Futures, OKX Futures, ByBit USDT",WIF/USDT,Partial Targets Achieved,Isolated (10.0X),Long,2,9 hr 46 min,11.6498,100.0,2,0.1774,2,0.1774-0.1786,0.178,0.1802,0.1825,,,,,,,,,0.1757
2026-03-28 13:13:00,PnLTactics,,"HyperLiquid Futures, BloFin Futures, BingX Futures, ByBit USDT, KuCoin Futures, Binance Futures, Bitget Futures, OKX Futures",WIF/USDT,Partial Targets Achieved,Isolated (5.0X),Long,2,10 hr 3 min,5.6593,100.0,2,0.1767,2,0.1767-0.1772,0.17695,0.1794,0.1816,,,,,,,,,0.1751
2026-03-28 12:57:33,PnLTactics,,"Bitget Futures, OKX Futures, BloFin Futures, BingX Futures, HyperLiquid Futures, ByBit USDT, Binance Futures, KuCoin Futures",AAVE/USDT,Stopped Out,Isolated (5.0X),Short,0,44 min,-3.3143,100.0,2,96.55000000000001,2,96.05-96.56,96.305,,,,,,,,,,,97.19
2026-03-28 12:53:42,PnLTactics,,"BingX Futures, Binance Futures, KuCoin Futures, OKX Futures, BloFin Futures, ByBit USDT, Bitget Futures",NIGHT/USDT,Partial Targets Achieved,Isolated (10.0X),Long,2,15 hr 59 min,19.604,100.0,2,0.0505,2,0.0505-0.05103,0.050765000000000005,0.05183,0.05293,,,,,,,,,0.04971
2026-03-28 12:40:29,PnLTactics,,"Bitget Futures, BloFin Futures, BingX Futures, KuCoin Futures, Binance Futures, OKX Futures, ByBit USDT",NIGHT/USDT,Partial Targets Achieved,Isolated (5.0X),Long,2,18 hr 55 min,10.1905,100.0,2,0.05021,2,0.05023-0.05104,0.050635,0.05158,0.05269,,,,,,,,,0.04943
2026-03-28 12:38:52,PnLTactics,,"BingX Futures, BloFin Futures, Bitget Futures, KuCoin Futures, Binance Futures, ByBit USDT",C/USDT,Stopped Out,Isolated (5.0X),Short,0,12 hr 24 min,-14.7853,100.0,2,0.0815,2,0.07754-0.08147,0.07950499999999999,,,,,,,,,,,0.08391
2026-03-28 12:12:06,PnLTactics,,"HyperLiquid Futures, BloFin Futures, Bitget Futures, OKX Futures, BingX Futures, ByBit USDT, Binance Futures, KuCoin Futures",WIF/USDT,Partial Targets Achieved,Isolated (5.0X),Long,2,11 hr 4 min,5.4513,100.0,2,0.17641,2,0.1765-0.1777,0.17709999999999998,0.179,0.181,,,,,,,,,0.175
2026-03-28 12:09:46,PnLTactics,,"BloFin Futures, Bitget Futures, BingX Futures, Binance Futures, ByBit USDT, KuCoin Futures",C/USDT,Stopped Out,Isolated (5.0X),Short,0,1 hr 38 min,-14.9626,100.0,2,0.0802,2,0.07917-0.08019,0.07968,,,,,,,,,,,0.0826
2026-03-28 12:04:02,PnLTactics,,"BingX Futures, Binance Futures, BloFin Futures, Bitget Futures, ByBit USDT, KuCoin Futures",C/USDT,Stopped Out,Isolated (5.0X),Short,0,12 hr 59 min,-15.0726,100.0,2,0.08061,2,0.07917-0.08062,0.079895,,,,,,,,,,,0.08304
2026-03-28 11:56:53,PnLTactics,,"BloFin Futures, KuCoin Futures, BingX Futures, ByBit USDT, OKX Futures, Bitget Futures, Binance Futures",NIGHT/USDT,Partial Targets Achieved,Isolated (5.0X),Long,2,20 hr 32 min,10.7055,100.0,2,0.05013,2,0.05015-0.05084,0.050495,0.05157,0.05273,,,,,,,,,0.04931
2026-03-28 11:55:08,PnLTactics,,"HyperLiquid Futures, KuCoin Futures, BingX Futures, OKX Futures, ByBit USDT, Bitget Futures, Binance Futures, BloFin Futures",XRP/USDT,Partial Targets Achieved,Isolated (5.0X),Long,1,11 hr 16 min,-0.2986,100.0,2,1.3398,2,1.3399-1.3429,1.3414000000000001,1.3546,,,,,,,,,,1.3312
2026-03-28 11:49:47,PnLTactics,,"HyperLiquid Futures, BingX Futures, KuCoin Futures, ByBit USDT, Binance Futures, Bitget Futures, BloFin Futures, OKX Futures",XRP/USDT,Partial Targets Achieved,Isolated (5.0X),Long,1,11 hr 22 min,-0.3358,100.0,2,1.3402,2,1.3402-1.3429,1.34155,1.3549,,,,,,,,,,1.3315
2026-03-28 11:40:02,PnLTactics,,"BingX Futures, KuCoin Futures, BloFin Futures, ByBit USDT, Binance Futures, Bitget Futures, OKX Futures",NIGHT/USDT,Partial Targets Achieved,Isolated (5.0X),Long,2,20 hr 50 min,11.0022,100.0,2,0.04999,2,0.05002-0.05079,0.050405000000000005,0.05146,0.05264,,,,,,,,,0.04917
2026-03-28 10:54:00,PnLTactics,,"Bitget Futures, Binance Futures, ByBit USDT, BingX Futures, KuCoin Futures",B3/USDT,Stopped Out,Isolated (10.0X),Short,0,17 min,-29.8616,100.0,2,0.00034325,2,0.0003432-0.0003433,0.00034325,,,,,,,,,,,0.0003535
2026-03-28 10:41:06,PnLTactics,,"BingX Futures, Binance Futures, Bitget Futures, ByBit USDT, KuCoin Futures",B3/USDT,Partial Targets Achieved,Isolated (5.0X),Short,1,1 hr 2 min,-14.2061,100.0,2,0.000359,2,0.000356-0.0003584,0.0003572,,,,,,,,,,,0.0003692
2026-03-28 10:34:26,PnLTactics,,"Bitget Futures, BingX Futures, Binance Futures, ByBit USDT, KuCoin Futures",B3/USDT,Stopped Out,Isolated (5.0X),Short,0,1 hr 9 min,-14.5617,100.0,2,0.0003571,2,0.000356-0.0003568,0.0003564,,,,,,,,,,,0.0003675
2026-03-28 10:06:00,PnLTactics,,"KuCoin Futures, HyperLiquid Futures, Bitget Futures, BingX Futures, ByBit USDT, Binance Futures, BloFin Futures, OKX Futures",XRP/USDT,Partial Targets Achieved,Isolated (5.0X),Long,1,13 hr 5 min,-0.5743,100.0,2,1.3422749999999999,2,1.3416-1.343,1.3422999999999998,1.3564,,,,,,,,,,1.3329
2026-03-28 10:00:43,PnLTactics,,"HyperLiquid Futures, BingX Futures, OKX Futures, ByBit USDT, Bitget Futures, BloFin Futures, KuCoin Futures, Binance Futures",WIF/USDT,All Targets Achieved,Isolated (5.0X),Long,3,5 hr 19 min,12.8351,100.0,2,0.175235,2,0.1752-0.176,0.17559999999999998,0.1776,0.1796,0.182,,,,,,,,
2026-03-28 09:59:07,PnLTactics,,"Bitget Futures, BloFin Futures, Binance Futures, BingX Futures, KuCoin Futures, ByBit USDT",KITE/USDT,Stopped Out,Isolated (5.0X),Short,0,57 min,-7.7754,100.0,2,0.17041,2,0.1682-0.17043,0.169315,,,,,,,,,,,0.17306
2026-03-28 09:53:39,PnLTactics,,"Bitget Futures, BloFin Futures, Binance Futures, KuCoin Futures, BingX Futures, ByBit USDT",KITE/USDT,Stopped Out,Isolated (5.0X),Short,0,59 min,-7.6394,100.0,2,0.17017,2,0.1682-0.17014,0.16917,,,,,,,,,,,0.17277
2026-03-28 09:44:11,PnLTactics,,"BloFin Futures, Bitget Futures, Binance Futures, BingX Futures, KuCoin Futures, ByBit USDT",KITE/USDT,Stopped Out,Isolated (5.0X),Short,0,1 hr 17 min,-7.9499,100.0,2,0.171385,2,0.16896-0.17143,0.17019499999999999,,,,,,,,,,,0.17411
2026-03-28 09:40:25,PnLTactics,,"BloFin Futures, HyperLiquid Futures, BingX Futures, ByBit USDT, Bitget Futures, OKX Futures, Binance Futures, KuCoin Futures",FIL/USDT,Stopped Out,Isolated (5.0X),Short,0,2 hr 9 min,-3.672,100.0,2,0.817,2,0.815-0.817,0.816,,,,,,,,,,,0.823
2026-03-28 09:38:02,PnLTactics,,"BloFin Futures, Bitget Futures, Binance Futures, BingX Futures, KuCoin Futures, ByBit USDT",KITE/USDT,Stopped Out,Isolated (5.0X),Short,0,1 hr 19 min,-7.962,100.0,2,0.171125,2,0.16896-0.17123,0.170095,,,,,,,,,,,0.17385
2026-03-28 09:34:10,PnLTactics,,"BloFin Futures, BingX Futures, HyperLiquid Futures, Bitget Futures, ByBit USDT, KuCoin Futures, Binance Futures, OKX Futures",FIL/USDT,Stopped Out,Isolated (5.0X),Short,0,2 hr 15 min,-3.6675,100.0,2,0.818,2,0.815-0.818,0.8165,,,,,,,,,,,0.824
2026-03-28 09:24:43,PnLTactics,,"HyperLiquid Futures, KuCoin Futures, Binance Futures, BloFin Futures, Bitget Futures, BingX Futures, ByBit USDT, OKX Futures",WLD/USDT,Stopped Out,Isolated (10.0X),Long,0,21 min,-20.4604,100.0,2,0.2737,2,0.2738-0.2815,0.27764999999999995,,,,,,,,,,,0.2681
2026-03-28 06:44:11,PnLTactics,,"Bitget Futures, BingX Futures, BloFin Futures, KuCoin Futures, OKX Futures, Binance Futures, HyperLiquid Futures, ByBit USDT",BTC/USDT,Partial Targets Achieved,Isolated (6.0X),Long,1,1 day 15 hr,-0.3746,100.0,2,66415.0,2,66417.8-66628.7,66523.25,67148.4,,,,,,,,,,65986.1
2026-03-28 05:29:56,PnLTactics,,"KuCoin Futures, HyperLiquid Futures, ByBit USDT, BingX Futures, BloFin Futures, OKX Futures, Binance Futures, Bitget Futures",XRP/USDT,Partial Targets Achieved,Isolated (6.0X),Long,1,1 day,0.3591,100.0,2,1.3367,2,1.335-1.3384,1.3367,1.3531,,,,,,,,,,1.3297
2026-03-28 05:25:33,PnLTactics,,"Bitget Futures, Binance Futures, BloFin Futures, BingX Futures, KuCoin Futures, ByBit USDT",KITE/USDT,Stopped Out,Isolated (6.0X),Short,0,23 min,-8.6381,100.0,2,0.17087,2,0.16746-0.17067,0.169065,,,,,,,,,,,0.17333
2026-03-28 05:23:50,PnLTactics,,"KuCoin Futures, ByBit USDT, HyperLiquid Futures, Bitget Futures, Binance Futures, BloFin Futures, OKX Futures, BingX Futures",XRP/USDT,Partial Targets Achieved,Isolated (6.0X),Long,1,1 day,0.4042,100.0,2,1.3359,2,1.335-1.3377,1.33635,1.3524,,,,,,,,,,1.329
2026-03-28 04:58:19,PnLTactics,,"KuCoin Futures, BloFin Futures, BingX Futures, ByBit USDT, Binance Futures, Bitget Futures",STG/USDT,Stopped Out,Isolated (6.0X),Short,0,35 min,-14.4854,100.0,2,0.23609999999999998,2,0.232-0.2362,0.2341,,,,,,,,,,,0.2418
2026-03-28 04:52:53,PnLTactics,,"KuCoin Futures, ByBit USDT, Bitget Futures, BloFin Futures, BingX Futures, Binance Futures",STG/USDT,Stopped Out,Isolated (7.0X),Short,0,2 hr 15 min,-17.1525,100.0,2,0.2367,2,0.232-0.2369,0.23445,,,,,,,,,,,0.2425
2026-03-28 04:36:55,PnLTactics,,"BingX Futures, ByBit USDT, BloFin Futures, KuCoin Futures, Binance Futures, Bitget Futures, OKX Futures",PIPPIN/USDT,Stopped Out,Isolated (7.0X),Long,0,25 min,-20.7363,100.0,2,0.0584,2,0.05842-0.06098,0.0597,,,,,,,,,,,0.05667
2026-03-28 04:24:19,PnLTactics,,"BingX Futures, BloFin Futures, HyperLiquid Futures, ByBit USDT, Bitget Futures, OKX Futures, Binance Futures, KuCoin Futures",AAVE/USDT,Stopped Out,Isolated (7.0X),Short,0,1 hr 54 min,-4.8966,100.0,2,96.495,2,95.6-96.54,96.07,,,,,,,,,,,97.17
2026-03-28 04:06:03,PnLTactics,,"ByBit USDT, BingX Futures, OKX Futures, Bitget Futures, BloFin Futures, Binance Futures, HyperLiquid Futures, KuCoin Futures",AAVE/USDT,Stopped Out,Isolated (7.0X),Short,0,2 hr 12 min,-4.4212,100.0,2,96.58,2,95.93-96.56,96.245,,,,,,,,,,,97.19
2026-03-28 03:58:03,PnLTactics,,"BloFin Futures, Bitget Futures, BingX Futures, HyperLiquid Futures, ByBit USDT, Binance Futures, KuCoin Futures, OKX Futures",AAVE/USDT,Stopped Out,Isolated (7.0X),Short,0,2 hr 20 min,-4.6338,100.0,2,96.68,2,96.33-96.69,96.50999999999999,,,,,,,,,,,97.32
2026-03-28 03:52:35,PnLTactics,,"BloFin Futures, HyperLiquid Futures, BingX Futures, ByBit USDT, Binance Futures, Bitget Futures, KuCoin Futures, OKX Futures",AAVE/USDT,Stopped Out,Isolated (7.0X),Short,0,2 hr 27 min,-4.4171,100.0,2,96.67,2,96.33-96.65,96.49000000000001,,,,,,,,,,,97.28
2026-03-28 03:12:44,PnLTactics,,"HyperLiquid Futures, Bitget Futures, BingX Futures, OKX Futures, BloFin Futures, ByBit USDT, Binance Futures, KuCoin Futures",WLD/USDT,Stopped Out,Isolated (7.0X),Short,0,1 hr 8 min,-10.4129,100.0,2,0.24604,2,0.2403-0.246,0.24315,,,,,,,,,,,0.2497
2026-03-28 02:58:59,PnLTactics,,"Bitget Futures, BingX Futures, KuCoin Futures, Binance Futures",BR/USDT,Stopped Out,Isolated (7.0X),Short,0,7 min,-17.622,100.0,2,0.12195,2,0.11666-0.12138,0.11902,,,,,,,,,,,0.12502
2026-03-28 02:57:26,PnLTactics,,"BloFin Futures, BingX Futures, ByBit USDT, OKX Futures, Binance Futures, Bitget Futures, HyperLiquid Futures, KuCoin Futures",AAVE/USDT,Stopped Out,Isolated (7.0X),Short,0,4 hr 59 min,-5.0142,100.0,2,97.025,2,96.44-97.04,96.74000000000001,,,,,,,,,,,97.72
2026-03-28 02:51:48,PnLTactics,,"Bitget Futures, KuCoin Futures, Binance Futures, BingX Futures",BR/USDT,Stopped Out,Isolated (7.0X),Short,0,14 min,-22.1914,100.0,2,0.120655,2,0.11666-0.12085,0.118755,,,,,,,,,,,0.12448
2026-03-28 02:21:41,PnLTactics,,"BloFin Futures, HyperLiquid Futures, Bitget Futures, ByBit USDT, OKX Futures, Binance Futures, KuCoin Futures, BingX Futures",ENA/USDT,Stopped Out,Isolated (7.0X),Short,0,2 hr 25 min,-7.1348,100.0,2,0.0883,2,0.0876-0.0882,0.0879,,,,,,,,,,,0.0892
2026-03-28 01:16:31,PnLTactics,,"KuCoin Futures, BingX Futures, Bitget Futures, Binance Futures, BloFin Futures, ByBit USDT",STG/USDT,Stopped Out,Isolated (7.0X),Short,0,46 min,-19.3175,100.0,2,0.23735,2,0.2337-0.2377,0.2357,,,,,,,,,,,0.2439
2026-03-28 01:12:52,PnLTactics,,"BingX Futures, BloFin Futures, HyperLiquid Futures, KuCoin Futures, OKX Futures, ByBit USDT, Bitget Futures, Binance Futures",WLD/USDT,Stopped Out,Isolated (6.0X),Short,0,4 hr 39 min,-8.7308,100.0,2,0.2474,2,0.2438-0.2471,0.24545,,,,,,,,,,,0.251
2026-03-28 01:10:48,PnLTactics,,"Bitget Futures, BloFin Futures, Binance Futures, BingX Futures, KuCoin Futures, ByBit USDT",KITE/USDT,Partial Targets Achieved,Isolated (6.0X),Short,1,55 min,-0.5324,100.0,2,0.17656,2,0.17456-0.17648,0.17552,0.17253,,,,,,,,,,0.17881
2026-03-28 01:08:31,PnLTactics,,"BingX Futures, Binance Futures, ByBit USDT, Bitget Futures, BloFin Futures, KuCoin Futures",STG/USDT,Stopped Out,Isolated (6.0X),Short,0,53 min,-14.2797,100.0,2,0.2395,2,0.2337-0.2392,0.23645,,,,,,,,,,,0.2452
2026-03-28 01:04:57,PnLTactics,,"Bitget Futures, BingX Futures, BloFin Futures, Binance Futures, KuCoin Futures, ByBit USDT",KITE/USDT,Partial Targets Achieved,Isolated (6.0X),Short,1,1 hr 1 min,-0.5076,100.0,2,0.1773,2,0.17456-0.17722,0.17589,0.17343,,,,,,,,,,0.17946
2026-03-28 00:59:35,PnLTactics,,"HyperLiquid Futures, BingX Futures, ByBit USDT, Binance Futures, BloFin Futures, OKX Futures, KuCoin Futures, Bitget Futures",WLD/USDT,Partial Targets Achieved,Isolated (6.0X),Short,1,5 hr 17 min,-1.201,100.0,2,0.24980000000000002,2,0.2451-0.2499,0.2475,0.2437,,,,,,,,,,0.2536
2026-03-28 00:57:57,PnLTactics,,"BingX Futures, BloFin Futures, Binance Futures, ByBit USDT, KuCoin Futures, Bitget Futures",STG/USDT,Stopped Out,Isolated (6.0X),Short,0,1 hr 6 min,-15.0967,100.0,2,0.24045,2,0.2333-0.2405,0.2369,,,,,,,,,,,0.2465
2026-03-28 00:50:19,PnLTactics,,"Bitget Futures, BingX Futures, BloFin Futures, Binance Futures, KuCoin Futures, ByBit USDT",KITE/USDT,Partial Targets Achieved,Isolated (6.0X),Short,1,1 hr 16 min,-0.9548,100.0,2,0.177005,2,0.17524-0.17706,0.17615,0.17336,,,,,,,,,,0.17925
2026-03-28 00:09:15,PnLTactics,,"BingX Futures, KuCoin Futures, BloFin Futures, Binance Futures, Bitget Futures, ByBit USDT",STG/USDT,Stopped Out,Isolated (7.0X),Short,0,1 hr 51 min,-17.714,100.0,2,0.2371,2,0.2328-0.2369,0.23485,,,,,,,,,,,0.2431
2026-03-27 23:58:09,PnLTactics,,"HyperLiquid Futures, Bitget Futures, BloFin Futures, ByBit USDT, OKX Futures, Binance Futures, BingX Futures, KuCoin Futures",ENA/USDT,Stopped Out,Isolated (7.0X),Short,0,6 hr 37 min,-8.8249,100.0,2,0.0888795,2,0.088-0.0889,0.08845,,,,,,,,,,,0.09
2026-03-27 23:54:40,PnLTactics,,"HyperLiquid Futures, BloFin Futures, BingX Futures, ByBit USDT, Binance Futures, OKX Futures, KuCoin Futures, Bitget Futures",WLD/USDT,Partial Targets Achieved,Isolated (6.0X),Short,1,6 hr 22 min,-0.4953,100.0,2,0.25036,2,0.2472-0.2502,0.24869999999999998,0.2443,,,,,,,,,,0.2537
2026-03-27 23:52:52,PnLTactics,,"ByBit USDT, HyperLiquid Futures, BloFin Futures, OKX Futures, Binance Futures, BingX Futures, KuCoin Futures, Bitget Futures",ENA/USDT,Stopped Out,Isolated (7.0X),Short,0,6 hr 27 min,-8.8408,100.0,2,0.08868000000000001,2,0.088-0.0887,0.08835,,,,,,,,,,,0.0898
2026-03-27 23:12:51,PnLTactics,,"HyperLiquid Futures, BloFin Futures, BingX Futures, ByBit USDT, KuCoin Futures, Binance Futures, Bitget Futures, OKX Futures",WLD/USDT,Partial Targets Achieved,Isolated (7.0X),Short,1,7 hr 4 min,-1.2911,100.0,2,0.250305,2,0.2497-0.2504,0.25005,0.2445,,,,,,,,,,0.2539
2026-03-27 22:42:55,PnLTactics,,"Bitget Futures, BloFin Futures, Binance Futures, BingX Futures, ByBit USDT, KuCoin Futures, OKX Futures",PROVE/USDT,All Targets Achieved,Isolated (7.0X),Short,3,1 day 6 hr,43.0879,100.0,2,0.2621,2,0.2566-0.262,0.2593,0.2535,0.2465,0.2379,,,,,,,,
2026-03-27 22:27:37,PnLTactics,,"BingX Futures, HyperLiquid Futures, OKX Futures, BloFin Futures, ByBit USDT, Binance Futures, Bitget Futures, KuCoin Futures",ENA/USDT,Stopped Out,Isolated (7.0X),Short,0,2 hr 3 min,-6.3063,100.0,2,0.0888,2,0.0879-0.0885,0.0882,,,,,,,,,,,0.0896
2026-03-27 22:24:15,PnLTactics,,"BloFin Futures, BingX Futures, KuCoin Futures, OKX Futures, Binance Futures, Bitget Futures, ByBit USDT",RIVER/USDT,Stopped Out,Isolated (7.0X),Short,0,2 hr 10 min,-20.5653,100.0,2,12.594,2,12.273-12.586,12.4295,,,,,,,,,,,12.964
2026-03-27 22:14:31,PnLTactics,,"BloFin Futures, HyperLiquid Futures, ByBit USDT, OKX Futures, KuCoin Futures, Binance Futures, Bitget Futures, BingX Futures",ENA/USDT,Stopped Out,Isolated (7.0X),Short,0,8 hr 43 min,-9.0399,100.0,2,0.08904999999999999,2,0.0882-0.0891,0.08865,,,,,,,,,,,0.0902
2026-03-27 22:08:36,PnLTactics,,"BloFin Futures, HyperLiquid Futures, ByBit USDT, OKX Futures, KuCoin Futures, Binance Futures, Bitget Futures, BingX Futures",ENA/USDT,Stopped Out,Isolated (7.0X),Short,0,8 hr 49 min,-7.8475,100.0,2,0.0892,2,0.0882-0.0891,0.08865,,,,,,,,,,,0.0902
2026-03-27 22:06:54,PnLTactics,,"BingX Futures, ByBit USDT, HyperLiquid Futures, OKX Futures, Binance Futures, Bitget Futures, BloFin Futures, KuCoin Futures",WLD/USDT,Partial Targets Achieved,Isolated (6.0X),Short,2,8 hr 53 min,9.8078,100.0,2,0.2549,2,0.2505-0.2548,0.25265000000000004,0.2493,0.2448,,,,,,,,,0.2581
2026-03-27 21:51:11,PnLTactics,,"HyperLiquid Futures, ByBit USDT, BingX Futures, BloFin Futures, Bitget Futures, Binance Futures, OKX Futures, KuCoin Futures",WLD/USDT,Partial Targets Achieved,Isolated (6.0X),Short,2,9 hr 10 min,9.5944,100.0,2,0.2564,2,0.2542-0.2564,0.25529999999999997,0.2509,0.2463,,,,,,,,,0.2597
2026-03-27 21:43:56,PnLTactics,,"BloFin Futures, OKX Futures, Binance Futures, ByBit USDT, BingX Futures, KuCoin Futures, Bitget Futures",WIF/USDT,Stopped Out,Isolated (7.0X),Short,0,3 hr 20 min,-11.4821,100.0,2,0.1707,2,0.1689-0.1704,0.16965,,,,,,,,,,,0.1735
2026-03-27 21:38:05,PnLTactics,,"Bitget Futures, OKX Futures, BingX Futures, ByBit USDT, Binance Futures, BloFin Futures, KuCoin Futures",WIF/USDT,Stopped Out,Isolated (7.0X),Short,0,3 hr 6 min,-12.5551,100.0,2,0.17005,2,0.1689-0.1701,0.16949999999999998,,,,,,,,,,,0.1731
2026-03-27 21:22:53,PnLTactics,,"KuCoin Futures, HyperLiquid Futures, BingX Futures, Bitget Futures, Binance Futures, BloFin Futures, ByBit USDT, OKX Futures",WLD/USDT,All Targets Achieved,Isolated (6.0X),Short,3,4 hr 12 min,23.8794,100.0,2,0.2588,2,0.2571-0.2588,0.25795,0.2533,0.2488,0.2434,,,,,,,,
2026-03-27 20:43:54,PnLTactics,,"BloFin Futures, Bitget Futures, HyperLiquid Futures, OKX Futures, ByBit USDT, KuCoin Futures, Binance Futures, BingX Futures",ENA/USDT,Stopped Out,Isolated (6.0X),Short,0,10 hr 27 min,-7.7224,100.0,2,0.08935,2,0.088-0.0894,0.0887,,,,,,,,,,,0.0905
2026-03-27 20:26:25,PnLTactics,,"BloFin Futures, Bitget Futures, OKX Futures, ByBit USDT, BingX Futures, HyperLiquid Futures, Binance Futures, KuCoin Futures",LTC/USDT,Stopped Out,Isolated (7.0X),Short,0,3 hr 27 min,-4.3283,100.0,2,53.37,2,53.14-53.35,53.245000000000005,,,,,,,,,,,53.7
2026-03-27 20:12:37,PnLTactics,,"BloFin Futures, OKX Futures, HyperLiquid Futures, BingX Futures, ByBit USDT, Binance Futures, Bitget Futures, KuCoin Futures",LTC/USDT,Stopped Out,Isolated (6.0X),Short,0,14 hr,-4.0862,100.0,2,53.595,2,53.23-53.61,53.42,,,,,,,,,,,53.96
2026-03-27 19:44:17,PnLTactics,,"KuCoin Futures, HyperLiquid Futures, BingX Futures, BloFin Futures, Binance Futures, Bitget Futures, OKX Futures, ByBit USDT",WLD/USDT,All Targets Achieved,Isolated (6.0X),Short,3,5 hr 49 min,26.1868,100.0,2,0.2612,2,0.2561-0.261,0.25855,0.255,0.2502,0.2442,,,,,,,,
2026-03-27 19:41:45,PnLTactics,,"BloFin Futures, OKX Futures, HyperLiquid Futures, ByBit USDT, KuCoin Futures, Binance Futures, BingX Futures, Bitget Futures",ENA/USDT,Partial Targets Achieved,Isolated (6.0X),Short,1,11 hr 48 min,-1.2215,100.0,2,0.09004999999999999,2,0.0885-0.0901,0.08929999999999999,0.0881,,,,,,,,,,0.0913
2026-03-27 19:28:13,PnLTactics,,"BloFin Futures, OKX Futures, BingX Futures, Binance Futures, KuCoin Futures, Bitget Futures, ByBit USDT",WIF/USDT,Stopped Out,Isolated (6.0X),Short,0,1 hr 18 min,-5.9545,100.0,2,0.1713,2,0.1686-0.1711,0.16985,,,,,,,,,,,0.173
2026-03-27 19:12:26,PnLTactics,,"BloFin Futures, HyperLiquid Futures, BingX Futures, ByBit USDT, Binance Futures, Bitget Futures, OKX Futures, KuCoin Futures",LTC/USDT,Stopped Out,Isolated (6.0X),Short,0,15 hr,-3.5801,100.0,2,53.63,2,53.32-53.6,53.46,,,,,,,,,,,53.95
2026-03-27 19:09:57,PnLTactics,,"BloFin Futures, BingX Futures, Bitget Futures, Binance Futures, HyperLiquid Futures, OKX Futures, ByBit USDT, KuCoin Futures",ENA/USDT,Partial Targets Achieved,Isolated (6.0X),Short,1,12 hr 8 min,0.6659,100.0,2,0.0901,2,0.0887-0.0899,0.08929999999999999,0.0878,,,,,,,,,,0.0911
2026-03-27 18:57:18,PnLTactics,,"KuCoin Futures, ByBit USDT, BingX Futures, BloFin Futures, Binance Futures, Bitget Futures",KITE/USDT,All Targets Achieved,Isolated (6.0X),Short,3,10 hr 24 min,34.4146,100.0,2,0.1862,2,0.18275-0.18457,0.18366,0.17975,0.17581,0.171,,,,,,,,
2026-03-27 18:54:47,PnLTactics,,"BloFin Futures, BingX Futures, HyperLiquid Futures, OKX Futures, ByBit USDT, KuCoin Futures, Binance Futures, Bitget Futures",ENA/USDT,Partial Targets Achieved,Isolated (6.0X),Short,1,12 hr 35 min,-0.222,100.0,2,0.0901,2,0.0885-0.09,0.08925,0.088,,,,,,,,,,0.0912
2026-03-27 18:44:05,PnLTactics,,"BloFin Futures, BingX Futures, Bitget Futures, Binance Futures, OKX Futures, HyperLiquid Futures, ByBit USDT, KuCoin Futures",ENA/USDT,Partial Targets Achieved,Isolated (6.0X),Short,1,12 hr 34 min,-0.6674,100.0,2,0.0899,2,0.0885-0.0899,0.0892,0.0878,,,,,,,,,,0.0911
2026-03-27 18:41:39,PnLTactics,,"HyperLiquid Futures, BingX Futures, OKX Futures, Binance Futures, Bitget Futures, ByBit USDT, BloFin Futures, KuCoin Futures",AVAX/USDT,Stopped Out,Isolated (6.0X),Short,0,1 hr 20 min,-4.765,100.0,2,8.7009,2,8.6-8.7,8.649999999999999,,,,,,,,,,,8.77
2026-03-27 18:40:00,PnLTactics,,"HyperLiquid Futures, BloFin Futures, BingX Futures, KuCoin Futures, OKX Futures, Bitget Futures, Binance Futures, ByBit USDT",WLD/USDT,All Targets Achieved,Isolated (6.0X),Short,3,6 hr 48 min,26.1748,100.0,2,0.262275,2,0.2581-0.2623,0.2602,0.2562,0.2512,0.2451,,,,,,,,
2026-03-27 18:29:21,PnLTactics,,"KuCoin Futures, HyperLiquid Futures, BloFin Futures, Bitget Futures, Binance Futures, BingX Futures, ByBit USDT, OKX Futures",WLD/USDT,All Targets Achieved,Isolated (6.0X),Short,3,6 hr 58 min,26.4237,100.0,2,0.2634,2,0.2587-0.2632,0.26095,0.2571,0.2522,0.2461,,,,,,,,
2026-03-27 18:27:44,PnLTactics,,"HyperLiquid Futures, BingX Futures, OKX Futures, Binance Futures, Bitget Futures, ByBit USDT, KuCoin Futures, BloFin Futures",XRP/USDT,Stopped Out,Isolated (6.0X),Short,0,1 hr 2 min,-4.3696,100.0,2,1.3182,2,1.3132-1.318,1.3155999999999999,,,,,,,,,,,1.3278
2026-03-27 18:25:33,PnLTactics,,"HyperLiquid Futures, BingX Futures, BloFin Futures, ByBit USDT, Bitget Futures, OKX Futures, Binance Futures, KuCoin Futures",AVAX/USDT,Stopped Out,Isolated (6.0X),Short,0,1 hr 5 min,-5.3757,100.0,2,8.6723,2,8.62-8.68,8.649999999999999,,,,,,,,,,,8.75
2026-03-27 18:12:00,PnLTactics,,"BingX Futures, ByBit USDT, OKX Futures, HyperLiquid Futures, Binance Futures, Bitget Futures, BloFin Futures, KuCoin Futures",AVAX/USDT,Stopped Out,Isolated (6.0X),Short,0,2 hr 57 min,-4.8915,100.0,2,8.709,2,8.66-8.71,8.685,,,,,,,,,,,8.78
2026-03-27 17:56:38,PnLTactics,,"BloFin Futures, Binance Futures, ByBit USDT, BingX Futures, KuCoin Futures",BLUAI/USDT,Stopped Out,Isolated (6.0X),Long,0,13 min,-13.4594,100.0,2,0.009094,2,0.0091-0.00938,0.00924,,,,,,,,,,,0.00889
2026-03-27 17:54:25,PnLTactics,,"KuCoin Futures, HyperLiquid Futures, BloFin Futures, Bitget Futures, BingX Futures, ByBit USDT, Binance Futures, OKX Futures",WLD/USDT,All Targets Achieved,Isolated (6.0X),Short,3,7 hr 16 min,26.5607,100.0,2,0.2643,2,0.2603-0.2642,0.26225,0.258,0.253,0.2468,,,,,,,,
2026-03-27 17:31:03,PnLTactics,,"HyperLiquid Futures, ByBit USDT, BloFin Futures, OKX Futures, Binance Futures, BingX Futures, KuCoin Futures, Bitget Futures",ENA/USDT,Partial Targets Achieved,Isolated (6.0X),Short,1,16 hr 32 min,-0.2364,100.0,2,0.091364,2,0.0908-0.0913,0.09105,0.0892,,,,,,,,,,0.0925
2026-03-27 17:26:45,PnLTactics,,"Binance Futures, Bitget Futures, BingX Futures, BloFin Futures, ByBit USDT, HyperLiquid Futures, OKX Futures, KuCoin Futures",BTC/USDT,Stopped Out,Isolated (6.0X),Short,0,6 hr 37 min,-4.7736,100.0,2,65881.75,2,65673.4-65888.4,65780.9,,,,,,,,,,,66405.9
2026-03-27 17:24:13,PnLTactics,,"Bitget Futures, BingX Futures, Binance Futures, BloFin Futures, KuCoin Futures, ByBit USDT",KITE/USDT,All Targets Achieved,Isolated (6.0X),Short,3,11 hr 51 min,31.315,100.0,2,0.185055,2,0.18193-0.18511,0.18352000000000002,0.17994,0.17571,0.17054,,,,,,,,
2026-03-27 17:13:16,PnLTactics,,"Bitget Futures, KuCoin Futures, BloFin Futures, OKX Futures, ByBit USDT, BingX Futures, Binance Futures",NIGHT/USDT,Stopped Out,Isolated (6.0X),Long,0,5 hr 1 min,-5.1215,100.0,2,0.045689999999999995,2,0.04563-0.04575,0.045689999999999995,,,,,,,,,,,0.0453
2026-03-27 17:09:51,PnLTactics,,"ByBit USDT, Binance Futures, BloFin Futures, HyperLiquid Futures, OKX Futures, KuCoin Futures, Bitget Futures, BingX Futures",ENA/USDT,Partial Targets Achieved,Isolated (6.0X),Short,2,22 hr 10 min,10.1894,100.0,2,0.09186,2,0.0907-0.0918,0.09125,0.0898,0.0881,,,,,,,,,0.093
2026-03-27 16:39:49,PnLTactics,,"HyperLiquid Futures, BloFin Futures, BingX Futures, OKX Futures, Bitget Futures, KuCoin Futures, ByBit USDT, Binance Futures",WLD/USDT,All Targets Achieved,Isolated (6.0X),Short,3,8 hr 34 min,28.0422,100.0,2,0.26453,2,0.2619-0.2645,0.2632,0.2579,0.2526,0.246,,,,,,,,
2026-03-27 16:30:08,PnLTactics,,"Binance Futures, BingX Futures, Bitget Futures, BloFin Futures, ByBit USDT, HyperLiquid Futures, OKX Futures, KuCoin Futures",BTC/USDT,Stopped Out,Isolated (6.0X),Short,0,8 hr 1 min,-4.725,100.0,2,65930.1,2,65479.6-65928.0,65703.8,,,,,,,,,,,66449.3
2026-03-27 16:25:16,PnLTactics,,"KuCoin Futures, HyperLiquid Futures, Bitget Futures, BloFin Futures, BingX Futures, Binance Futures, ByBit USDT, OKX Futures",WLD/USDT,All Targets Achieved,Isolated (6.0X),Short,3,8 hr 45 min,28.7754,100.0,2,0.2662,2,0.2633-0.2659,0.2646,0.2593,0.2538,0.2472,,,,,,,,
2026-03-27 16:23:31,PnLTactics,,"ByBit USDT, Binance Futures, BloFin Futures, HyperLiquid Futures, OKX Futures, KuCoin Futures, Bitget Futures, BingX Futures",ENA/USDT,Partial Targets Achieved,Isolated (6.0X),Short,2,22 hr 57 min,10.421,100.0,2,0.09193,2,0.0915-0.0919,0.0917,0.0898,0.0881,,,,,,,,,0.0931
2026-03-27 16:12:16,PnLTactics,,"Binance Futures, Bitget Futures, BloFin Futures, BingX Futures, HyperLiquid Futures, OKX Futures, ByBit USDT, KuCoin Futures",BTC/USDT,Stopped Out,Isolated (7.0X),Short,0,8 hr 19 min,-5.6071,100.0,2,65916.1,2,65578.7-65916.2,65747.45,,,,,,,,,,,66444.1
2026-03-27 16:08:34,PnLTactics,,"HyperLiquid Futures, BloFin Futures, BingX Futures, KuCoin Futures, OKX Futures, ByBit USDT, Binance Futures, Bitget Futures",WLD/USDT,All Targets Achieved,Isolated (6.0X),Short,3,7 hr 50 min,28.9347,100.0,2,0.26743,2,0.2647-0.267,0.26585000000000003,0.2604,0.2549,0.2483,,,,,,,,
2026-03-27 16:06:55,PnLTactics,,"BloFin Futures, OKX Futures, BingX Futures, Binance Futures, Bitget Futures, ByBit USDT, HyperLiquid Futures, KuCoin Futures",BTC/USDT,Stopped Out,Isolated (7.0X),Short,0,7 hr 52 min,-5.6536,100.0,2,65826.65,2,65578.7-65830.4,65704.54999999999,,,,,,,,,,,66358.3
2026-03-27 15:55:04,PnLTactics,,"KuCoin Futures, BloFin Futures, OKX Futures, BingX Futures, ByBit USDT, Binance Futures, Bitget Futures, HyperLiquid Futures",WLD/USDT,All Targets Achieved,Isolated (6.0X),Short,3,8 hr 3 min,29.2411,100.0,2,0.2688,2,0.2678-0.2681,0.26795,0.2615,0.2561,0.2495,,,,,,,,
2026-03-27 15:47:27,PnLTactics,,"HyperLiquid Futures, BingX Futures, KuCoin Futures, OKX Futures, ByBit USDT, Binance Futures, BloFin Futures, Bitget Futures",WLD/USDT,All Targets Achieved,Isolated (7.0X),Short,3,7 hr 13 min,31.0059,100.0,2,0.27069,2,0.2678-0.2704,0.2691,0.2642,0.2591,0.2528,,,,,,,,
2026-03-27 15:29:50,PnLTactics,,"HyperLiquid Futures, BingX Futures, KuCoin Futures, Bitget Futures, BloFin Futures, OKX Futures, ByBit USDT, Binance Futures",WLD/USDT,All Targets Achieved,Isolated (7.0X),Short,3,6 hr 56 min,31.1002,100.0,2,0.27167,2,0.2688-0.2714,0.2701,0.2651,0.26,0.2537,,,,,,,,
2026-03-27 15:15:53,PnLTactics,,"BloFin Futures, ByBit USDT, KuCoin Futures, BingX Futures, Binance Futures",BLUAI/USDT,Stopped Out,Isolated (6.0X),Long,0,2 hr 57 min,-17.0584,100.0,2,0.008934,2,0.00895-0.00935,0.00915,,,,,,,,,,,0.00868
2026-03-27 14:42:43,PnLTactics,,"Binance Futures, HyperLiquid Futures, KuCoin Futures, OKX Futures, BingX Futures, ByBit USDT, BloFin Futures, Bitget Futures",SOL/USDT,Stopped Out,Isolated (7.0X),Short,0,41 min,-6.5547,100.0,2,82.765,2,81.57-82.78,82.175,,,,,,,,,,,83.54
2026-03-27 14:40:53,PnLTactics,,"HyperLiquid Futures, ByBit USDT, Bitget Futures, Binance Futures, BingX Futures, OKX Futures, BloFin Futures, KuCoin Futures",BTC/USDT,Stopped Out,Isolated (6.0X),Short,0,43 min,-4.0238,100.0,2,65848.0,2,64948.7-65785.6,65367.15,,,,,,,,,,,66289.6
2026-03-27 14:39:00,PnLTactics,,"BloFin Futures, BingX Futures, ByBit USDT, KuCoin Futures, Binance Futures",BLUAI/USDT,Stopped Out,Isolated (6.0X),Long,0,3 hr 34 min,-17.5281,100.0,2,0.0089,2,0.00891-0.00934,0.009125,,,,,,,,,,,0.00864
2026-03-27 14:00:39,PnLTactics,,"BloFin Futures, BingX Futures, HyperLiquid Futures, ByBit USDT, Bitget Futures, OKX Futures, KuCoin Futures, Binance Futures",ENA/USDT,Stopped Out,Isolated (7.0X),Short,0,1 hr 30 min,-9.4748,100.0,2,0.09234999999999999,2,0.0909-0.0924,0.09165,,,,,,,,,,,0.0936
2026-03-27 13:57:51,PnLTactics,,"BloFin Futures, HyperLiquid Futures, Binance Futures, OKX Futures, ByBit USDT, Bitget Futures, BingX Futures, KuCoin Futures",BTC/USDT,Stopped Out,Isolated (7.0X),Short,0,1 hr 39 min,-4.9311,100.0,2,66074.15,2,65651.9-66080.0,65865.95,,,,,,,,,,,66539.6
2026-03-27 13:40:17,PnLTactics,,"HyperLiquid Futures, BingX Futures, BloFin Futures, OKX Futures, Binance Futures, KuCoin Futures, ByBit USDT, Bitget Futures",ENA/USDT,Partial Targets Achieved,Isolated (7.0X),Short,2,1 day 4 hr,11.6359,100.0,2,0.092945,2,0.0912-0.0929,0.09204999999999999,0.0909,0.0892,,,,,,,,,0.0941
2026-03-27 13:36:42,PnLTactics,,"BloFin Futures, BingX Futures, Bitget Futures, KuCoin Futures, HyperLiquid Futures, OKX Futures, Binance Futures, ByBit USDT",BTC/USDT,Partial Targets Achieved,Isolated (7.0X),Short,1,1 day,-0.875,100.0,2,66201.95,2,65799.7-66240.5,66020.1,65511.9,,,,,,,,,,66671.1
2026-03-27 12:39:49,PnLTactics,,"BloFin Futures, OKX Futures, ByBit USDT, Binance Futures, Bitget Futures, BingX Futures, KuCoin Futures, HyperLiquid Futures",WLD/USDT,All Targets Achieved,Isolated (7.0X),Short,3,9 hr 9 min,29.8598,100.0,2,0.2735,2,0.2689-0.2731,0.271,0.2671,0.2622,0.2562,,,,,,,,
2026-03-27 12:35:20,PnLTactics,,"ByBit USDT, OKX Futures, Binance Futures, BloFin Futures, KuCoin Futures, BingX Futures, HyperLiquid Futures, Bitget Futures",XRP/USDT,Stopped Out,Isolated (7.0X),Short,0,46 min,-4.5307,100.0,2,1.3287,2,1.3157-1.3287,1.3222,,,,,,,,,,,1.3373
2026-03-27 12:29:10,PnLTactics,,"BingX Futures, ByBit USDT, HyperLiquid Futures, OKX Futures, KuCoin Futures, Binance Futures, BloFin Futures, Bitget Futures",XRP/USDT,Stopped Out,Isolated (7.0X),Short,0,52 min,-4.1056,100.0,2,1.3299,2,1.3162-1.3291,1.3226499999999999,,,,,,,,,,,1.3377
2026-03-27 12:23:59,PnLTactics,,"Binance Futures, BingX Futures, ByBit USDT, BloFin Futures, KuCoin Futures",BLUAI/USDT,Stopped Out,Isolated (7.0X),Short,0,18 min,-21.2883,100.0,2,0.007793,2,0.00759-0.0078,0.0076950000000000005,,,,,,,,,,,0.00803
2026-03-27 12:12:45,PnLTactics,,"Binance Futures, BloFin Futures, ByBit USDT, BingX Futures, Bitget Futures, OKX Futures, KuCoin Futures",KAT/USDT,Stopped Out,Isolated (7.0X),Short,0,3 hr 19 min,-15.4107,100.0,2,0.01181,2,0.01143-0.01179,0.011609999999999999,,,,,,,,,,,0.01207
2026-03-27 12:10:15,PnLTactics,,"BingX Futures, BloFin Futures, OKX Futures, Binance Futures, Bitget Futures, KuCoin Futures, ByBit USDT",PROVE/USDT,Stopped Out,Isolated (7.0X),Short,0,8 hr 55 min,-14.2749,100.0,2,0.2648,2,0.2592-0.2648,0.262,,,,,,,,,,,0.2702
2026-03-27 11:45:18,PnLTactics,,"BloFin Futures, BingX Futures, KuCoin Futures, Binance Futures, ByBit USDT",BLUAI/USDT,Stopped Out,Isolated (7.0X),Short,0,1 hr 56 min,-23.1882,100.0,2,0.007879,2,0.00785-0.0079,0.007875,,,,,,,,,,,0.00814
2026-03-27 11:39:37,PnLTactics,,"KuCoin Futures, BingX Futures, BloFin Futures, Binance Futures, ByBit USDT",BLUAI/USDT,Stopped Out,Isolated (7.0X),Short,0,2 hr 1 min,-21.2121,100.0,2,0.00792,2,0.00785-0.00792,0.007885,,,,,,,,,,,0.00816
2026-03-27 11:37:04,PnLTactics,,"Bitget Futures, Binance Futures, BingX Futures, KuCoin Futures, OKX Futures, BloFin Futures, ByBit USDT",BEAT/USDT,Stopped Out,Isolated (7.0X),Short,0,28 min,-19.1897,100.0,2,0.49318,2,0.4829-0.4919,0.4874,,,,,,,,,,,0.5067
2026-03-27 11:09:16,PnLTactics,,"HyperLiquid Futures, KuCoin Futures, Bitget Futures, BloFin Futures, OKX Futures, BingX Futures, ByBit USDT, Binance Futures",WLD/USDT,All Targets Achieved,Isolated (6.0X),Short,3,11 hr 16 min,28.5505,100.0,2,0.27358499999999997,2,0.2693-0.2737,0.27149999999999996,0.2667,0.261,0.254,,,,,,,,
2026-03-27 10:59:41,PnLTactics,,"Bitget Futures, BloFin Futures, BingX Futures, Binance Futures, ByBit USDT, OKX Futures, HyperLiquid Futures, KuCoin Futures",BTC/USDT,Partial Targets Achieved,Isolated (6.0X),Short,1,1 day 2 hr,-0.3648,100.0,2,66454.5,2,66069.7-66445.9,66257.79999999999,65636.9,,,,,,,,,,66923.9
2026-03-27 10:42:27,PnLTactics,,"Bitget Futures, BingX Futures, BloFin Futures, ByBit USDT, Binance Futures, OKX Futures, HyperLiquid Futures, KuCoin Futures",BTC/USDT,Partial Targets Achieved,Isolated (6.0X),Short,2,2 days 16 hr,6.038,50.0,1,66966.4,2,66846.2-67175.5,67010.85,66100.4,65490.2,,,,,,,,,67286.9
2026-03-27 10:36:49,PnLTactics,,"BingX Futures, BloFin Futures, Binance Futures, KuCoin Futures, Bitget Futures, OKX Futures, ByBit USDT",SIGN/USDT,Stopped Out,Isolated (7.0X),Short,0,38 min,-8.7959,100.0,2,0.031435000000000005,2,0.031-0.03144,0.03122,,,,,,,,,,,0.03183
2026-03-27 10:34:07,PnLTactics,,"BloFin Futures, BingX Futures, Bitget Futures, Binance Futures, ByBit USDT, OKX Futures, KuCoin Futures",PROVE/USDT,Stopped Out,Isolated (6.0X),Short,0,10 hr 31 min,-12.9105,100.0,2,0.2649,2,0.2618-0.2646,0.2632,,,,,,,,,,,0.2706
2026-03-27 10:11:58,PnLTactics,,"HyperLiquid Futures, Bitget Futures, BingX Futures, ByBit USDT, BloFin Futures, OKX Futures, Binance Futures, KuCoin Futures",AVAX/USDT,All Targets Achieved,Isolated (7.0X),Short,3,2 days 2 hr,14.5978,100.0,2,8.929549999999999,2,8.86-8.93,8.895,8.83,8.75,8.65,,,,,,,,
2026-03-27 09:58:51,PnLTactics,,"KuCoin Futures, HyperLiquid Futures, OKX Futures, BingX Futures, Bitget Futures, BloFin Futures, Binance Futures, ByBit USDT",BTC/USDT,All Targets Achieved,Isolated (7.0X),Short,3,8 hr 25 min,14.8949,100.0,2,67710.2,2,67148.7-67667.9,67408.29999999999,66923.6,66314.5,65570.2,,,,,,,,
2026-03-27 09:37:17,PnLTactics,,"HyperLiquid Futures, BloFin Futures, KuCoin Futures, OKX Futures, BingX Futures, Binance Futures, ByBit USDT, Bitget Futures",ENA/USDT,All Targets Achieved,Isolated (7.0X),Short,3,12 hr 48 min,31.168,100.0,2,0.095136,2,0.0941-0.0951,0.0946,0.0929,0.091,0.0888,,,,,,,,
2026-03-27 09:11:20,PnLTactics,,"KuCoin Futures, HyperLiquid Futures, Bitget Futures, OKX Futures, BloFin Futures, BingX Futures, Binance Futures, ByBit USDT",BTC/USDT,All Targets Achieved,Isolated (6.0X),Short,3,9 hr 13 min,11.96,100.0,2,67615.20000000001,2,67316.1-67665.8,67490.95000000001,66921.5,66312.5,65568.2,,,,,,,,
2026-03-27 09:09:06,PnLTactics,,"BloFin Futures, Binance Futures, BingX Futures, Bitget Futures, KuCoin Futures, ByBit USDT, OKX Futures",KAT/USDT,Partial Targets Achieved,Isolated (7.0X),Short,1,1 day 11 hr,-1.5556,100.0,2,0.012,2,0.01162-0.01199,0.011805,0.0114,,,,,,,,,,0.01234
2026-03-27 08:41:23,PnLTactics,,"Bitget Futures, BingX Futures, BloFin Futures, HyperLiquid Futures, ByBit USDT, KuCoin Futures, OKX Futures, Binance Futures",XRP/USDT,Partial Targets Achieved,Isolated (6.0X),Short,2,1 day 5 hr,5.4629,100.0,2,1.34545,2,1.3442-1.3461,1.34515,1.3294,1.3173,,,,,,,,,1.3529
2026-03-27 08:36:54,PnLTactics,,"KuCoin Futures, OKX Futures, Bitget Futures, Binance Futures, BloFin Futures, HyperLiquid Futures, ByBit USDT, BingX Futures",BTC/USDT,All Targets Achieved,Isolated (6.0X),Short,3,5 hr 50 min,12.6007,100.0,2,67923.1,2,67899.9-67946.3,67923.1,67153.0,66541.9,65795.0,,,,,,,,
2026-03-27 08:34:30,PnLTactics,,"BingX Futures, Bitget Futures, BloFin Futures, ByBit USDT, OKX Futures, Binance Futures, HyperLiquid Futures, KuCoin Futures",XRP/USDT,All Targets Achieved,Isolated (6.0X),Short,3,2 days 13 hr,12.3502,50.0,1,1.3522,2,1.3461-1.3523,1.3492000000000002,1.3374,1.3253,1.3104,,,,,,,,
2026-03-27 08:29:35,PnLTactics,,"HyperLiquid Futures, KuCoin Futures, BloFin Futures, BingX Futures, Binance Futures, OKX Futures, Bitget Futures, ByBit USDT",BNB/USDT,All Targets Achieved,Isolated (7.0X),Short,3,2 days 14 hr,14.5973,100.0,2,625.0,2,624.9-625.1,625.0,618.0,612.4,605.5,,,,,,,,
2026-03-27 08:27:41,PnLTactics,,"HyperLiquid Futures, KuCoin Futures, BingX Futures, Bitget Futures, OKX Futures, Binance Futures, ByBit USDT, BloFin Futures",TRX/USDT,Stopped Out,Isolated (6.0X),Long,0,46 min,-3.7757,100.0,2,0.31623,2,0.3163-0.3191,0.3177,,,,,,,,,,,0.31424
2026-03-27 08:22:06,PnLTactics,,"HyperLiquid Futures, KuCoin Futures, Bitget Futures, BingX Futures, ByBit USDT, OKX Futures, Binance Futures, BloFin Futures",TRX/USDT,Stopped Out,Isolated (6.0X),Long,0,51 min,-3.8867,100.0,2,0.31646,2,0.31647-0.3191,0.317785,,,,,,,,,,,0.31441
2026-03-27 08:08:35,PnLTactics,,"HyperLiquid Futures, KuCoin Futures, BingX Futures, Binance Futures, BloFin Futures, Bitget Futures, ByBit USDT, OKX Futures",TRX/USDT,Stopped Out,Isolated (6.0X),Long,0,1 hr 2 min,-3.5045,100.0,2,0.31674,2,0.31695-0.31868,0.317815,,,,,,,,,,,0.31489
2026-03-27 07:57:39,PnLTactics,,"BloFin Futures, OKX Futures, BingX Futures, ByBit USDT, Binance Futures, KuCoin Futures, Bitget Futures",PIPPIN/USDT,Stopped Out,Isolated (6.0X),Short,0,10 min,-18.4151,100.0,2,0.050665,2,0.04922-0.0507,0.049960000000000004,,,,,,,,,,,0.05222
2026-03-27 07:41:03,PnLTactics,,"HyperLiquid Futures, KuCoin Futures, BingX Futures, Bitget Futures, ByBit USDT, OKX Futures, Binance Futures, BloFin Futures",TRX/USDT,Stopped Out,Isolated (6.0X),Long,0,1 hr 36 min,-4.1955,100.0,2,0.31605,2,0.31589-0.31692,0.316405,,,,,,,,,,,0.31384
2026-03-27 07:26:27,PnLTactics,,"BloFin Futures, ByBit USDT, OKX Futures, Bitget Futures, BingX Futures, Binance Futures, KuCoin Futures",PIPPIN/USDT,Stopped Out,Isolated (6.0X),Short,0,44 min,-18.3179,100.0,2,0.050769999999999996,2,0.05003-0.0508,0.050415,,,,,,,,,,,0.05232
2026-03-27 07:24:53,PnLTactics,,"BingX Futures, HyperLiquid Futures, ByBit USDT, Bitget Futures, Binance Futures, KuCoin Futures, BloFin Futures, OKX Futures",ONDO/USDT,Stopped Out,Isolated (6.0X),Long,0,8 min,-9.61,100.0,2,0.2872,2,0.2879-0.2919,0.2899,,,,,,,,,,,0.2826
2026-03-27 07:19:58,PnLTactics,,"BingX Futures, OKX Futures, ByBit USDT, Binance Futures, BloFin Futures, KuCoin Futures, Bitget Futures",PIPPIN/USDT,Stopped Out,Isolated (6.0X),Short,0,48 min,-18.0053,100.0,2,0.050485,2,0.05003-0.05049,0.05026,,,,,,,,,,,0.052
2026-03-27 07:08:18,PnLTactics,,"BingX Futures, BloFin Futures, ByBit USDT, KuCoin Futures, Binance Futures, OKX Futures, Bitget Futures",PIPPIN/USDT,Partial Targets Achieved,Isolated (6.0X),Short,1,1 hr 3 min,0.6547,100.0,2,0.05193,2,0.05118-0.05174,0.051460000000000006,0.04904,,,,,,,,,,0.05329
2026-03-27 06:57:34,PnLTactics,,"BingX Futures, HyperLiquid Futures, Bitget Futures, Binance Futures, KuCoin Futures, BloFin Futures, OKX Futures, ByBit USDT",ONDO/USDT,Stopped Out,Isolated (6.0X),Long,0,36 min,-9.6067,100.0,2,0.2873,2,0.2878-0.2946,0.2912,,,,,,,,,,,0.2827
2026-03-27 06:33:53,PnLTactics,,"Bitget Futures, BloFin Futures, ByBit USDT, OKX Futures, BingX Futures, Binance Futures, KuCoin Futures",NIGHT/USDT,Stopped Out,Isolated (6.0X),Short,0,32 min,-4.0495,100.0,2,0.04445,2,0.0438-0.04427,0.044035,,,,,,,,,,,0.04475
2026-03-27 06:28:50,PnLTactics,,"BloFin Futures, HyperLiquid Futures, BingX Futures, KuCoin Futures, OKX Futures, Binance Futures, ByBit USDT, Bitget Futures",WLD/USDT,Stopped Out,Isolated (6.0X),Short,0,1 hr 22 min,-5.3079,100.0,2,0.2826,2,0.2784-0.2821,0.28025,,,,,,,,,,,0.2851
2026-03-27 06:26:11,PnLTactics,,"KuCoin Futures, HyperLiquid Futures, BingX Futures, ByBit USDT, Bitget Futures, Binance Futures",PAXG/USDT,Stopped Out,Isolated (6.0X),Long,0,2 hr 8 min,-4.1873,100.0,2,4466.37,2,4464.2-4500.8,4482.5,,,,,,,,,,,4435.2
2026-03-27 06:19:30,PnLTactics,,"KuCoin Futures, HyperLiquid Futures, BingX Futures, ByBit USDT, Bitget Futures, Binance Futures",PAXG/USDT,Stopped Out,Isolated (6.0X),Long,0,2 hr 8 min,-4.0791,100.0,2,4467.875,2,4466.5-4500.8,4483.65,,,,,,,,,,,4437.5
2026-03-27 05:37:34,PnLTactics,,"KuCoin Futures, HyperLiquid Futures, Bitget Futures, BingX Futures, Binance Futures, ByBit USDT, BloFin Futures, OKX Futures",WLD/USDT,All Targets Achieved,Isolated (6.0X),Short,3,9 hr 40 min,19.5088,100.0,2,0.285,2,0.2811-0.2848,0.28295000000000003,0.28,0.276,0.2712,,,,,,,,
2026-03-27 05:36:02,PnLTactics,,"Bitget Futures, BloFin Futures, BingX Futures, Binance Futures, ByBit USDT, KuCoin Futures",SUPER/USDT,Partial Targets Achieved,Isolated (6.0X),Short,2,20 hr 28 min,11.8158,100.0,2,0.1151,2,0.1143-0.1149,0.11460000000000001,0.1121,0.1098,,,,,,,,,0.1166
2026-03-27 05:28:41,PnLTactics,,"HyperLiquid Futures, BloFin Futures, KuCoin Futures, BingX Futures, ByBit USDT, Binance Futures, Bitget Futures, OKX Futures",WLD/USDT,All Targets Achieved,Isolated (6.0X),Short,3,9 hr 49 min,19.8715,100.0,2,0.28473,2,0.2827-0.2847,0.2837,0.2797,0.2756,0.2706,,,,,,,,
2026-03-27 05:23:51,PnLTactics,,"KuCoin Futures, HyperLiquid Futures, ByBit USDT, OKX Futures, BloFin Futures, Binance Futures, BingX Futures, Bitget Futures",ENA/USDT,Stopped Out,Isolated (6.0X),Long,0,1 hr 40 min,-7.2581,100.0,2,0.0992,2,0.0991-0.0998,0.09945,,,,,,,,,,,0.098
2026-03-27 04:57:03,PnLTactics,,"BloFin Futures, Bitget Futures, BingX Futures, Binance Futures, OKX Futures, ByBit USDT, KuCoin Futures",NIGHT/USDT,Partial Targets Achieved,Isolated (6.0X),Short,1,12 hr 18 min,-0.6596,100.0,2,0.04548,2,0.04506-0.04548,0.045270000000000005,0.04471,,,,,,,,,,0.04594
2026-03-27 03:28:41,PnLTactics,,"Binance Futures, BloFin Futures, Bitget Futures, BingX Futures, ByBit USDT, OKX Futures, KuCoin Futures",KAT/USDT,Stopped Out,Isolated (6.0X),Short,0,2 hr 7 min,-16.8946,100.0,2,0.01243,2,0.01198-0.01243,0.012205,,,,,,,,,,,0.01278
2026-03-27 03:06:12,PnLTactics,,"BingX Futures, BloFin Futures, KuCoin Futures, Bitget Futures, Binance Futures, ByBit USDT, OKX Futures",BEAT/USDT,Partial Targets Achieved,Isolated (6.0X),Short,2,9 hr 1 min,23.8442,100.0,2,0.52885,2,0.5074-0.529,0.5182,0.5012,0.4774,,,,,,,,,0.5449
2026-03-27 02:34:35,PnLTactics,,"HyperLiquid Futures, KuCoin Futures, BloFin Futures, BingX Futures, ByBit USDT, Binance Futures, OKX Futures, Bitget Futures",ONDO/USDT,Stopped Out,Isolated (6.0X),Long,0,32 min,-8.3473,100.0,2,0.28608,2,0.2866-0.292,0.2893,,,,,,,,,,,0.2821
2026-03-27 02:19:29,PnLTactics,,"BloFin Futures, KuCoin Futures, BingX Futures, Binance Futures, ByBit USDT, OKX Futures, Bitget Futures",BEAT/USDT,Partial Targets Achieved,Isolated (6.0X),Short,2,10 hr 13 min,23.186,100.0,2,0.5326500000000001,2,0.5139-0.5334,0.52365,0.5054,0.4814,,,,,,,,,0.5494
2026-03-27 02:15:07,PnLTactics,,"BloFin Futures, HyperLiquid Futures, BingX Futures, ByBit USDT, KuCoin Futures, Bitget Futures, Binance Futures, OKX Futures",ONDO/USDT,Stopped Out,Isolated (6.0X),Long,0,55 min,-8.8701,100.0,2,0.2841,2,0.2843-0.2872,0.28575,,,,,,,,,,,0.2799
2026-03-27 02:07:50,PnLTactics,,"KuCoin Futures, BloFin Futures, BingX Futures, Binance Futures, Bitget Futures, ByBit USDT, OKX Futures",KAT/USDT,Stopped Out,Isolated (6.0X),Short,0,3 hr 30 min,-18.5319,100.0,2,0.012465,2,0.01218-0.01249,0.012334999999999999,,,,,,,,,,,0.01285
2026-03-27 01:56:19,PnLTactics,,"Bitget Futures, BloFin Futures, ByBit USDT, BingX Futures, KuCoin Futures, Binance Futures",M/USDT,Stopped Out,Isolated (6.0X),Long,0,20 min,-18.6449,100.0,2,2.291405,2,2.2889-2.3411,2.315,,,,,,,,,,,2.2202
2026-03-27 01:27:42,PnLTactics,,"KuCoin Futures, ByBit USDT, BloFin Futures, BingX Futures, Bitget Futures, OKX Futures, Binance Futures",ROBO/USDT,Stopped Out,Isolated (6.0X),Long,0,23 min,-13.4754,100.0,2,0.02627,2,0.02627-0.02695,0.02661,,,,,,,,,,,0.02568
2026-03-27 01:19:17,PnLTactics,,"BingX Futures, Bitget Futures, BloFin Futures, KuCoin Futures, ByBit USDT, OKX Futures, Binance Futures",BEAT/USDT,Partial Targets Achieved,Isolated (6.0X),Short,2,14 hr 41 min,23.5381,100.0,2,0.5421,2,0.5254-0.5423,0.5338499999999999,0.5138,0.4901,,,,,,,,,0.5586
2026-03-27 01:14:09,PnLTactics,,"Bitget Futures, KuCoin Futures, BloFin Futures, Binance Futures, ByBit USDT, BingX Futures",SUPER/USDT,All Targets Achieved,Isolated (6.0X),Short,3,2 days 21 hr,44.0068,100.0,2,0.1168,2,0.1153-0.1165,0.1159,0.1121,0.1085,0.1041,,,,,,,,
2026-03-27 00:56:06,PnLTactics,,"ByBit USDT, KuCoin Futures, OKX Futures, Bitget Futures, BloFin Futures, BingX Futures, Binance Futures",ROBO/USDT,Stopped Out,Isolated (7.0X),Long,0,1 hr 6 min,-13.4357,100.0,2,0.02605,2,0.02612-0.02677,0.026445,,,,,,,,,,,0.02555
2026-03-27 00:29:57,PnLTactics,,"BingX Futures, KuCoin Futures, Binance Futures, Bitget Futures",BR/USDT,All Targets Achieved,Isolated (7.0X),Short,3,2 hr 5 min,68.9167,100.0,2,0.15325499999999997,2,0.151-0.15352,0.15226,0.14546,0.13855,0.13049,,,,,,,,
2026-03-27 00:27:23,PnLTactics,,"ByBit USDT, BloFin Futures, BingX Futures, KuCoin Futures, Bitget Futures, Binance Futures, OKX Futures",ROBO/USDT,Stopped Out,Isolated (7.0X),Long,0,4 hr 28 min,-15.9521,100.0,2,0.02589,2,0.02588-0.02649,0.026185,,,,,,,,,,,0.0253
2026-03-27 00:15:32,PnLTactics,,"BingX Futures, Binance Futures, KuCoin Futures, Bitget Futures",BR/USDT,All Targets Achieved,Isolated (7.0X),Short,3,2 hr,69.615,100.0,2,0.15607500000000002,2,0.15027-0.15617,0.15322,0.14797,0.14094,0.13275,,,,,,,,
2026-03-27 00:13:59,PnLTactics,,"Binance Futures, BloFin Futures, Bitget Futures, BingX Futures, ByBit USDT, KuCoin Futures",SUPER/USDT,Stopped Out,Isolated (7.0X),Short,0,5 min,-9.3802,100.0,2,0.1194,2,0.1161-0.1188,0.11745,,,,,,,,,,,0.121
2026-03-27 00:09:16,PnLTactics,,"BloFin Futures, BingX Futures, Binance Futures, Bitget Futures, KuCoin Futures, ByBit USDT",KITE/USDT,Stopped Out,Isolated (6.0X),Short,0,6 min,-13.1208,100.0,2,0.19389,2,0.19277-0.1939,0.19333499999999998,,,,,,,,,,,0.19813
2026-03-27 00:07:11,PnLTactics,,"KuCoin Futures, ByBit USDT, OKX Futures, BloFin Futures, BingX Futures, Bitget Futures, Binance Futures",ROBO/USDT,Stopped Out,Isolated (6.0X),Long,0,4 hr 50 min,-13.581,100.0,2,0.025845,2,0.02583-0.02623,0.026029999999999998,,,,,,,,,,,0.02526
2026-03-27 00:00:37,PnLTactics,,"BloFin Futures, Bitget Futures, Binance Futures, BingX Futures, ByBit USDT, KuCoin Futures",SUPER/USDT,Stopped Out,Isolated (6.0X),Short,0,18 min,-10.615,100.0,2,0.1187,2,0.1172-0.1186,0.1179,,,,,,,,,,,0.1208
2026-03-26 23:29:47,PnLTactics,,"BloFin Futures, Bitget Futures, BingX Futures, ByBit USDT, KuCoin Futures, OKX Futures, Binance Futures",FIL/USDT,Stopped Out,Isolated (6.0X),Short,0,1 hr 26 min,-3.4642,100.0,2,0.866,2,0.857-0.864,0.8605,,,,,,,,,,,0.871
2026-03-26 23:26:27,PnLTactics,,"BingX Futures, Binance Futures, KuCoin Futures, Bitget Futures",BR/USDT,All Targets Achieved,Isolated (6.0X),Short,3,2 hr 24 min,59.4179,100.0,2,0.15736,2,0.15398-0.15753,0.155755,0.14926,0.14217,0.1339,,,,,,,,
2026-03-26 23:20:21,PnLTactics,,"BingX Futures, Binance Futures, Bitget Futures, KuCoin Futures",BR/USDT,All Targets Achieved,Isolated (6.0X),Short,3,2 hr 31 min,60.6115,100.0,2,0.15733,2,0.15398-0.15715,0.155565,0.1489,0.14183,0.13358,,,,,,,,
2026-03-26 23:11:40,PnLTactics,,"BingX Futures, BloFin Futures, Bitget Futures, OKX Futures, KuCoin Futures, Binance Futures, ByBit USDT",FIL/USDT,Stopped Out,Isolated (6.0X),Short,0,1 hr 49 min,-5.5556,100.0,2,0.864,2,0.86-0.864,0.862,,,,,,,,,,,0.872
2026-03-26 22:26:12,PnLTactics,,"HyperLiquid Futures, Bitget Futures, OKX Futures, BloFin Futures, BingX Futures, ByBit USDT, Binance Futures, KuCoin Futures",WLD/USDT,Stopped Out,Isolated (7.0X),Short,0,1 hr 27 min,-7.7444,100.0,2,0.28969500000000004,2,0.2878-0.2898,0.2888,,,,,,,,,,,0.2929
2026-03-26 21:38:24,PnLTactics,,"BloFin Futures, KuCoin Futures, Binance Futures, ByBit USDT, BingX Futures, OKX Futures, Bitget Futures",PROVE/USDT,Stopped Out,Isolated (6.0X),Long,0,15 min,-12.8898,100.0,2,0.2886,2,0.2876-0.29,0.2888,,,,,,,,,,,0.2824
2026-03-26 21:32:38,PnLTactics,,"BloFin Futures, ByBit USDT, OKX Futures, KuCoin Futures, Bitget Futures, BingX Futures, Binance Futures",PROVE/USDT,All Targets Achieved,Isolated (6.0X),Long,3,36 min,45.4256,100.0,2,0.2831,2,0.283-0.2876,0.2853,0.2945,0.3038,0.3153,,,,,,,,
2026-03-26 21:30:05,PnLTactics,,"Binance Futures, BingX Futures, BloFin Futures, Bitget Futures, KuCoin Futures, ByBit USDT",KITE/USDT,All Targets Achieved,Isolated (7.0X),Short,3,16 hr 31 min,37.5466,100.0,2,0.204115,2,0.20092-0.2042,0.20256,0.19833,0.19352,0.18765,,,,,,,,
2026-03-26 20:09:05,PnLTactics,,"BloFin Futures, Bitget Futures, Binance Futures, OKX Futures, BingX Futures, ByBit USDT, KuCoin Futures",PROVE/USDT,Stopped Out,Isolated (7.0X),Short,0,3 min,-11.4665,100.0,2,0.2564,2,0.254-0.2563,0.25515,,,,,,,,,,,0.2606
2026-03-26 20:06:50,PnLTactics,,"HyperLiquid Futures, KuCoin Futures, BloFin Futures, ByBit USDT, Bitget Futures, BingX Futures, Binance Futures, OKX Futures",WLD/USDT,Stopped Out,Isolated (7.0X),Short,0,5 min,-7.1831,100.0,2,0.28943,2,0.286-0.2894,0.28769999999999996,,,,,,,,,,,0.2924
2026-03-26 19:56:30,PnLTactics,,"BingX Futures, HyperLiquid Futures, ByBit USDT, KuCoin Futures, Bitget Futures, Binance Futures",PAXG/USDT,Stopped Out,Isolated (7.0X),Short,0,16 min,-4.5722,100.0,2,4368.665,2,4346.8-4368.8,4357.8,,,,,,,,,,,4397.2
2026-03-26 19:12:02,PnLTactics,,"ByBit USDT, HyperLiquid Futures, Binance Futures, Bitget Futures, KuCoin Futures, BingX Futures, BloFin Futures, OKX Futures",ADA/USDT,Stopped Out,Isolated (6.0X),Short,0,1 hr,-3.7885,100.0,2,0.2534,2,0.2513-0.2534,0.25235,,,,,,,,,,,0.255
2026-03-26 19:06:34,PnLTactics,,"HyperLiquid Futures, BloFin Futures, BingX Futures, ByBit USDT, Binance Futures, Bitget Futures, KuCoin Futures, OKX Futures",TRX/USDT,Stopped Out,Isolated (7.0X),Short,0,9 hr 29 min,-4.1753,100.0,2,0.31016,2,0.30932-0.31,0.30966,,,,,,,,,,,0.31201
2026-03-26 18:24:43,PnLTactics,,"ByBit USDT, Bitget Futures, OKX Futures, Binance Futures, HyperLiquid Futures, BingX Futures, KuCoin Futures, BloFin Futures",BTC/USDT,Stopped Out,Isolated (6.0X),Short,0,1 hr 47 min,-3.8996,100.0,2,68299.9,2,67819.9-68299.9,68059.9,,,,,,,,,,,68743.8
2026-03-26 16:58:03,PnLTactics,,"BloFin Futures, BingX Futures, HyperLiquid Futures, Binance Futures, KuCoin Futures, ByBit USDT, OKX Futures, Bitget Futures",AAVE/USDT,Stopped Out,Isolated (6.0X),Short,0,3 hr 14 min,-4.7945,100.0,2,105.12,2,104.37-105.14,104.755,,,,,,,,,,,105.96
2026-03-26 16:55:32,PnLTactics,,"BloFin Futures, Binance Futures, OKX Futures, Bitget Futures, KuCoin Futures, ByBit USDT",MON/USDT,Stopped Out,Isolated (7.0X),Short,0,4 hr 27 min,-11.1765,100.0,2,0.0238,2,0.02332-0.02379,0.023555,,,,,,,,,,,0.02418
2026-03-26 15:42:13,PnLTactics,,"OKX Futures, BloFin Futures, Binance Futures, ByBit USDT, KuCoin Futures, BingX Futures, Bitget Futures",RIVER/USDT,All Targets Achieved,Isolated (6.0X),Short,3,13 hr 52 min,66.4116,100.0,2,17.771,2,16.794-17.56,17.177,16.638,15.848,14.926,,,,,,,,
2026-03-26 15:21:40,PnLTactics,,"HyperLiquid Futures, Bitget Futures, KuCoin Futures, ByBit USDT, OKX Futures, BingX Futures, BloFin Futures, Binance Futures",ETH/USDT,Partial Targets Achieved,Isolated (7.0X),Short,1,4 hr 50 min,-0.4298,100.0,2,2062.9,2,2046.0-2062.6,2054.3,2036.5,,,,,,,,,,2078.0
2026-03-26 15:14:03,PnLTactics,,"HyperLiquid Futures, BingX Futures, Bitget Futures, Binance Futures, BloFin Futures, OKX Futures, ByBit USDT, KuCoin Futures",XRP/USDT,Partial Targets Achieved,Isolated (6.0X),Short,1,6 hr 15 min,0.3754,100.0,2,1.35865,2,1.3569-1.3604,1.35865,1.342,,,,,,,,,,1.3657
2026-03-26 15:11:50,PnLTactics,,"OKX Futures, ByBit USDT, HyperLiquid Futures, Bitget Futures, KuCoin Futures, Binance Futures, BloFin Futures, BingX Futures",ETH/USDT,All Targets Achieved,Isolated (7.0X),Short,3,19 hr 43 min,15.5643,100.0,2,2066.8900000000003,2,2059.5-2066.9,2063.2,2042.5,2022.4,1997.9,,,,,,,,
2026-03-26 14:59:01,PnLTactics,,"HyperLiquid Futures, ByBit USDT, KuCoin Futures, BingX Futures, Bitget Futures, Binance Futures, OKX Futures, BloFin Futures",WLD/USDT,All Targets Achieved,Isolated (7.0X),Short,3,13 hr 48 min,23.5601,100.0,2,0.30048,2,0.3001-0.3003,0.3002,0.2949,0.2907,0.2855,,,,,,,,
2026-03-26 14:56:31,PnLTactics,,"OKX Futures, Bitget Futures, Binance Futures, HyperLiquid Futures, BloFin Futures, BingX Futures, ByBit USDT, KuCoin Futures",ETH/USDT,All Targets Achieved,Isolated (7.0X),Short,3,19 hr 58 min,16.9645,100.0,2,2074.27,2,2060.3-2068.9,2064.6000000000004,2045.0,2025.5,2001.5,,,,,,,,
2026-03-26 14:50:25,PnLTactics,,"HyperLiquid Futures, KuCoin Futures, BingX Futures, OKX Futures, ByBit USDT, BloFin Futures, Bitget Futures, Binance Futures",WLD/USDT,All Targets Achieved,Isolated (7.0X),Short,3,13 hr 10 min,21.0969,100.0,2,0.30183,2,0.3003-0.3016,0.30095,0.2969,0.293,0.2883,,,,,,,,
2026-03-26 14:41:42,PnLTactics,,"OKX Futures, KuCoin Futures, Binance Futures, BloFin Futures, Bitget Futures, HyperLiquid Futures, BingX Futures, ByBit USDT",XRP/USDT,All Targets Achieved,Isolated (7.0X),Short,3,19 hr 57 min,14.628,100.0,2,1.3702,2,1.3655-1.3699,1.3677,1.3548,1.3425,1.3274,,,,,,,,
2026-03-26 13:28:38,PnLTactics,,"BloFin Futures, BingX Futures, Binance Futures, Bitget Futures, KuCoin Futures, OKX Futures, ByBit USDT",RIVER/USDT,All Targets Achieved,Isolated (7.0X),Short,3,5 hr 23 min,70.1765,100.0,2,18.377,2,17.725-18.372,18.0485,17.407,16.581,15.616,,,,,,,,
2026-03-26 13:11:06,PnLTactics,,"KuCoin Futures, BloFin Futures, ByBit USDT, Binance Futures, BingX Futures, Bitget Futures, OKX Futures",RIVER/USDT,All Targets Achieved,Isolated (7.0X),Short,3,5 hr 33 min,72.6693,100.0,2,18.803,2,18.055-18.723,18.389,17.74,16.898,15.915,,,,,,,,
2026-03-26 12:42:45,PnLTactics,,"HyperLiquid Futures, ByBit USDT, BingX Futures, BloFin Futures, Bitget Futures, KuCoin Futures, OKX Futures, Binance Futures",AAVE/USDT,Stopped Out,Isolated (8.0X),Short,0,34 min,-4.8918,100.0,2,106.3,2,105.21-106.26,105.735,,,,,,,,,,,106.95
2026-03-26 12:36:51,PnLTactics,,"HyperLiquid Futures, BingX Futures, BloFin Futures, OKX Futures, Bitget Futures, Binance Futures, ByBit USDT, KuCoin Futures",AVAX/USDT,Stopped Out,Isolated (7.0X),Short,0,1 hr 8 min,-4.5247,100.0,2,9.2204,2,9.14-9.22,9.18,,,,,,,,,,,9.28
2026-03-26 12:26:32,PnLTactics,,"Bitget Futures, HyperLiquid Futures, OKX Futures, BingX Futures, ByBit USDT, KuCoin Futures, Binance Futures, BloFin Futures",ENA/USDT,Partial Targets Achieved,Isolated (8.0X),Short,1,16 hr 49 min,-1.0873,100.0,2,0.0981,2,0.096-0.0981,0.09705,0.0959,,,,,,,,,,0.0994
2026-03-26 12:15:02,PnLTactics,,"OKX Futures, KuCoin Futures, ByBit USDT, BloFin Futures, Bitget Futures, BingX Futures, Binance Futures",RIVER/USDT,All Targets Achieved,Isolated (8.0X),Short,3,6 hr 15 min,86.0358,100.0,2,19.223,2,18.162-19.042,18.602,18.042,17.215,16.21,,,,,,,,
2026-03-26 12:10:39,PnLTactics,,"BingX Futures, OKX Futures, Bitget Futures, Binance Futures, BloFin Futures, HyperLiquid Futures, ByBit USDT, KuCoin Futures",BTC/USDT,Stopped Out,Isolated (8.0X),Short,0,1 hr 41 min,-5.1675,100.0,2,69356.8,2,68864.3-69354.0,69109.15,,,,,,,,,,,69804.8
2026-03-26 11:40:26,PnLTactics,,"BloFin Futures, BingX Futures, OKX Futures, Bitget Futures, HyperLiquid Futures, Binance Futures, KuCoin Futures, ByBit USDT",ZEC/USDT,Stopped Out,Isolated (7.0X),Short,0,1 hr 24 min,-5.9718,100.0,2,220.37,2,216.83-220.2,218.515,,,,,,,,,,,222.25
2026-03-26 11:33:57,PnLTactics,,"BloFin Futures, BingX Futures, ByBit USDT, OKX Futures, Bitget Futures, KuCoin Futures, Binance Futures",FIL/USDT,Stopped Out,Isolated (7.0X),Short,0,42 min,-5.9423,100.0,2,0.8835,2,0.876-0.884,0.88,,,,,,,,,,,0.891
2026-03-26 11:28:55,PnLTactics,,"HyperLiquid Futures, Bitget Futures, OKX Futures, ByBit USDT, Binance Futures, BingX Futures, BloFin Futures, KuCoin Futures",ADA/USDT,Stopped Out,Isolated (7.0X),Short,0,2 hr 16 min,-3.9941,100.0,2,0.25763,2,0.2558-0.2574,0.25660000000000005,,,,,,,,,,,0.2591
2026-03-26 11:27:21,PnLTactics,,"HyperLiquid Futures, BingX Futures, Binance Futures, ByBit USDT, BloFin Futures, Bitget Futures, OKX Futures, KuCoin Futures",ETH/USDT,Stopped Out,Isolated (7.0X),Short,0,2 hr 17 min,-5.1706,100.0,2,2064.55,2,2045.5-2065.6,2055.55,,,,,,,,,,,2079.8
2026-03-26 11:25:22,PnLTactics,,"BloFin Futures, Bitget Futures, HyperLiquid Futures, BingX Futures, KuCoin Futures, OKX Futures, ByBit USDT, Binance Futures",ZEC/USDT,Stopped Out,Isolated (7.0X),Short,0,1 hr 36 min,-6.3911,100.0,2,220.15,2,219.56-220.05,219.805,,,,,,,,,,,222.16
2026-03-26 11:23:23,PnLTactics,,"KuCoin Futures, Bitget Futures, BloFin Futures, Binance Futures, BingX Futures, ByBit USDT",C/USDT,Stopped Out,Isolated (8.0X),Short,0,3 hr 16 min,-18.7309,100.0,2,0.05894,2,0.05665-0.05856,0.057605,,,,,,,,,,,0.06032
2026-03-26 11:14:06,PnLTactics,,"Binance Futures, BloFin Futures, ByBit USDT, KuCoin Futures, HyperLiquid Futures, OKX Futures, BingX Futures, Bitget Futures",ZEC/USDT,Partial Targets Achieved,Isolated (8.0X),Short,1,2 hr 31 min,-0.6854,100.0,2,221.78,2,219.84-221.78,220.81,218.59,,,,,,,,,,223.66
2026-03-26 11:12:06,PnLTactics,,"Bitget Futures, KuCoin Futures, BingX Futures, ByBit USDT, Binance Futures, BloFin Futures, HyperLiquid Futures, OKX Futures",BTC/USDT,All Targets Achieved,Isolated (8.0X),Short,3,23 hr 26 min,16.6776,100.0,2,69527.3,2,69184.0-69514.5,69349.25,68749.8,68124.2,67359.6,,,,,,,,
2026-03-26 10:42:31,PnLTactics,,"HyperLiquid Futures, BingX Futures, Binance Futures, BloFin Futures, ByBit USDT, Bitget Futures, OKX Futures, KuCoin Futures",ETH/USDT,Stopped Out,Isolated (7.0X),Short,0,3 hr 3 min,-4.7874,100.0,2,2076.3,2,2053.3-2076.4,2064.8500000000004,,,,,,,,,,,2090.5
2026-03-26 10:30:30,PnLTactics,,"OKX Futures, HyperLiquid Futures, BingX Futures, BloFin Futures, Bitget Futures, ByBit USDT, Binance Futures, KuCoin Futures",DOT/USDT,Stopped Out,Isolated (7.0X),Short,0,1 hr 41 min,-5.3517,100.0,2,1.308,2,1.294-1.308,1.3010000000000002,,,,,,,,,,,1.318
2026-03-26 10:25:06,PnLTactics,,"BloFin Futures, HyperLiquid Futures, OKX Futures, ByBit USDT, BingX Futures, Bitget Futures, Binance Futures, KuCoin Futures",DOT/USDT,Stopped Out,Isolated (7.0X),Short,0,1 hr 46 min,-4.2781,100.0,2,1.309,2,1.294-1.307,1.3005,,,,,,,,,,,1.317
2026-03-26 10:13:14,PnLTactics,,"HyperLiquid Futures, Binance Futures, ByBit USDT, BingX Futures, OKX Futures, BloFin Futures, Bitget Futures, KuCoin Futures",ETH/USDT,Stopped Out,Isolated (6.0X),Short,0,3 hr 32 min,-4.1629,100.0,2,2075.5,2,2052.9-2075.4,2064.15,,,,,,,,,,,2089.9
2026-03-26 10:11:38,PnLTactics,,"OKX Futures, HyperLiquid Futures, BingX Futures, Bitget Futures, BloFin Futures, ByBit USDT, Binance Futures, KuCoin Futures",DOT/USDT,Stopped Out,Isolated (6.0X),Short,0,2 hr,-4.5872,100.0,2,1.308,2,1.3-1.308,1.304,,,,,,,,,,,1.318
2026-03-26 09:34:28,PnLTactics,,"BingX Futures, HyperLiquid Futures, BloFin Futures, Bitget Futures, ByBit USDT, KuCoin Futures, Binance Futures, OKX Futures",XRP/USDT,Stopped Out,Isolated (6.0X),Short,0,4 hr 10 min,-3.8119,100.0,2,1.3694,2,1.3692-1.3696,1.3694,,,,,,,,,,,1.3781
2026-03-26 09:32:43,PnLTactics,,"Bitget Futures, KuCoin Futures, ByBit USDT, OKX Futures, HyperLiquid Futures, Binance Futures, BingX Futures, BloFin Futures",ETH/USDT,All Targets Achieved,Isolated (5.0X),Short,3,1 day 1 hr,10.6261,50.0,1,2091.55,2,2090.3-2099.8,2095.05,2067.3,2048.5,2025.5,,,,,,,,
2026-03-26 09:10:46,PnLTactics,,"HyperLiquid Futures, BingX Futures, OKX Futures, ByBit USDT, KuCoin Futures, Bitget Futures, BloFin Futures, Binance Futures",XRP/USDT,All Targets Achieved,Isolated (6.0X),Short,3,9 hr,12.3905,100.0,2,1.3817,2,1.3718-1.3817,1.37675,1.3665,1.3541,1.3389,,,,,,,,
2026-03-26 08:29:10,PnLTactics,,"BingX Futures, Bitget Futures, KuCoin Futures, OKX Futures, Binance Futures, ByBit USDT, BloFin Futures",SIGN/USDT,Partial Targets Achieved,Isolated (6.0X),Short,1,2 days 11 hr,-1.5466,100.0,2,0.03233,2,0.03224-0.03232,0.03228,0.03078,,,,,,,,,,0.03323
2026-03-26 08:27:27,PnLTactics,,"HyperLiquid Futures, ByBit USDT, BingX Futures, OKX Futures, BloFin Futures, Binance Futures, Bitget Futures, KuCoin Futures",WLD/USDT,Stopped Out,Isolated (6.0X),Short,0,43 min,-5.3383,100.0,2,0.30459,2,0.3004-0.3044,0.3024,,,,,,,,,,,0.3073
2026-03-26 08:25:13,PnLTactics,,"Bitget Futures, BingX Futures, HyperLiquid Futures, OKX Futures, ByBit USDT, Binance Futures, KuCoin Futures, BloFin Futures",ETH/USDT,All Targets Achieved,Isolated (6.0X),Short,3,9 hr 32 min,12.3123,100.0,2,2116.09,2,2099.7-2116.4,2108.05,2093.1,2074.1,2050.8,,,,,,,,
2026-03-26 08:23:24,PnLTactics,,"HyperLiquid Futures, BingX Futures, OKX Futures, KuCoin Futures, Binance Futures, BloFin Futures, Bitget Futures, ByBit USDT",AVAX/USDT,All Targets Achieved,Isolated (6.0X),Short,3,9 hr 24 min,12.566,100.0,2,9.3968,2,9.33-9.39,9.36,9.29,9.21,9.1,,,,,,,,
2026-03-26 08:21:38,PnLTactics,,"ByBit USDT, OKX Futures, HyperLiquid Futures, Binance Futures, BloFin Futures, Bitget Futures, BingX Futures, KuCoin Futures",WLD/USDT,Stopped Out,Isolated (6.0X),Short,0,1 hr 5 min,-5.7105,100.0,2,0.3047,2,0.3004-0.3047,0.30255,,,,,,,,,,,0.3076
2026-03-26 08:19:46,PnLTactics,,"BloFin Futures, Bitget Futures, KuCoin Futures, OKX Futures, ByBit USDT, Binance Futures, BingX Futures",FIL/USDT,Stopped Out,Isolated (6.0X),Short,0,1 hr 9 min,-4.0134,100.0,2,0.897,2,0.892-0.896,0.894,,,,,,,,,,,0.903
2026-03-26 08:15:09,PnLTactics,,"BingX Futures, HyperLiquid Futures, OKX Futures, ByBit USDT, Binance Futures, Bitget Futures, KuCoin Futures, BloFin Futures",ETH/USDT,All Targets Achieved,Isolated (6.0X),Short,3,9 hr 42 min,12.4566,100.0,2,2116.95,2,2103.8-2116.8,2110.3,2093.5,2074.4,2051.1,,,,,,,,
2026-03-26 08:12:49,PnLTactics,,"BingX Futures, BloFin Futures, KuCoin Futures, Binance Futures, Bitget Futures, ByBit USDT",VVV/USDT,Stopped Out,Isolated (6.0X),Short,0,36 min,-9.7276,100.0,2,6.168,2,6.017-6.164,6.0905000000000005,,,,,,,,,,,6.268
2026-03-26 08:10:37,PnLTactics,,"ByBit USDT, KuCoin Futures, OKX Futures, BloFin Futures, BingX Futures, Bitget Futures, Binance Futures",FIL/USDT,All Targets Achieved,Isolated (6.0X),Short,3,10 hr 10 min,14.4986,100.0,2,0.8994,2,0.894-0.899,0.8965000000000001,0.888,0.878,0.867,,,,,,,,
2026-03-26 07:21:40,PnLTactics,,"HyperLiquid Futures, BingX Futures, OKX Futures, ByBit USDT, KuCoin Futures, BloFin Futures, Bitget Futures, Binance Futures",XRP/USDT,All Targets Achieved,Isolated (5.0X),Short,3,10 hr 49 min,11.2492,100.0,2,1.3838,2,1.3733-1.3812,1.37725,1.366,1.3536,1.3384,,,,,,,,
2026-03-26 07:19:27,PnLTactics,,"KuCoin Futures, ByBit USDT, BloFin Futures, Bitget Futures, BingX Futures, Binance Futures",C/USDT,Partial Targets Achieved,Isolated (6.0X),Long,1,1 hr,-3.7676,100.0,2,0.06343499999999999,2,0.06319-0.06394,0.063565,0.06569,,,,,,,,,,0.06171
2026-03-26 07:14:03,PnLTactics,,"HyperLiquid Futures, OKX Futures, BingX Futures, BloFin Futures, KuCoin Futures, Bitget Futures, ByBit USDT, Binance Futures",XRP/USDT,All Targets Achieved,Isolated (5.0X),Short,3,10 hr 51 min,10.2329,100.0,2,1.3828,2,1.3759-1.3831,1.3795,1.3679,1.3554,1.3402,,,,,,,,
2026-03-26 07:08:14,PnLTactics,,"HyperLiquid Futures, BingX Futures, OKX Futures, ByBit USDT, KuCoin Futures, Bitget Futures, BloFin Futures, Binance Futures",XRP/USDT,All Targets Achieved,Isolated (5.0X),Short,3,10 hr 57 min,10.5365,100.0,2,1.3825,2,1.3759-1.3819,1.3788999999999998,1.3667,1.3543,1.3391,,,,,,,,
2026-03-26 06:27:09,PnLTactics,,"HyperLiquid Futures, BingX Futures, KuCoin Futures, Binance Futures, ByBit USDT, BloFin Futures, OKX Futures, Bitget Futures",SOL/USDT,All Targets Achieved,Isolated (5.0X),Short,3,11 hr 51 min,10.4049,100.0,2,88.9,2,88.08-88.89,88.485,87.91,87.11,86.13,,,,,,,,
2026-03-26 06:25:22,PnLTactics,,"OKX Futures, ByBit USDT, Binance Futures, Bitget Futures, HyperLiquid Futures, KuCoin Futures, BloFin Futures, BingX Futures",ETH/USDT,All Targets Achieved,Isolated (5.0X),Short,3,8 hr 50 min,10.4037,100.0,2,2118.31,2,2097.7-2118.0,2107.85,2094.7,2075.7,2052.3,,,,,,,,
2026-03-26 06:23:10,PnLTactics,,"ByBit USDT, HyperLiquid Futures, KuCoin Futures, Binance Futures, BingX Futures, OKX Futures, BloFin Futures, Bitget Futures",ZEC/USDT,All Targets Achieved,Isolated (5.0X),Short,3,1 day 4 hr,15.4613,100.0,2,225.94,2,223.18-225.94,224.56,222.22,219.18,215.46,,,,,,,,
2026-03-26 06:21:15,PnLTactics,,"HyperLiquid Futures, Bitget Futures, ByBit USDT, BloFin Futures, OKX Futures, BingX Futures, Binance Futures, KuCoin Futures",DOT/USDT,Partial Targets Achieved,Isolated (5.0X),Short,1,19 hr 33 min,-0.0754,100.0,2,1.3268,2,1.315-1.326,1.3205,1.309,,,,,,,,,,1.336
2026-03-26 06:19:22,PnLTactics,,"BingX Futures, Binance Futures, KuCoin Futures, BloFin Futures, ByBit USDT, Bitget Futures",VVV/USDT,Stopped Out,Isolated (5.0X),Short,0,2 hr 44 min,-9.2874,100.0,2,6.245,2,6.058-6.244,6.151,,,,,,,,,,,6.361
2026-03-26 06:15:06,PnLTactics,,"BingX Futures, Binance Futures, OKX Futures, Bitget Futures, KuCoin Futures, ByBit USDT, BloFin Futures, HyperLiquid Futures",DOT/USDT,All Targets Achieved,Isolated (5.0X),Short,3,1 day 4 hr,12.8976,100.0,2,1.331,2,1.315-1.33,1.3225,1.312,1.298,1.28,,,,,,,,
2026-03-26 06:13:29,PnLTactics,,"BingX Futures, HyperLiquid Futures, Bitget Futures, KuCoin Futures, ByBit USDT, OKX Futures, Binance Futures, BloFin Futures",XRP/USDT,All Targets Achieved,Isolated (5.0X),Short,3,11 hr 51 min,10.5201,100.0,2,1.3894,2,1.3785-1.3889,1.3837000000000002,1.3736,1.3611,1.3458,,,,,,,,
2026-03-26 06:11:50,PnLTactics,,"OKX Futures, ByBit USDT, Binance Futures, Bitget Futures, HyperLiquid Futures, KuCoin Futures, BloFin Futures, BingX Futures",ETH/USDT,All Targets Achieved,Isolated (5.0X),Short,3,9 hr 3 min,10.4281,100.0,2,2118.79,2,2097.4-2118.3,2107.8500000000004,2095.1,2076.0,2052.7,,,,,,,,
2026-03-26 06:07:59,PnLTactics,,"HyperLiquid Futures, ByBit USDT, Binance Futures, KuCoin Futures, Bitget Futures, BingX Futures",PAXG/USDT,Stopped Out,Isolated (5.0X),Short,0,8 hr 14 min,-3.3015,100.0,2,4437.4,2,4404.8-4437.8,4421.3,,,,,,,,,,,4466.7
2026-03-26 05:24:28,PnLTactics,,"KuCoin Futures, HyperLiquid Futures, BloFin Futures, BingX Futures, ByBit USDT, Bitget Futures, Binance Futures, OKX Futures",DOT/USDT,All Targets Achieved,Isolated (5.0X),Short,3,1 day 5 hr,11.7618,100.0,2,1.332,2,1.318-1.332,1.3250000000000002,1.315,1.302,1.285,,,,,,,,
2026-03-26 05:22:50,PnLTactics,,"HyperLiquid Futures, KuCoin Futures, BingX Futures, Bitget Futures, Binance Futures, BloFin Futures, ByBit USDT, OKX Futures",AVAX/USDT,All Targets Achieved,Isolated (5.0X),Short,3,6 hr 37 min,10.278,100.0,2,9.5122,2,9.44-9.51,9.475,9.41,9.32,9.22,,,,,,,,
2026-03-26 05:20:55,PnLTactics,,"HyperLiquid Futures, KuCoin Futures, ByBit USDT, OKX Futures, BingX Futures, Bitget Futures, BloFin Futures, Binance Futures",ETH/USDT,All Targets Achieved,Isolated (10.0X),Short,3,4 hr 52 min,21.4743,100.0,2,2142.1,2,2127.0-2140.3,2133.65,2116.8,2097.5,2074.0,,,,,,,,
2026-03-26 05:15:51,PnLTactics,,"Binance Futures, KuCoin Futures, ByBit USDT, HyperLiquid Futures, BloFin Futures, BingX Futures, Bitget Futures, OKX Futures",DOT/USDT,All Targets Achieved,Isolated (10.0X),Short,3,1 day 5 hr,24.2561,100.0,2,1.333,2,1.321-1.333,1.327,1.316,1.302,1.284,,,,,,,,
2026-03-26 05:14:11,PnLTactics,,"HyperLiquid Futures, Binance Futures, KuCoin Futures, BingX Futures, BloFin Futures, OKX Futures, Bitget Futures, ByBit USDT",XRP/USDT,All Targets Achieved,Isolated (5.0X),Short,3,12 hr 43 min,10.5778,100.0,2,1.396,2,1.3928-1.3953,1.39405,1.38,1.3674,1.352,,,,,,,,
2026-03-26 05:12:28,PnLTactics,,"HyperLiquid Futures, KuCoin Futures, BingX Futures, Bitget Futures, Binance Futures, BloFin Futures, ByBit USDT, OKX Futures",AVAX/USDT,All Targets Achieved,Isolated (5.0X),Short,3,6 hr 47 min,10.2288,100.0,2,9.518049999999999,2,9.49-9.52,9.504999999999999,9.42,9.33,9.22,,,,,,,,
2026-03-26 05:09:09,PnLTactics,,"HyperLiquid Futures, Bitget Futures, KuCoin Futures, OKX Futures, ByBit USDT, BingX Futures, BloFin Futures, Binance Futures",ETH/USDT,All Targets Achieved,Isolated (5.0X),Short,3,5 hr 4 min,10.778,100.0,2,2141.7,2,2136.6-2139.8,2138.2,2116.2,2097.0,2073.4,,,,,,,,
2026-03-26 05:07:31,PnLTactics,,"BingX Futures, KuCoin Futures, ByBit USDT, HyperLiquid Futures, OKX Futures, Bitget Futures, BloFin Futures, Binance Futures",ZEC/USDT,All Targets Achieved,Isolated (5.0X),Short,3,1 day 4 hr,13.6954,100.0,2,227.57,2,226.29-227.66,226.975,224.29,221.54,218.18,,,,,,,,
2026-03-26 03:12:56,PnLTactics,,"Bitget Futures, ByBit USDT, KuCoin Futures, HyperLiquid Futures, Binance Futures, OKX Futures, BingX Futures, BloFin Futures",AAVE/USDT,All Targets Achieved,Isolated (5.0X),Short,3,6 hr 18 min,10.3359,100.0,2,110.94,2,110.52-110.94,110.72999999999999,109.72,108.72,107.5,,,,,,,,
2026-03-26 03:09:26,PnLTactics,,"BloFin Futures, BingX Futures, Binance Futures, Bitget Futures, ByBit USDT, KuCoin Futures",VVV/USDT,All Targets Achieved,Isolated (5.0X),Short,3,2 days 21 hr,34.3597,100.0,2,6.398,2,6.251-6.395,6.323,6.163,5.972,5.74,,,,,,,,
2026-03-26 03:06:57,PnLTactics,,"HyperLiquid Futures, ByBit USDT, BloFin Futures, BingX Futures, KuCoin Futures, Binance Futures, OKX Futures, Bitget Futures",DOT/USDT,All Targets Achieved,Isolated (5.0X),Short,3,1 day 7 hr,11.6741,100.0,2,1.342,2,1.339-1.344,1.3415,1.326,1.312,1.294,,,,,,,,
2026-03-26 02:50:43,PnLTactics,,"HyperLiquid Futures, Binance Futures, Bitget Futures, BingX Futures, OKX Futures, BloFin Futures, ByBit USDT, KuCoin Futures",APT/USDT,Partial Targets Achieved,Isolated (5.0X),Short,1,10 hr 58 min,-0.2396,100.0,2,1.0435,2,1.036-1.043,1.0394999999999999,1.028,,,,,,,,,,1.052
2026-03-26 02:06:33,PnLTactics,,"HyperLiquid Futures, Bitget Futures, ByBit USDT, BloFin Futures, KuCoin Futures, OKX Futures, BingX Futures, Binance Futures",FIL/USDT,All Targets Achieved,Isolated (5.0X),Short,3,13 hr 8 min,12.7323,100.0,2,0.91565,2,0.906-0.915,0.9105000000000001,0.903,0.893,0.881,,,,,,,,
2026-03-26 01:37:24,PnLTactics,,Binance Futures,MON/USDT,Stopped Out,Cross (5.0X),Long,0,7 min,-10.5011,100.0,1,0.02714,1,0.02715-0.02715,0.02715,,,,,,,,,,,0.02657
2026-03-26 01:35:39,PnLTactics,,Binance Futures,C/USDT,Stopped Out,Cross (5.0X),Long,0,1 hr 23 min,-11.6279,100.0,1,0.06235,1,0.06235-0.06235,0.06235,,,,,,,,,,,0.0609
2026-03-26 01:34:04,PnLTactics,,Binance Futures,ENA/USDT,Stopped Out,Cross (5.0X),Long,0,1 hr 6 min,-8.2569,100.0,1,0.109,1,0.109-0.109,0.109,,,,,,,,,,,0.1072
2026-03-26 01:29:48,PnLTactics,,Binance Futures,KITE/USDT,Stopped Out,Cross (5.0X),Long,0,45 min,-9.8595,100.0,1,0.25052,1,0.25065-0.25065,0.25065,,,,,,,,,,,0.24558
2026-03-26 01:28:14,PnLTactics,,Binance Futures,ENA/USDT,Stopped Out,Cross (5.0X),Long,0,1 hr 41 min,-7.4006,100.0,1,0.1081,1,0.1083-0.1083,0.1083,,,,,,,,,,,0.1065
2026-03-26 01:26:18,PnLTactics,,Binance Futures,BTC/USDT,Stopped Out,Cross (5.0X),Long,0,57 min,-3.2499,100.0,1,71325.3,1,71325.3-71325.3,71325.3,,,,,,,,,,,70861.7
2026-03-26 01:24:16,PnLTactics,,Binance Futures,MON/USDT,Stopped Out,Cross (5.0X),Long,0,31 min,-10.4478,100.0,1,0.0268,1,0.02682-0.02682,0.02682,,,,,,,,,,,0.02624
2026-03-26 01:22:43,PnLTactics,,Binance Futures,ENA/USDT,Stopped Out,Cross (5.0X),Long,0,1 hr 50 min,-8.3256,100.0,1,0.1081,1,0.1081-0.1081,0.1081,,,,,,,,,,,0.1063
2026-03-26 01:18:51,PnLTactics,,Binance Futures,SIGN/USDT,All Targets Achieved,Cross (5.0X),Short,3,7 hr 6 min,44.5674,100.0,1,0.03706,1,0.03706-0.03706,0.03706,0.0353,0.03386,0.03211,,,,,,,,
2026-03-26 01:17:14,PnLTactics,,Binance Futures,ENA/USDT,Stopped Out,Cross (5.0X),Long,0,2 hr 4 min,-8.3488,100.0,1,0.1078,1,0.1078-0.1078,0.1078,,,,,,,,,,,0.106
2026-03-26 01:14:18,PnLTactics,,Binance Futures,ENA/USDT,Stopped Out,Cross (5.0X),Long,0,2 hr 8 min,-7.9217,100.0,1,0.1073,1,0.1074-0.1074,0.1074,,,,,,,,,,,0.1056
2026-03-26 01:12:40,PnLTactics,,Binance Futures,MON/USDT,Stopped Out,Cross (5.0X),Long,0,38 min,-10.3896,100.0,1,0.02695,1,0.02695-0.02695,0.02695,,,,,,,,,,,0.02639
2026-03-26 01:05:54,PnLTactics,,"KuCoin Futures, HyperLiquid Futures, ByBit USDT, Binance Futures, OKX Futures, BingX Futures, Bitget Futures, BloFin Futures",ENA/USDT,Partial Targets Achieved,Isolated (5.0X),Long,1,2 hr 21 min,-1.0177,100.0,2,0.10644999999999999,2,0.1064-0.1084,0.1074,0.1093,,,,,,,,,,0.1047
2026-03-26 01:02:24,PnLTactics,,"BloFin Futures, KuCoin Futures, BingX Futures, ByBit USDT, Bitget Futures, Binance Futures, OKX Futures",SIGN/USDT,All Targets Achieved,Isolated (5.0X),Short,3,33 min,34.7547,100.0,2,0.03846,2,0.03743-0.0384,0.037915,0.03701,0.03587,0.03448,,,,,,,,
2026-03-26 00:57:19,PnLTactics,,"HyperLiquid Futures, OKX Futures, BloFin Futures, KuCoin Futures, Binance Futures, BingX Futures, Bitget Futures, ByBit USDT",ENA/USDT,Partial Targets Achieved,Isolated (5.0X),Long,1,4 hr 13 min,-0.6148,100.0,2,0.10573,2,0.1058-0.1076,0.1067,0.1088,,,,,,,,,,0.104
2026-03-26 00:50:53,PnLTactics,,"HyperLiquid Futures, KuCoin Futures, ByBit USDT, OKX Futures, BloFin Futures, Binance Futures, Bitget Futures, BingX Futures",ENA/USDT,Partial Targets Achieved,Isolated (5.0X),Long,1,3 hr 2 min,0.394,100.0,2,0.10575,2,0.106-0.1076,0.1068,0.1089,,,,,,,,,,0.1043
2026-03-26 00:13:29,PnLTactics,,"KuCoin Futures, Bitget Futures, Binance Futures, BingX Futures, ByBit USDT, BloFin Futures",KITE/USDT,Stopped Out,Isolated (5.0X),Long,0,2 hr,-9.1938,100.0,2,0.2518,2,0.25209-0.2529,0.252495,,,,,,,,,,,0.24717
2026-03-26 00:03:26,PnLTactics,,"BloFin Futures, BingX Futures, KuCoin Futures, ByBit USDT, Binance Futures, OKX Futures, Bitget Futures",SIGN/USDT,All Targets Achieved,Isolated (5.0X),Short,3,1 hr 6 min,25.7413,100.0,2,0.04092,2,0.0402-0.04063,0.040415,0.03966,0.03887,0.03791,,,,,,,,
2026-03-25 22:23:30,PnLTactics,,"KuCoin Futures, HyperLiquid Futures, BingX Futures, Binance Futures, OKX Futures, Bitget Futures, BloFin Futures, ByBit USDT",TRX/USDT,Stopped Out,Isolated (5.0X),Long,0,1 hr 40 min,-3.3714,100.0,2,0.31589,2,0.31581-0.31667,0.31623999999999997,,,,,,,,,,,0.31376
2026-03-25 22:21:35,PnLTactics,,"HyperLiquid Futures, BingX Futures, Bitget Futures, Binance Futures, BloFin Futures, OKX Futures, ByBit USDT, KuCoin Futures",APT/USDT,Stopped Out,Isolated (5.0X),Short,0,2 hr 53 min,-3.9236,100.0,2,1.0577,2,1.048-1.057,1.0525,,,,,,,,,,,1.066
2026-03-25 22:19:13,PnLTactics,,"BloFin Futures, ByBit USDT, Binance Futures, Bitget Futures, KuCoin Futures, BingX Futures",C/USDT,Stopped Out,Isolated (5.0X),Short,0,1 hr 49 min,-12.8054,100.0,2,0.05935,2,0.05758-0.05939,0.058484999999999995,,,,,,,,,,,0.06087
2026-03-25 21:56:58,PnLTactics,,"Bitget Futures, BloFin Futures, Binance Futures, BingX Futures, ByBit USDT, KuCoin Futures",C/USDT,Stopped Out,Isolated (6.0X),Short,0,18 min,-14.1951,100.0,2,0.05833,2,0.05759-0.0583,0.057944999999999997,,,,,,,,,,,0.05971
2026-03-25 21:22:30,PnLTactics,,"HyperLiquid Futures, KuCoin Futures, OKX Futures, BingX Futures, Bitget Futures, Binance Futures, ByBit USDT, BloFin Futures",TRX/USDT,Stopped Out,Isolated (5.0X),Long,0,2 hr 43 min,-3.316,100.0,2,0.31514,2,0.3151-0.31654,0.31582,,,,,,,,,,,0.31305
2026-03-25 21:19:08,PnLTactics,,"KuCoin Futures, BingX Futures, Binance Futures, ByBit USDT, Bitget Futures, BloFin Futures",VVV/USDT,Stopped Out,Isolated (5.0X),Long,0,22 min,-13.0,100.0,2,7.0,2,7.011-7.153,7.082,,,,,,,,,,,6.818
2026-03-25 21:02:17,PnLTactics,,"HyperLiquid Futures, BloFin Futures, Bitget Futures, BingX Futures, Binance Futures, OKX Futures, KuCoin Futures, ByBit USDT",TRX/USDT,Stopped Out,Isolated (5.0X),Long,0,41 min,-3.2928,100.0,2,0.31584,2,0.31581-0.31664,0.316225,,,,,,,,,,,0.31376
2026-03-25 20:44:20,PnLTactics,,Binance Futures,TRX/USDT,Stopped Out,Cross (5.0X),Long,0,3 hr 21 min,-3.2542,100.0,1,0.31498,1,0.31498-0.31498,0.31498,,,,,,,,,,,0.31293
2026-03-25 20:38:53,PnLTactics,,"BloFin Futures, Binance Futures, BingX Futures, ByBit USDT, Bitget Futures, KuCoin Futures",C/USDT,Stopped Out,Isolated (6.0X),Short,0,3 hr 12 min,-16.8281,100.0,2,0.05883,2,0.0585-0.05879,0.058645,,,,,,,,,,,0.06048
2026-03-25 20:30:23,PnLTactics,,Binance Futures,LIGHT/USDT,Stopped Out,Cross (5.0X),Short,0,15 min,-14.4149,100.0,1,0.1769,1,0.1767-0.1767,0.1767,,,,,,,,,,,0.182
2026-03-25 20:28:26,PnLTactics,,Binance Futures,TRX/USDT,Stopped Out,Cross (5.0X),Long,0,3 hr 39 min,-3.2551,100.0,1,0.31489,1,0.31489-0.31489,0.31489,,,,,,,,,,,0.31284
2026-03-25 20:26:48,PnLTactics,,Binance Futures,HUMA/USDT,Stopped Out,Cross (5.0X),Short,0,1 hr 44 min,-10.8963,100.0,1,0.018722,1,0.018696-0.018696,0.018696,,,,,,,,,,,0.01913
2026-03-25 20:19:30,PnLTactics,,Binance Futures,ENA/USDT,Stopped Out,Cross (5.0X),Long,0,14 min,-7.3892,100.0,1,0.1015,1,0.1016-0.1016,0.1016,,,,,,,,,,,0.1
2026-03-25 20:13:57,PnLTactics,,Binance Futures,ENA/USDT,Stopped Out,Cross (5.0X),Long,0,13 min,-7.8278,100.0,1,0.1022,1,0.1023-0.1023,0.1023,,,,,,,,,,,0.1006
2026-03-25 20:11:33,PnLTactics,,Binance Futures,ZEC/USDT,All Targets Achieved,Cross (5.0X),Short,3,15 hr 9 min,18.3108,100.0,1,231.74,1,231.74-231.74,231.74,227.22,223.53,219.01,,,,,,,,
2026-03-25 19:59:09,PnLTactics,,Binance Futures,ENA/USDT,Stopped Out,Cross (5.0X),Long,0,28 min,-6.8627,100.0,1,0.102,1,0.1022-0.1022,0.1022,,,,,,,,,,,0.1006
2026-03-25 19:56:42,PnLTactics,,Binance Futures,JTO/USDT,Stopped Out,Cross (5.0X),Long,0,2 hr 36 min,-6.8935,100.0,1,0.3409,1,0.3414-0.3414,0.3414,,,,,,,,,,,0.3362
2026-03-25 19:44:49,PnLTactics,,Binance Futures,ENA/USDT,Stopped Out,Cross (5.0X),Long,0,13 min,-7.7444,100.0,1,0.1033,1,0.1033-0.1033,0.1033,,,,,,,,,,,0.1017
2026-03-25 19:41:14,PnLTactics,,Binance Futures,JTO/USDT,Stopped Out,Cross (5.0X),Long,0,52 min,-7.2759,100.0,1,0.3436,1,0.3436-0.3436,0.3436,,,,,,,,,,,0.3386
2026-03-25 19:29:11,PnLTactics,,Binance Futures,OPN/USDT,Stopped Out,Cross (5.0X),Short,0,49 min,-11.3751,100.0,1,0.1978,1,0.1976-0.1976,0.1976,,,,,,,,,,,0.2023
2026-03-25 19:27:35,PnLTactics,,Binance Futures,ENA/USDT,Stopped Out,Cross (5.0X),Long,0,59 min,-7.3386,100.0,1,0.1022,1,0.1023-0.1023,0.1023,,,,,,,,,,,0.1007
2026-03-25 19:26:00,PnLTactics,,Binance Futures,JTO/USDT,Stopped Out,Cross (5.0X),Long,0,3 hr 49 min,-6.7767,100.0,1,0.3394,1,0.3396-0.3396,0.3396,,,,,,,,,,,0.3348
2026-03-25 19:14:57,PnLTactics,,Binance Futures,JTO/USDT,Stopped Out,Cross (5.0X),Long,0,4 hr,-7.063,100.0,1,0.3398,1,0.3398-0.3398,0.3398,,,,,,,,,,,0.335
2026-03-25 19:13:13,PnLTactics,,Binance Futures,OPN/USDT,Stopped Out,Cross (5.0X),Short,0,1 hr 5 min,-9.8187,100.0,1,0.1986,1,0.1976-0.1976,0.1976,,,,,,,,,,,0.2025
2026-03-25 19:11:25,PnLTactics,,Binance Futures,ENA/USDT,Stopped Out,Cross (5.0X),Long,0,1 hr 23 min,-7.874,100.0,1,0.1016,1,0.1016-0.1016,0.1016,,,,,,,,,,,0.1
2026-03-25 18:57:49,PnLTactics,,Binance Futures,JTO/USDT,Stopped Out,Cross (10.0X),Long,0,4 hr 18 min,-13.2783,100.0,1,0.3389,1,0.339-0.339,0.339,,,,,,,,,,,0.3344
2026-03-25 18:56:03,PnLTactics,,Binance Futures,ENA/USDT,All Targets Achieved,Cross (5.0X),Long,3,6 hr 28 min,24.6118,100.0,1,0.1009,1,0.1009-0.1009,0.1009,0.1035,0.1057,0.1084,,,,,,,,
2026-03-25 18:44:25,PnLTactics,,Binance Futures,VVV/USDT,Stopped Out,Cross (5.0X),Long,0,1 hr 16 min,-14.4084,100.0,1,6.871,1,6.872-6.872,6.872,,,,,,,,,,,6.673
2026-03-25 18:40:43,PnLTactics,,Binance Futures,RENDER/USDT,Stopped Out,Cross (5.0X),Long,0,1 hr 14 min,-7.4271,100.0,1,1.885,1,1.886-1.886,1.886,,,,,,,,,,,1.857
2026-03-25 18:29:04,PnLTactics,,Binance Futures,VVV/USDT,Stopped Out,Cross (5.0X),Long,0,47 min,-13.853,100.0,1,6.966,1,6.972-6.972,6.972,,,,,,,,,,,6.773
2026-03-25 18:27:17,PnLTactics,,Binance Futures,LIGHT/USDT,Partial Targets Achieved,Cross (5.0X),Short,1,14 hr 33 min,-1.2792,100.0,1,0.1824,1,0.1824-0.1824,0.1824,0.1728,,,,,,,,,,0.1879
2026-03-25 18:25:28,PnLTactics,,Binance Futures,ENA/USDT,All Targets Achieved,Cross (5.0X),Long,3,7 hr,25.1074,100.0,1,0.1009,1,0.1009-0.1009,0.1009,0.1036,0.1058,0.1085,,,,,,,,
2026-03-25 18:14:26,PnLTactics,,Binance Futures,ENA/USDT,All Targets Achieved,Cross (5.0X),Long,3,7 hr 5 min,26.2284,100.0,1,0.1004,1,0.1004-0.1004,0.1004,0.1032,0.1055,0.1083,,,,,,,,
2026-03-25 18:12:43,PnLTactics,,Binance Futures,OPN/USDT,Stopped Out,Cross (5.0X),Short,0,2 hr 57 min,-12.364,100.0,1,0.2022,1,0.2022-0.2022,0.2022,,,,,,,,,,,0.2072
2026-03-25 18:10:34,PnLTactics,,Binance Futures,RIVER/USDT,Stopped Out,Cross (5.0X),Short,0,6 min,-10.8505,100.0,1,20.506,1,20.341-20.341,20.341,,,,,,,,,,,20.951
2026-03-25 17:37:17,PnLTactics,,Binance Futures,RIVER/USDT,Stopped Out,Cross (5.0X),Short,0,39 min,-14.9919,100.0,1,20.311,1,20.311-20.311,20.311,,,,,,,,,,,20.92
2026-03-25 17:27:46,PnLTactics,,Binance Futures,WLD/USDT,Stopped Out,Cross (5.0X),Short,0,4 hr 15 min,-5.3325,100.0,1,0.3188,1,0.3185-0.3185,0.3185,,,,,,,,,,,0.3222
2026-03-25 17:25:56,PnLTactics,,Binance Futures,RIVER/USDT,Stopped Out,Cross (5.0X),Short,0,49 min,-14.9883,100.0,1,20.149,1,20.149-20.149,20.149,,,,,,,,,,,20.753
2026-03-25 17:23:58,PnLTactics,,Binance Futures,RENDER/USDT,Stopped Out,Cross (5.0X),Long,0,5 hr,-8.5561,100.0,1,1.87,1,1.871-1.871,1.871,,,,,,,,,,,1.838
2026-03-25 17:20:39,PnLTactics,,Binance Futures,VVV/USDT,Stopped Out,Cross (5.0X),Long,0,17 min,-13.3724,100.0,1,6.992,1,6.993-6.993,6.993,,,,,,,,,,,6.805
2026-03-25 17:19:02,PnLTactics,,Binance Futures,OPN/USDT,Stopped Out,Cross (5.0X),Short,0,14 min,-9.355,100.0,1,0.2031,1,0.2028-0.2028,0.2028,,,,,,,,,,,0.2069
2026-03-25 17:15:49,PnLTactics,,Binance Futures,ENA/USDT,All Targets Achieved,Cross (5.0X),Long,3,8 hr 15 min,29.2165,100.0,1,0.1004,1,0.1006-0.1006,0.1006,0.1036,0.1061,0.1091,,,,,,,,
2026-03-25 17:13:41,PnLTactics,,Binance Futures,OPN/USDT,Stopped Out,Cross (5.0X),Short,0,12 min,-9.1494,100.0,1,0.2022,1,0.2017-0.2017,0.2017,,,,,,,,,,,0.2059
2026-03-25 17:11:44,PnLTactics,,Binance Futures,FIL/USDT,Stopped Out,Cross (5.0X),Long,0,3 hr 23 min,-4.818,100.0,1,0.934,1,0.934-0.934,0.934,,,,,,,,,,,0.925
2026-03-25 17:10:07,PnLTactics,,Binance Futures,RIVER/USDT,Stopped Out,Cross (5.0X),Short,0,1 hr 6 min,-14.9951,100.0,1,20.34,1,20.34-20.34,20.34,,,,,,,,,,,20.95
2026-03-25 16:36:27,PnLTactics,,Binance Futures,BNB/USDT,Stopped Out,Cross (5.0X),Long,0,1 hr 18 min,-3.08,100.0,1,649.36,1,649.58-649.58,649.58,,,,,,,,,,,645.36
2026-03-25 16:25:38,PnLTactics,,Binance Futures,VVV/USDT,Stopped Out,Cross (5.0X),Long,0,5 hr 57 min,-13.1618,100.0,1,6.8,1,6.8-6.8,6.8,,,,,,,,,,,6.621
2026-03-25 16:23:53,PnLTactics,,Binance Futures,RIVER/USDT,Partial Targets Achieved,Cross (5.0X),Short,1,3 hr 34 min,-1.3818,100.0,1,20.867,1,20.867-20.867,20.867,19.916,,,,,,,,,,21.429
2026-03-25 16:21:53,PnLTactics,,Binance Futures,OPN/USDT,Stopped Out,Cross (5.0X),Short,0,10 min,-5.4107,100.0,1,0.2033,1,0.2017-0.2017,0.2017,,,,,,,,,,,0.2055
2026-03-25 16:20:16,PnLTactics,,Binance Futures,PIPPIN/USDT,All Targets Achieved,Cross (5.0X),Short,3,1 hr 33 min,52.438,100.0,1,0.06843,1,0.06806-0.06806,0.06806,0.06449,0.06142,0.05785,,,,,,,,
2026-03-25 16:18:16,PnLTactics,,Binance Futures,LIGHT/USDT,Stopped Out,Cross (5.0X),Short,0,16 min,-14.9174,100.0,1,0.1877,1,0.1877-0.1877,0.1877,,,,,,,,,,,0.1933
2026-03-25 16:15:03,PnLTactics,,Binance Futures,PIPPIN/USDT,Cancelled,Cross (5.0X),Short,0,4 min,0.0,0,0,,1,0.07124-0.07124,0.07124,,,,,,,,,,,
2026-03-25 16:13:01,PnLTactics,,Binance Futures,KITE/USDT,Stopped Out,Cross (5.0X),Long,0,6 hr 10 min,-7.188,100.0,1,0.24694,1,0.24831-0.24831,0.24831,,,,,,,,,,,0.24339
2026-03-25 16:11:20,PnLTactics,,Binance Futures,RIVER/USDT,Partial Targets Achieved,Cross (5.0X),Short,1,3 hr 47 min,-1.4151,100.0,1,20.847,1,20.847-20.847,20.847,19.872,,,,,,,,,,21.423
2026-03-25 16:09:43,PnLTactics,,Binance Futures,TRX/USDT,Partial Targets Achieved,Cross (5.0X),Long,1,1 day 1 hr,-0.3368,100.0,1,0.31179,1,0.31179-0.31179,0.31179,0.31522,,,,,,,,,,0.30976
2026-03-25 15:36:23,PnLTactics,,Binance Futures,HUMA/USDT,Stopped Out,Cross (5.0X),Long,0,1 hr 4 min,-10.3612,100.0,1,0.020268,1,0.020358-0.020358,0.020358,,,,,,,,,,,0.019848
2026-03-25 15:24:03,PnLTactics,,Binance Futures,HUMA/USDT,Stopped Out,Cross (7.0X),Long,0,38 min,-14.1917,100.0,1,0.020519,1,0.020614-0.020614,0.020614,,,,,,,,,,,0.020103
2026-03-25 15:14:57,PnLTactics,,Binance Futures,ENA/USDT,All Targets Achieved,Cross (7.0X),Long,3,9 hr 28 min,31.3468,100.0,1,0.099,1,0.099-0.099,0.099,0.1014,0.1033,0.1056,,,,,,,,
2026-03-25 15:12:26,PnLTactics,,Binance Futures,FIL/USDT,Stopped Out,Cross (7.0X),Long,0,6 min,-6.0086,100.0,1,0.932,1,0.932-0.932,0.932,,,,,,,,,,,0.924
2026-03-25 15:10:24,PnLTactics,,Binance Futures,TRX/USDT,Cancelled,Cross (7.0X),Long,1,1 day 3 hr,1.9166,100.0,1,0.31044,1,0.31045-0.31045,0.31045,0.31387,,,,,,,,,,
2026-03-25 15:07:52,PnLTactics,,Binance Futures,ENA/USDT,Stopped Out,Cross (7.0X),Long,0,10 min,-7.0493,100.0,1,0.0993,1,0.0997-0.0997,0.0997,,,,,,,,,,,0.0983
2026-03-25 15:04:54,PnLTactics,,Binance Futures,TRX/USDT,Cancelled,Cross (7.0X),Long,1,1 day 4 hr,2.1793,100.0,1,0.3105,1,0.31098-0.31098,0.31098,0.3144,,,,,,,,,,
2026-03-25 14:57:32,PnLTactics,,Binance Futures,PAXG/USDT,Stopped Out,Cross (7.0X),Long,0,19 min,-4.0647,100.0,1,4565.44,1,4568.63-4568.63,4568.63,,,,,,,,,,,4538.93
2026-03-25 14:53:50,PnLTactics,,Binance Futures,FIL/USDT,Stopped Out,Cross (7.0X),Long,0,23 min,-5.9765,100.0,1,0.937,1,0.937-0.937,0.937,,,,,,,,,,,0.929
2026-03-25 14:51:44,PnLTactics,,Binance Futures,ENA/USDT,Stopped Out,Cross (7.0X),Long,0,8 min,-7.7,100.0,1,0.1,1,0.1002-0.1002,0.1002,,,,,,,,,,,0.0989
2026-03-25 14:36:11,PnLTactics,,Binance Futures,PAXG/USDT,Stopped Out,Cross (7.0X),Long,0,41 min,-4.5042,100.0,1,4564.41,1,4564.71-4564.71,4564.71,,,,,,,,,,,4535.04
2026-03-25 14:22:07,PnLTactics,,Binance Futures,HUMA/USDT,Stopped Out,Cross (8.0X),Long,0,2 hr 20 min,-19.9665,100.0,1,0.020274,1,0.020286-0.020286,0.020286,,,,,,,,,,,0.019768
2026-03-25 14:14:29,PnLTactics,,Binance Futures,AAVE/USDT,Stopped Out,Cross (7.0X),Long,0,59 min,-6.6244,100.0,1,115.18,1,115.18-115.18,115.18,,,,,,,,,,,114.09
2026-03-25 14:12:18,PnLTactics,,Binance Futures,ENA/USDT,Stopped Out,Cross (7.0X),Long,0,1 hr 53 min,-9.1919,100.0,1,0.099,1,0.099-0.099,0.099,,,,,,,,,,,0.0977
2026-03-25 14:09:53,PnLTactics,,Binance Futures,DOT/USDT,All Targets Achieved,Cross (7.0X),Short,3,19 hr 21 min,21.5986,100.0,1,1.372,1,1.371-1.371,1.371,1.349,1.331,1.309,,,,,,,,
2026-03-25 14:07:47,PnLTactics,,Binance Futures,FIL/USDT,Stopped Out,Cross (7.0X),Long,0,1 hr 10 min,-6.0021,100.0,1,0.933,1,0.933-0.933,0.933,,,,,,,,,,,0.925
2026-03-25 14:04:25,PnLTactics,,Binance Futures,DOT/USDT,Stopped Out,Cross (8.0X),Short,0,47 min,-7.6079,100.0,1,1.367,1,1.367-1.367,1.367,,,,,,,,,,,1.38
2026-03-25 13:57:24,PnLTactics,,Binance Futures,SOL/USDT,Stopped Out,Cross (7.0X),Long,0,26 min,-2.7237,100.0,1,92.52,1,92.83-92.83,92.83,,,,,,,,,,,92.16
2026-03-25 13:53:01,PnLTactics,,Binance Futures,AVAX/USDT,Stopped Out,Cross (7.0X),Long,0,1 hr 14 min,-4.5319,100.0,1,9.731,1,9.731-9.731,9.731,,,,,,,,,,,9.668
2026-03-25 13:50:58,PnLTactics,,Binance Futures,DOT/USDT,All Targets Achieved,Cross (8.0X),Short,3,19 hr 40 min,24.6662,100.0,1,1.373,1,1.372-1.372,1.372,1.35,1.332,1.31,,,,,,,,
2026-03-25 13:35:53,PnLTactics,,Binance Futures,SOL/USDT,Stopped Out,Cross (8.0X),Long,0,25 min,-5.5836,100.0,1,93.13,1,93.13-93.13,93.13,,,,,,,,,,,92.48
2026-03-25 13:19:12,PnLTactics,,Binance Futures,WIF/USDT,Stopped Out,Cross (7.0X),Long,0,27 min,-7.6503,100.0,1,0.2013,1,0.2014-0.2014,0.2014,,,,,,,,,,,0.1991
2026-03-25 13:13:35,PnLTactics,,Binance Futures,DUSK/USDT,Stopped Out,Cross (8.0X),Short,0,3 hr 12 min,-19.6823,100.0,1,0.11584,1,0.11584-0.11584,0.11584,,,,,,,,,,,0.11869
2026-03-25 13:10:48,PnLTactics,,Binance Futures,AVAX/USDT,Stopped Out,Cross (7.0X),Long,0,1 hr 57 min,-4.5338,100.0,1,9.727,1,9.727-9.727,9.727,,,,,,,,,,,9.664
2026-03-25 13:08:39,PnLTactics,,Binance Futures,ADA/USDT,Stopped Out,Cross (8.0X),Long,0,41 min,-6.6933,100.0,1,0.2749,1,0.275-0.275,0.275,,,,,,,,,,,0.2726
2026-03-25 13:06:51,PnLTactics,,Binance Futures,WIF/USDT,Stopped Out,Cross (8.0X),Long,0,1 hr 34 min,-9.1771,100.0,1,0.2005,1,0.2005-0.2005,0.2005,,,,,,,,,,,0.1982
2026-03-25 13:03:51,PnLTactics,,Binance Futures,FARTCOIN/USDT,Stopped Out,Cross (7.0X),Long,0,56 min,-9.919,100.0,1,0.1976,1,0.1976-0.1976,0.1976,,,,,,,,,,,0.1948
2026-03-25 12:57:04,PnLTactics,,Binance Futures,ENA/USDT,Stopped Out,Cross (7.0X),Long,0,57 min,-7.0,100.0,1,0.1,1,0.1002-0.1002,0.1002,,,,,,,,,,,0.099
2026-03-25 12:52:35,PnLTactics,,Binance Futures,ADA/USDT,Partial Targets Achieved,Cross (7.0X),Long,1,2 hr 15 min,-0.513,100.0,1,0.2729,1,0.2729-0.2729,0.2729,0.2767,,,,,,,,,,0.2707
2026-03-25 12:50:28,PnLTactics,,Binance Futures,DOT/USDT,All Targets Achieved,Cross (7.0X),Short,3,16 hr 41 min,19.4023,100.0,1,1.383,1,1.382-1.382,1.382,1.362,1.346,1.326,,,,,,,,
2026-03-25 12:35:48,PnLTactics,,Binance Futures,ENA/USDT,Partial Targets Achieved,Cross (7.0X),Long,1,2 hr 43 min,0.2364,100.0,1,0.0987,1,0.0988-0.0988,0.0988,0.1006,,,,,,,,,,0.0978
2026-03-25 12:18:41,PnLTactics,,Binance Futures,ADA/USDT,Partial Targets Achieved,Cross (8.0X),Long,1,2 hr 37 min,-0.2927,100.0,1,0.2733,1,0.2734-0.2734,0.2734,0.2768,,,,,,,,,,0.2714
2026-03-25 12:12:57,PnLTactics,,Binance Futures,ADA/USDT,Stopped Out,Cross (7.0X),Long,0,10 min,-5.1002,100.0,1,0.2745,1,0.2745-0.2745,0.2745,,,,,,,,,,,0.2725
2026-03-25 12:10:40,PnLTactics,,Binance Futures,SOL/USDT,Stopped Out,Cross (8.0X),Long,0,12 min,-5.1541,100.0,1,93.13,1,93.14-93.14,93.14,,,,,,,,,,,92.53
2026-03-25 12:08:30,PnLTactics,,Binance Futures,ETH/USDT,Stopped Out,Cross (8.0X),Long,0,10 min,-5.1985,100.0,1,2189.85,1,2189.85-2189.85,2189.85,,,,,,,,,,,2175.62
2026-03-25 12:05:48,PnLTactics,,Binance Futures,ADA/USDT,Stopped Out,Cross (8.0X),Long,0,17 min,-5.5515,100.0,1,0.2738,1,0.2738-0.2738,0.2738,,,,,,,,,,,0.2719
2026-03-25 12:02:24,PnLTactics,,Binance Futures,AAVE/USDT,Stopped Out,Cross (7.0X),Long,0,20 min,-4.8384,100.0,1,115.74,1,115.74-115.74,115.74,,,,,,,,,,,114.94
2026-03-25 11:56:45,PnLTactics,,Binance Futures,SOL/USDT,Stopped Out,Cross (8.0X),Long,0,2 hr 10 min,-5.0835,100.0,1,92.85,1,92.86-92.86,92.86,,,,,,,,,,,92.26
2026-03-25 11:49:52,PnLTactics,,Binance Futures,BTC/USDT,Stopped Out,Cross (8.0X),Long,0,3 hr 17 min,-5.1994,100.0,1,71499.9,1,71499.9-71499.9,71499.9,,,,,,,,,,,71035.2
2026-03-25 11:45:39,PnLTactics,,Binance Futures,XRP/USDT,Stopped Out,Cross (8.0X),Long,0,31 min,-5.1999,100.0,1,1.4308,1,1.4308-1.4308,1.4308,,,,,,,,,,,1.4215
2026-03-25 11:35:32,PnLTactics,,Binance Futures,AVAX/USDT,Stopped Out,Cross (8.0X),Long,0,47 min,-5.1639,100.0,1,9.76,1,9.76-9.76,9.76,,,,,,,,,,,9.697
2026-03-25 11:14:51,PnLTactics,,Binance Futures,ENA/USDT,All Targets Achieved,Cross (7.0X),Long,3,2 hr 6 min,20.332,100.0,1,0.0964,1,0.0964-0.0964,0.0964,0.0979,0.0991,0.1006,,,,,,,,
2026-03-25 11:12:28,PnLTactics,,Binance Futures,SOL/USDT,Stopped Out,Cross (7.0X),Long,0,3 hr 46 min,-4.5376,100.0,1,92.56,1,92.56-92.56,92.56,,,,,,,,,,,91.96
2026-03-25 11:10:34,PnLTactics,,Binance Futures,XRP/USDT,Stopped Out,Cross (7.0X),Long,0,1 hr 11 min,-4.563,100.0,1,1.4267,1,1.4267-1.4267,1.4267,,,,,,,,,,,1.4174
2026-03-25 11:07:55,PnLTactics,,Binance Futures,C/USDT,Stopped Out,Cross (7.0X),Long,0,13 min,-21.0322,100.0,1,0.06956,1,0.06956-0.06956,0.06956,,,,,,,,,,,0.06747
2026-03-25 11:05:32,PnLTactics,,Binance Futures,PIPPIN/USDT,Stopped Out,Cross (7.0X),Short,0,3 hr 52 min,-13.6303,100.0,1,0.07498,1,0.07493-0.07493,0.07493,,,,,,,,,,,0.07644
2026-03-25 11:00:30,PnLTactics,,Binance Futures,SOL/USDT,Stopped Out,Cross (7.0X),Long,0,3 hr 24 min,-4.5351,100.0,1,92.61,1,92.61-92.61,92.61,,,,,,,,,,,92.01
2026-03-25 10:56:40,PnLTactics,,Binance Futures,BTC/USDT,Stopped Out,Cross (7.0X),Long,0,4 hr 11 min,-4.1217,100.0,1,71500.0,1,71544.0-71544.0,71544.0,,,,,,,,,,,71079.0
2026-03-25 10:49:04,PnLTactics,,Binance Futures,BTC/USDT,Stopped Out,Cross (7.0X),Long,0,4 hr 18 min,-4.5502,100.0,1,71519.4,1,71519.4-71519.4,71519.4,,,,,,,,,,,71054.5
2026-03-25 10:45:18,PnLTactics,,Binance Futures,C/USDT,Partial Targets Achieved,Cross (7.0X),Long,1,53 min,-1.7521,100.0,1,0.06792,1,0.06792-0.06792,0.06792,0.07149,,,,,,,,,,0.06588
2026-03-25 10:34:52,PnLTactics,,Binance Futures,FIL/USDT,Stopped Out,Cross (7.0X),Long,0,1 hr 48 min,-5.2575,100.0,1,0.932,1,0.933-0.933,0.933,,,,,,,,,,,0.925
2026-03-25 10:14:18,PnLTactics,,Binance Futures,ADA/USDT,Partial Targets Achieved,Cross (7.0X),Long,1,4 hr 53 min,-0.513,100.0,1,0.2729,1,0.2729-0.2729,0.2729,0.2761,,,,,,,,,,0.271
2026-03-25 10:12:22,PnLTactics,,Binance Futures,BTC/USDT,Stopped Out,Cross (7.0X),Long,0,4 hr 55 min,-4.5496,100.0,1,71360.0,1,71360.0-71360.0,71360.0,,,,,,,,,,,70896.2
2026-03-25 10:09:58,PnLTactics,,Binance Futures,ETH/USDT,Stopped Out,Cross (7.0X),Long,0,2 hr 11 min,-4.5508,100.0,1,2185.76,1,2185.76-2185.76,2185.76,,,,,,,,,,,2171.55
2026-03-25 10:07:36,PnLTactics,,Binance Futures,ENA/USDT,All Targets Achieved,Cross (7.0X),Long,3,6 hr 26 min,22.2915,100.0,1,0.0963,1,0.0963-0.0963,0.0963,0.0979,0.0993,0.1009,,,,,,,,
2026-03-25 10:05:16,PnLTactics,,Binance Futures,ADA/USDT,Partial Targets Achieved,Cross (7.0X),Long,1,5 hr 2 min,-0.514,100.0,1,0.2724,1,0.2724-0.2724,0.2724,0.2756,,,,,,,,,,0.2705
2026-03-25 10:00:10,PnLTactics,,Binance Futures,RIVER/USDT,Stopped Out,Cross (7.0X),Short,0,18 min,-17.9645,100.0,1,21.548,1,21.457-21.457,21.457,,,,,,,,,,,22.101
2026-03-25 09:56:30,PnLTactics,,Binance Futures,BTC/USDT,Stopped Out,Cross (7.0X),Long,0,5 hr 17 min,-4.5504,100.0,1,71225.0,1,71225.0-71225.0,71225.0,,,,,,,,,,,70762.0
2026-03-25 09:48:55,PnLTactics,,Binance Futures,WLFI/USDT,Stopped Out,Cross (7.0X),Long,0,2 hr 31 min,-6.1584,100.0,1,0.1023,1,0.1023-0.1023,0.1023,,,,,,,,,,,0.1014
2026-03-25 09:44:45,PnLTactics,,Binance Futures,AVAX/USDT,Partial Targets Achieved,Cross (7.0X),Long,1,5 hr 32 min,-0.4824,100.0,1,9.674,1,9.674-9.674,9.674,9.78,,,,,,,,,,9.611
2026-03-25 09:30:07,PnLTactics,,Binance Futures,C/USDT,All Targets Achieved,Cross (7.0X),Long,3,1 hr 40 min,70.0298,100.0,1,0.06264,1,0.06264-0.06264,0.06264,0.06593,0.06875,0.07204,,,,,,,,
2026-03-25 09:13:45,PnLTactics,,Binance Futures,ADA/USDT,Partial Targets Achieved,Cross (6.0X),Long,1,6 hr 3 min,-0.4425,100.0,1,0.2712,1,0.2712-0.2712,0.2712,0.2744,,,,,,,,,,0.2693
2026-03-25 09:11:43,PnLTactics,,Binance Futures,DOT/USDT,Stopped Out,Cross (7.0X),Short,0,49 min,-5.5838,100.0,1,1.379,1,1.378-1.378,1.378,,,,,,,,,,,1.39
2026-03-25 09:09:35,PnLTactics,,Binance Futures,BNB/USDT,Stopped Out,Cross (7.0X),Long,0,6 hr 6 min,-4.5497,100.0,1,647.73,1,647.73-647.73,647.73,,,,,,,,,,,643.52
2026-03-25 09:07:31,PnLTactics,,Binance Futures,AVAX/USDT,Partial Targets Achieved,Cross (7.0X),Long,1,6 hr 9 min,-0.4098,100.0,1,9.68,1,9.681-9.681,9.681,9.787,,,,,,,,,,9.618
2026-03-25 09:05:12,PnLTactics,,Binance Futures,DOT/USDT,Stopped Out,Cross (7.0X),Short,0,49 min,-6.1047,100.0,1,1.376,1,1.376-1.376,1.376,,,,,,,,,,,1.388
2026-03-25 08:59:24,PnLTactics,,Binance Futures,ETH/USDT,Partial Targets Achieved,Cross (6.0X),Long,1,6 hr 10 min,-0.4,100.0,1,2175.11,1,2175.11-2175.11,2175.11,2199.04,,,,,,,,,,2160.97
2026-03-25 08:56:16,PnLTactics,,Binance Futures,BTC/USDT,Stopped Out,Cross (6.0X),Long,0,6 hr 18 min,-3.9002,100.0,1,71241.7,1,71241.7-71241.7,71241.7,,,,,,,,,,,70778.6
2026-03-25 08:47:16,PnLTactics,,Binance Futures,AAVE/USDT,Stopped Out,Cross (7.0X),Long,0,1 hr 1 min,-4.4955,100.0,1,113.67,1,113.69-113.69,113.69,,,,,,,,,,,112.94
2026-03-25 08:43:49,PnLTactics,,Binance Futures,XRP/USDT,Stopped Out,Cross (7.0X),Long,0,59 min,-4.5292,100.0,1,1.4219,1,1.4219-1.4219,1.4219,,,,,,,,,,,1.4127
2026-03-25 08:29:57,PnLTactics,,Binance Futures,RIVER/USDT,Stopped Out,Cross (7.0X),Short,0,1 hr 16 min,-20.9734,100.0,1,21.327,1,21.326-21.326,21.326,,,,,,,,,,,21.966
2026-03-25 08:13:23,PnLTactics,,Binance Futures,RIVER/USDT,Stopped Out,Cross (6.0X),Short,0,2 hr 17 min,-18.011,100.0,1,21.82,1,21.82-21.82,21.82,,,,,,,,,,,22.475
2026-03-25 08:11:10,PnLTactics,,Binance Futures,ENA/USDT,All Targets Achieved,Cross (7.0X),Long,3,4 hr 44 min,20.3218,100.0,1,0.0953,1,0.0954-0.0954,0.0954,0.0968,0.098,0.0994,,,,,,,,
2026-03-25 08:09:11,PnLTactics,,Binance Futures,DOT/USDT,Stopped Out,Cross (6.0X),Short,0,11 min,-4.7722,100.0,1,1.383,1,1.383-1.383,1.383,,,,,,,,,,,1.394
2026-03-25 08:06:44,PnLTactics,,Binance Futures,ADA/USDT,Partial Targets Achieved,Cross (6.0X),Long,2,7 hr 11 min,5.3235,100.0,1,0.2705,1,0.2706-0.2706,0.2706,0.2737,0.2763,,,,,,,,,0.2687
2026-03-25 08:04:45,PnLTactics,,Binance Futures,XRP/USDT,Stopped Out,Cross (6.0X),Long,0,1 hr 38 min,-3.7579,100.0,1,1.421,1,1.4213-1.4213,1.4213,,,,,,,,,,,1.4121
2026-03-25 07:59:07,PnLTactics,,Binance Futures,XRP/USDT,Partial Targets Achieved,Cross (6.0X),Long,1,7 hr 8 min,-0.3945,100.0,1,1.4195,1,1.4195-1.4195,1.4195,1.4351,,,,,,,,,,1.4103
2026-03-25 07:55:55,PnLTactics,,Binance Futures,DOT/USDT,Stopped Out,Cross (6.0X),Short,0,24 min,-4.7757,100.0,1,1.382,1,1.382-1.382,1.382,,,,,,,,,,,1.393
2026-03-25 07:45:25,PnLTactics,,Binance Futures,ETH/USDT,Partial Targets Achieved,Cross (6.0X),Long,1,7 hr 28 min,0.8804,100.0,1,2167.22,1,2171.85-2171.85,2171.85,2195.74,,,,,,,,,,2157.73
2026-03-25 07:43:12,PnLTactics,,Binance Futures,BTC/USDT,Partial Targets Achieved,Cross (7.0X),Long,1,7 hr 33 min,-0.4669,100.0,1,71165.8,1,71165.8-71165.8,71165.8,71948.6,,,,,,,,,,70703.2
2026-03-25 07:29:40,PnLTactics,,Binance Futures,ETH/USDT,Partial Targets Achieved,Cross (6.0X),Long,1,7 hr 47 min,-0.3655,100.0,1,2166.75,1,2166.87-2166.87,2166.87,2190.71,,,,,,,,,,2152.79
2026-03-25 07:12:19,PnLTactics,,Binance Futures,ETH/USDT,Partial Targets Achieved,Cross (6.0X),Long,1,8 hr 4 min,-0.3991,100.0,1,2170.0,1,2170.0-2170.0,2170.0,2193.87,,,,,,,,,,2155.9
2026-03-25 07:10:37,PnLTactics,,Binance Futures,ADA/USDT,Partial Targets Achieved,Cross (6.0X),Long,2,8 hr 7 min,4.8835,100.0,1,0.2703,1,0.2703-0.2703,0.2703,0.2733,0.2757,,,,,,,,,0.2685
2026-03-25 07:08:28,PnLTactics,,Binance Futures,BTC/USDT,Partial Targets Achieved,Cross (6.0X),Long,1,8 hr 9 min,-0.4002,100.0,1,71011.8,1,71011.8-71011.8,71011.8,71792.9,,,,,,,,,,70550.2
2026-03-25 07:06:31,PnLTactics,,Binance Futures,XLM/USDT,Partial Targets Achieved,Cross (6.0X),Long,1,5 hr 10 min,-0.603,100.0,1,0.1791,1,0.1791-0.1791,0.1791,0.18206,,,,,,,,,,0.17735
2026-03-25 07:04:43,PnLTactics,,Binance Futures,ENA/USDT,All Targets Achieved,Cross (6.0X),Long,3,5 hr 28 min,16.8776,100.0,1,0.0948,1,0.0948-0.0948,0.0948,0.0962,0.0974,0.0988,,,,,,,,
2026-03-25 06:58:45,PnLTactics,,Binance Futures,BTC/USDT,Partial Targets Achieved,Cross (6.0X),Long,1,8 hr 18 min,-0.0183,100.0,1,71000.7,1,71045.9-71045.9,71045.9,71827.4,,,,,,,,,,70584.1
2026-03-25 06:55:39,PnLTactics,,Binance Futures,RIVER/USDT,Stopped Out,Cross (6.0X),Short,0,3 hr 36 min,-18.0134,100.0,1,21.917,1,21.917-21.917,21.917,,,,,,,,,,,22.575
2026-03-25 06:44:50,PnLTactics,,Binance Futures,BTC/USDT,Partial Targets Achieved,Cross (6.0X),Long,1,8 hr 31 min,-0.3612,100.0,1,71152.9,1,71157.5-71157.5,71157.5,71940.2,,,,,,,,,,70695.0
2026-03-25 06:42:35,PnLTactics,,Binance Futures,ETH/USDT,Partial Targets Achieved,Cross (6.0X),Long,1,8 hr 33 min,-0.3991,100.0,1,2169.81,1,2169.81-2169.81,2169.81,2193.68,,,,,,,,,,2155.71
2026-03-25 06:29:10,PnLTactics,,Binance Futures,BTC/USDT,Partial Targets Achieved,Cross (6.0X),Long,1,8 hr 45 min,-0.4001,100.0,1,71183.3,1,71183.3-71183.3,71183.3,71966.3,,,,,,,,,,70720.6
2026-03-25 06:12:17,PnLTactics,,Binance Futures,RIVER/USDT,All Targets Achieved,Cross (5.0X),Short,3,15 hr 55 min,45.8339,100.0,1,22.527,1,22.527-22.527,22.527,21.428,20.529,19.429,,,,,,,,
2026-03-25 06:09:56,PnLTactics,,Binance Futures,PIPPIN/USDT,All Targets Achieved,Cross (6.0X),Short,3,10 hr 5 min,42.7692,100.0,1,0.078,1,0.078-0.078,0.078,0.07504,0.07262,0.06966,,,,,,,,
2026-03-25 06:07:42,PnLTactics,,Binance Futures,AVAX/USDT,Partial Targets Achieved,Cross (6.0X),Long,1,20 hr 24 min,-0.2906,100.0,1,9.634,1,9.636-9.636,9.636,9.742,,,,,,,,,,9.573
2026-03-25 06:02:21,PnLTactics,,Binance Futures,XRP/USDT,Partial Targets Achieved,Cross (6.0X),Long,1,9 hr 5 min,-0.3526,100.0,1,1.4182,1,1.4183-1.4183,1.4183,1.4339,,,,,,,,,,1.4091
2026-03-25 05:59:49,PnLTactics,,Binance Futures,ETH/USDT,Partial Targets Achieved,Cross (6.0X),Long,1,9 hr 17 min,-0.3552,100.0,1,2167.77,1,2167.93-2167.93,2167.93,2191.78,,,,,,,,,,2153.84
2026-03-25 05:58:05,PnLTactics,,Binance Futures,RIVER/USDT,All Targets Achieved,Cross (6.0X),Short,3,16 hr 10 min,54.6192,100.0,1,22.439,1,22.439-22.439,22.439,21.352,20.462,19.375,,,,,,,,
2026-03-25 05:55:28,PnLTactics,,Binance Futures,BTC/USDT,Partial Targets Achieved,Cross (6.0X),Long,1,9 hr 21 min,-0.3503,100.0,1,71081.9,1,71087.8-71087.8,71087.8,71869.8,,,,,,,,,,70625.7
2026-03-25 05:44:18,PnLTactics,,Binance Futures,BTC/USDT,Stopped Out,Cross (6.0X),Long,0,2 hr 29 min,-3.5976,100.0,1,71180.0,1,71216.1-71216.1,71216.1,,,,,,,,,,,70753.2
2026-03-25 05:41:59,PnLTactics,,Binance Futures,ETH/USDT,Partial Targets Achieved,Cross (6.0X),Long,1,9 hr 32 min,-0.3998,100.0,1,2171.13,1,2171.13-2171.13,2171.13,2195.01,,,,,,,,,,2157.02
2026-03-25 05:28:46,PnLTactics,,Binance Futures,BTC/USDT,Partial Targets Achieved,Cross (6.0X),Long,1,9 hr 47 min,-0.3998,100.0,1,71141.7,1,71141.7-71141.7,71141.7,71924.3,,,,,,,,,,70679.3
2026-03-25 05:11:47,PnLTactics,,Binance Futures,BTC/USDT,Stopped Out,Cross (6.0X),Long,0,2 hr 54 min,-3.1843,100.0,1,71204.6,1,71290.1-71290.1,71290.1,,,,,,,,,,,70826.7
2026-03-25 05:09:18,PnLTactics,,Binance Futures,ETH/USDT,Stopped Out,Cross (6.0X),Long,0,58 min,-2.8807,100.0,1,2174.47,1,2178.19-2178.19,2178.19,,,,,,,,,,,2164.03
2026-03-25 05:07:28,PnLTactics,,Binance Futures,ADA/USDT,Partial Targets Achieved,Cross (6.0X),Long,2,21 hr 23 min,5.2064,100.0,1,0.2689,1,0.2689-0.2689,0.2689,0.272,0.2746,,,,,,,,,0.2671
2026-03-25 05:02:13,PnLTactics,,Binance Futures,PIPPIN/USDT,Stopped Out,Cross (6.0X),Short,0,14 min,-11.6843,100.0,1,0.07754,1,0.07726-0.07726,0.07726,,,,,,,,,,,0.07905
2026-03-25 04:59:26,PnLTactics,,Binance Futures,BNB/USDT,Partial Targets Achieved,Cross (6.0X),Long,1,1 day,-0.4014,100.0,1,642.74,1,642.74-642.74,642.74,649.81,,,,,,,,,,638.56
2026-03-25 04:57:14,PnLTactics,,Binance Futures,SOL/USDT,Partial Targets Achieved,Cross (6.0X),Long,1,10 hr 17 min,-0.4132,100.0,1,91.97,1,91.97-91.97,91.97,92.98,,,,,,,,,,91.37
2026-03-25 04:55:07,PnLTactics,,Binance Futures,C/USDT,Stopped Out,Cross (6.0X),Long,0,1 hr 5 min,-17.9896,100.0,1,0.06337,1,0.06337-0.06337,0.06337,,,,,,,,,,,0.06147
2026-03-25 04:43:46,PnLTactics,,Binance Futures,BTC/USDT,Partial Targets Achieved,Cross (5.0X),Long,1,1 day 1 hr,-0.3008,100.0,1,70748.5,1,70753.1-70753.1,70753.1,71531.4,,,,,,,,,,70293.2
2026-03-25 04:41:31,PnLTactics,,Binance Futures,ETH/USDT,Partial Targets Achieved,Cross (6.0X),Long,1,10 hr 36 min,-0.0778,100.0,1,2160.33,1,2161.49-2161.49,2161.49,2185.27,,,,,,,,,,2147.44
2026-03-25 04:28:39,PnLTactics,,Binance Futures,BNB/USDT,Partial Targets Achieved,Cross (6.0X),Long,1,1 day 1 hr,-0.4016,100.0,1,642.36,1,642.36-642.36,642.36,649.43,,,,,,,,,,638.18
2026-03-25 04:10:32,PnLTactics,,Binance Futures,BTC/USDT,Partial Targets Achieved,Cross (5.0X),Long,1,1 day 1 hr,-0.3169,100.0,1,70848.7,1,70851.0-70851.0,70851.0,71630.4,,,,,,,,,,70390.5
2026-03-25 04:08:38,PnLTactics,,Binance Futures,ETH/USDT,Partial Targets Achieved,Cross (5.0X),Long,1,11 hr 9 min,-0.3333,100.0,1,2160.21,1,2160.21-2160.21,2160.21,2183.97,,,,,,,,,,2146.17
2026-03-25 04:06:54,PnLTactics,,Binance Futures,AVAX/USDT,Partial Targets Achieved,Cross (5.0X),Long,1,22 hr 24 min,-0.294,100.0,1,9.636,1,9.637-9.637,9.637,9.743,,,,,,,,,,9.574
2026-03-25 04:01:36,PnLTactics,,Binance Futures,JTO/USDT,Partial Targets Achieved,Cross (5.0X),Long,1,4 hr 24 min,-1.1456,100.0,1,0.3637,1,0.3637-0.3637,0.3637,0.378,,,,,,,,,,0.3553
2026-03-25 03:59:19,PnLTactics,,Binance Futures,SOL/USDT,Partial Targets Achieved,Cross (5.0X),Long,1,11 hr 17 min,-0.1274,100.0,1,91.6,1,91.64-91.64,91.64,92.69,,,,,,,,,,91.02
2026-03-25 03:56:52,PnLTactics,,Binance Futures,BNB/USDT,Partial Targets Achieved,Cross (5.0X),Long,1,1 day 1 hr,-0.3344,100.0,1,642.88,1,642.88-642.88,642.88,649.95,,,,,,,,,,638.7
2026-03-25 03:54:23,PnLTactics,,Binance Futures,JTO/USDT,Partial Targets Achieved,Cross (5.0X),Long,2,4 hr 35 min,12.4203,100.0,1,0.3556,1,0.3556-0.3556,0.3556,0.3675,0.3773,,,,,,,,,0.3485
2026-03-25 03:42:45,PnLTactics,,Binance Futures,XLM/USDT,Partial Targets Achieved,Cross (5.0X),Long,1,11 hr 31 min,-0.519,100.0,1,0.17663,1,0.17665-0.17665,0.17665,0.18008,,,,,,,,,,0.17463
2026-03-25 03:41:06,PnLTactics,,Binance Futures,JTO/USDT,All Targets Achieved,Cross (5.0X),Long,3,26 min,30.5643,100.0,1,0.3479,1,0.3479-0.3479,0.3479,0.3592,0.3685,0.3798,,,,,,,,
2026-03-25 03:28:16,PnLTactics,,Binance Futures,JTO/USDT,All Targets Achieved,Cross (5.0X),Long,3,37 min,30.8696,100.0,1,0.345,1,0.3453-0.3453,0.3453,0.3565,0.3656,0.3768,,,,,,,,
2026-03-25 02:43:36,PnLTactics,,Binance Futures,BNB/USDT,Partial Targets Achieved,Cross (6.0X),Long,2,1 day 3 hr,5.0027,100.0,1,639.65,1,639.76-639.76,639.76,646.8,652.55,,,,,,,,,635.6
2026-03-25 02:41:55,PnLTactics,,Binance Futures,SOL/USDT,Partial Targets Achieved,Cross (6.0X),Long,2,23 hr 51 min,4.9572,100.0,1,91.18,1,91.19-91.19,91.19,92.19,93.01,,,,,,,,,90.6
2026-03-25 02:40:07,PnLTactics,,Binance Futures,PAXG/USDT,Stopped Out,Cross (6.0X),Long,0,2 hr 39 min,-3.7787,100.0,1,4587.31,1,4588.24-4588.24,4588.24,,,,,,,,,,,4558.42
2026-03-25 02:38:26,PnLTactics,,Binance Futures,ARIA/USDT,Stopped Out,Cross (6.0X),Long,0,20 min,-16.5474,100.0,1,0.31582,1,0.31582-0.31582,0.31582,,,,,,,,,,,0.30711
2026-03-25 02:36:50,PnLTactics,,Binance Futures,XLM/USDT,Partial Targets Achieved,Cross (6.0X),Long,1,1 day 3 hr,-0.4548,100.0,1,0.1759,1,0.17598-0.17598,0.17598,0.17954,,,,,,,,,,0.17388
2026-03-25 02:34:36,PnLTactics,,Binance Futures,ZEC/USDT,Stopped Out,Cross (6.0X),Long,0,25 min,-8.7353,100.0,1,243.15,1,243.42-243.42,243.42,,,,,,,,,,,239.61
2026-03-25 02:32:49,PnLTactics,,Binance Futures,XRP/USDT,Partial Targets Achieved,Cross (5.0X),Long,1,12 hr 44 min,0.1181,100.0,1,1.4117,1,1.413-1.413,1.413,1.4285,,,,,,,,,,1.4038
2026-03-25 02:28:47,PnLTactics,,Binance Futures,ETH/USDT,Partial Targets Achieved,Cross (6.0X),Long,2,1 day 2 hr,4.948,100.0,1,2155.64,1,2155.81-2155.81,2155.81,2179.52,2198.93,,,,,,,,,2141.8
2026-03-25 02:27:11,PnLTactics,,Binance Futures,DUSK/USDT,Stopped Out,Cross (6.0X),Long,0,12 min,-14.692,100.0,1,0.12905,1,0.12905-0.12905,0.12905,,,,,,,,,,,0.12589
2026-03-25 02:25:22,PnLTactics,,Binance Futures,ZEC/USDT,Stopped Out,Cross (6.0X),Long,0,18 min,-8.7518,100.0,1,244.75,1,244.81-244.81,244.81,,,,,,,,,,,241.18
2026-03-25 01:41:59,PnLTactics,,Binance Futures,ETH/USDT,Stopped Out,Cross (6.0X),Long,0,1 hr 34 min,-3.9013,100.0,1,2159.3,1,2159.3-2159.3,2159.3,,,,,,,,,,,2145.26
2026-03-25 01:40:22,PnLTactics,,Binance Futures,ADA/USDT,Stopped Out,Cross (6.0X),Long,0,1 hr 32 min,-4.4843,100.0,1,0.2676,1,0.2676-0.2676,0.2676,,,,,,,,,,,0.2656
2026-03-25 01:38:29,PnLTactics,,Binance Futures,BNB/USDT,Partial Targets Achieved,Cross (6.0X),Long,2,1 day 4 hr,4.8967,100.0,1,639.21,1,639.21-639.21,639.21,646.24,651.99,,,,,,,,,635.05
2026-03-25 01:36:13,PnLTactics,,Binance Futures,XRP/USDT,Stopped Out,Cross (6.0X),Long,0,1 hr 20 min,-3.6799,100.0,1,1.4185,1,1.419-1.419,1.419,,,,,,,,,,,1.4098
2026-03-25 01:34:13,PnLTactics,,Binance Futures,ARIA/USDT,Stopped Out,Cross (6.0X),Long,0,1 hr 24 min,-17.9952,100.0,1,0.31475,1,0.31475-0.31475,0.31475,,,,,,,,,,,0.30531
2026-03-25 01:32:10,PnLTactics,,Binance Futures,ADA/USDT,Partial Targets Achieved,Cross (5.0X),Long,2,1 day 3 hr,4.9258,100.0,1,0.2673,1,0.2674-0.2674,0.2674,0.2708,0.2736,,,,,,,,,0.2654
2026-03-25 01:30:09,PnLTactics,,Binance Futures,ZEC/USDT,Stopped Out,Cross (6.0X),Long,0,1 hr 27 min,-9.2417,100.0,1,244.11,1,244.38-244.38,244.38,,,,,,,,,,,240.35
2026-03-25 01:28:30,PnLTactics,,Binance Futures,BTC/USDT,Partial Targets Achieved,Cross (6.0X),Long,1,1 day 4 hr,-0.3985,100.0,1,70717.9,1,70718.1-70718.1,70718.1,71496.0,,,,,,,,,,70258.4
2026-03-25 01:26:45,PnLTactics,,Binance Futures,XRP/USDT,Stopped Out,Cross (6.0X),Long,0,1 hr 41 min,-3.8945,100.0,1,1.4174,1,1.4174-1.4174,1.4174,,,,,,,,,,,1.4082
2026-03-25 01:25:13,PnLTactics,,Binance Futures,DOT/USDT,Stopped Out,Cross (6.0X),Long,0,1 hr 47 min,-5.5477,100.0,1,1.406,1,1.406-1.406,1.406,,,,,,,,,,,1.393
2026-03-25 01:24:40,PnLTactics,,Binance Futures,DOT/USDT,Stopped Out,Cross (6.0X),Long,0,1 hr 47 min,-5.5477,100.0,1,1.406,1,1.406-1.406,1.406,,,,,,,,,,,1.393
2026-03-25 01:23:06,PnLTactics,,Binance Futures,BNB/USDT,Partial Targets Achieved,Cross (6.0X),Long,2,1 day 4 hr,4.9015,100.0,1,639.8,1,639.8-639.8,639.8,646.84,652.6,,,,,,,,,635.64
